EmployeeID,Age,AgeGroup,Gender,Department,JobRole,MonthlyIncome,SalaryRange,YearsAtCompany,TenureGroup,YearsInCurrentRole,YearsWithCurrentManager,YearsSinceLastPromotion,Overtime,JobSatisfaction,SatisfactionLabel,WorkLifeBalance,JobLevel,BusinessTravel,DistanceFromHome,Education,EducationField,MaritalStatus,MonthlyRate,DailyRate,HourlyRate,EnvironmentSatisfaction,RelationshipSatisfaction,JobInvolvement,StockOptionLevel,TrainingTimesLastYear,NumCompaniesWorked,PerformanceRating,Attrition,AttritionFlag
EMP10001,43,35-44,Male,Research & Development,Manufacturing Director,5350,4K-7K,7,6-10,2,2,4,No,1.0,Low,3,2,Travel_Frequently,13.0,4,Life Sciences,Married,11524,521,30,1,4,3,2,2,1,2,No,0
EMP10002,23,18-24,Male,Human Resources,Human Resources,5580,4K-7K,5,3-5,2,3,2,No,4.0,High,4,2,Travel_Frequently,4.0,2,Life Sciences,Single,16416,745,60,3,1,2,0,0,2,2,No,0
EMP10003,46,45-54,Male,Sales,Manager,5220,4K-7K,13,11-20,1,7,7,No,1.0,Low,2,1,Travel_Rarely,8.0,3,Life Sciences,Single,21128,306,81,3,2,3,0,0,0,2,No,0
EMP10004,28,25-34,Female,Research & Development,Laboratory Technician,3430,<4K,1,0-2,1,1,1,No,4.0,High,3,2,Travel_Rarely,25.0,4,Medical,Married,4260,874,72,4,2,3,0,3,1,2,Yes,1
EMP10005,33,25-34,Male,Research & Development,Laboratory Technician,4390,4K-7K,4,3-5,2,2,3,No,1.0,Low,3,2,Travel_Rarely,13.0,4,Life Sciences,Married,8120,933,75,3,3,3,1,2,1,2,No,0
EMP10006,39,35-44,Female,Research & Development,Healthcare Representative,4830,4K-7K,6,6-10,4,4,2,No,4.0,High,1,2,Travel_Rarely,19.0,3,Other,Married,5498,687,79,1,3,4,3,2,0,2,Yes,1
EMP10007,55,55+,Male,Research & Development,Research Director,4400,4K-7K,3,3-5,2,1,3,No,2.0,Medium-Low,4,2,Travel_Frequently,12.0,2,Life Sciences,Divorced,21797,663,49,3,3,4,0,3,6,2,No,0
EMP10008,60,55+,Male,Sales,Sales Representative,5640,4K-7K,7,6-10,3,3,1,Yes,3.0,Medium-High,3,1,Travel_Rarely,6.0,4,Other,Single,7478,325,91,1,3,3,1,4,2,2,No,0
EMP10009,42,35-44,Male,Research & Development,Research Director,10930,10K-15K,4,3-5,1,1,2,No,3.0,Medium-High,1,4,Travel_Rarely,6.0,4,Medical,Married,7798,903,72,1,3,3,2,3,2,2,No,0
EMP10010,35,35-44,Male,Sales,Sales Executive,8460,7K-10K,7,6-10,1,5,7,Yes,2.0,Medium-Low,4,3,Travel_Rarely,12.0,2,Other,Married,10097,789,34,2,3,3,3,4,3,2,No,0
EMP10011,42,35-44,Male,Research & Development,Research Director,8840,7K-10K,4,3-5,1,1,1,No,2.0,Medium-Low,4,3,Travel_Rarely,29.0,3,Marketing,Married,18589,205,108,1,4,3,1,1,2,2,Yes,1
EMP10012,45,45-54,Male,Human Resources,Human Resources,3700,<4K,4,3-5,1,0,4,No,1.0,Low,3,1,Travel_Rarely,8.0,2,Other,Divorced,17695,1199,95,4,2,3,2,2,5,2,No,0
EMP10013,34,25-34,Male,Sales,Sales Executive,11370,10K-15K,7,6-10,3,3,1,No,1.0,Low,3,4,Travel_Frequently,10.0,3,Life Sciences,Single,7380,615,41,3,1,3,0,4,1,2,No,0
EMP10014,53,45-54,Male,Research & Development,Research Scientist,8300,7K-10K,10,6-10,3,3,2,Yes,2.0,Medium-Low,4,3,Travel_Rarely,3.0,1,Technical Degree,Married,20193,1047,86,3,2,3,0,3,0,1,No,0
EMP10015,39,35-44,Male,Research & Development,Laboratory Technician,6480,4K-7K,9,6-10,7,7,2,No,3.0,Medium-High,1,3,Travel_Rarely,14.0,3,Other,Married,10939,286,89,3,1,4,0,3,1,2,No,0
EMP10016,41,35-44,Male,Research & Development,Laboratory Technician,4100,4K-7K,6,6-10,3,4,6,Yes,4.0,High,3,1,Travel_Rarely,7.0,3,Life Sciences,Divorced,15164,631,84,4,2,1,1,4,0,2,Yes,1
EMP10017,43,35-44,Female,Research & Development,Laboratory Technician,4490,4K-7K,1,0-2,1,0,1,No,4.0,High,1,2,Travel_Frequently,11.0,3,Life Sciences,Married,12634,374,100,4,2,3,1,3,1,2,No,0
EMP10018,41,35-44,Female,Research & Development,Healthcare Representative,11500,10K-15K,4,3-5,2,1,3,No,1.0,Low,3,4,Travel_Rarely,6.0,4,Life Sciences,Married,18302,638,95,4,1,3,0,5,1,2,No,0
EMP10019,45,45-54,Male,Research & Development,Laboratory Technician,6240,4K-7K,4,3-5,2,4,1,Yes,2.0,Medium-Low,4,2,Non-Travel,18.0,4,Other,Single,16036,747,101,2,3,3,0,2,3,2,No,0
EMP10020,31,25-34,Male,Research & Development,Laboratory Technician,6270,4K-7K,9,6-10,7,3,2,No,4.0,High,3,2,Non-Travel,16.0,3,Marketing,Married,25326,117,102,1,3,2,0,2,3,2,No,0
EMP10021,32,25-34,Male,Research & Development,Research Scientist,11080,10K-15K,6,6-10,5,5,2,No,3.0,Medium-High,3,4,Travel_Rarely,4.0,2,Medical,Married,11953,384,56,3,2,3,0,0,0,2,No,0
EMP10022,27,25-34,Female,Research & Development,Laboratory Technician,5350,4K-7K,7,6-10,0,5,2,Yes,1.0,Low,2,2,Travel_Rarely,3.0,4,Life Sciences,Married,15068,1425,57,3,3,3,3,4,1,2,No,0
EMP10023,41,35-44,Male,Research & Development,Research Scientist,5260,4K-7K,3,3-5,1,1,3,No,3.0,Medium-High,4,2,Travel_Rarely,8.0,2,Life Sciences,Married,14566,1031,66,2,3,3,3,2,1,2,No,0
EMP10024,44,35-44,Male,Research & Development,Research Scientist,6160,4K-7K,13,11-20,1,8,2,Yes,2.0,Medium-Low,2,2,Travel_Rarely,5.0,5,Human Resources,Married,20680,1113,108,1,1,3,0,5,1,2,No,0
EMP10025,41,35-44,Male,Research & Development,Manufacturing Director,10950,10K-15K,7,6-10,4,4,1,No,1.0,Low,1,4,Travel_Rarely,12.0,4,Life Sciences,Single,6928,1004,48,3,4,3,0,3,0,2,Yes,1
EMP10026,52,45-54,Male,Sales,Sales Representative,3860,<4K,3,3-5,2,2,1,No,4.0,High,3,1,Travel_Frequently,15.0,3,Marketing,Single,23533,749,80,3,1,3,2,2,1,3,No,0
EMP10027,37,35-44,Male,Research & Development,Manufacturing Director,5160,4K-7K,3,3-5,1,2,3,No,2.0,Medium-Low,2,2,Non-Travel,29.0,5,Other,Single,22382,951,42,3,3,3,0,1,2,2,No,0
EMP10028,43,35-44,Female,Research & Development,Laboratory Technician,4730,4K-7K,7,6-10,5,5,4,No,4.0,High,1,2,Travel_Rarely,8.0,2,Life Sciences,Divorced,7934,356,74,3,4,4,3,4,0,2,Yes,1
EMP10029,27,25-34,Male,Research & Development,Laboratory Technician,8410,7K-10K,3,3-5,1,2,3,No,4.0,High,4,3,Travel_Rarely,3.0,3,Technical Degree,Divorced,19322,1342,35,3,3,3,0,3,3,2,No,0
EMP10030,33,25-34,Female,Research & Development,Research Director,4390,4K-7K,4,3-5,1,1,4,No,4.0,High,3,2,Travel_Rarely,6.0,4,Life Sciences,Divorced,23634,743,30,2,3,2,1,3,1,2,Yes,1
EMP10031,43,35-44,Male,Research & Development,Manufacturing Director,6190,4K-7K,2,0-2,1,1,2,Yes,2.0,Medium-Low,4,3,Travel_Rarely,2.0,3,Marketing,Divorced,14811,456,54,3,4,3,2,4,7,2,No,0
EMP10032,45,45-54,Male,Research & Development,Manufacturing Director,10930,10K-15K,9,6-10,2,8,3,No,2.0,Medium-Low,3,4,Travel_Rarely,5.0,5,Life Sciences,Single,6555,355,55,4,2,1,0,3,0,2,No,0
EMP10033,34,25-34,Female,Research & Development,Research Scientist,3800,<4K,3,3-5,2,2,3,No,3.0,Medium-High,1,1,Travel_Rarely,11.0,2,Technical Degree,Married,8538,707,42,1,2,3,0,2,2,2,No,0
EMP10034,36,35-44,Male,Sales,Sales Executive,7350,7K-10K,15,11-20,13,12,2,Yes,2.0,Medium-Low,1,2,Non-Travel,9.0,3,Life Sciences,Divorced,26079,1397,48,3,3,3,2,4,9,2,No,0
EMP10035,23,18-24,Female,Human Resources,Human Resources,4510,4K-7K,5,3-5,3,0,3,No,4.0,High,4,1,Travel_Frequently,14.0,3,Medical,Married,8556,433,39,2,4,3,3,4,1,3,No,0
EMP10036,34,25-34,Male,Sales,Sales Executive,2830,<4K,2,0-2,1,1,2,No,1.0,Low,1,1,Travel_Frequently,6.0,4,Marketing,Single,20548,1491,74,1,3,2,1,3,1,3,No,0
EMP10037,45,45-54,Male,Research & Development,Manufacturing Director,5710,4K-7K,9,6-10,6,8,1,No,4.0,High,3,2,Travel_Rarely,2.0,3,Life Sciences,Married,23652,114,100,3,4,3,2,4,3,2,No,0
EMP10038,42,35-44,Female,Research & Development,Manufacturing Director,11810,10K-15K,13,11-20,5,6,13,No,3.0,Medium-High,2,4,Travel_Frequently,28.0,3,Technical Degree,Single,24636,278,44,3,2,2,3,4,3,2,No,0
EMP10039,41,35-44,Male,Sales,Sales Representative,8220,7K-10K,6,6-10,4,5,5,No,4.0,High,3,3,Travel_Rarely,7.0,4,Life Sciences,Single,8121,187,60,3,4,4,0,2,3,2,No,0
EMP10040,37,35-44,Female,Research & Development,Healthcare Representative,4270,4K-7K,14,11-20,5,6,2,No,3.0,Medium-High,2,1,Travel_Rarely,1.0,2,Technical Degree,Married,21257,193,37,1,4,3,0,2,4,2,Yes,1
EMP10041,37,35-44,Male,Research & Development,Research Director,3950,<4K,8,6-10,3,2,2,No,3.0,Medium-High,1,1,Travel_Rarely,10.0,4,Life Sciences,Divorced,3450,944,59,3,3,3,0,6,0,2,No,0
EMP10042,31,25-34,Female,Research & Development,Healthcare Representative,4970,4K-7K,4,3-5,2,2,4,No,4.0,High,3,2,Travel_Frequently,12.0,3,Technical Degree,Married,7105,127,30,2,4,3,0,5,2,3,No,0
EMP10043,43,35-44,Male,Research & Development,Manager,6790,4K-7K,20,11-20,8,3,7,No,1.0,Low,2,2,Travel_Rarely,2.0,4,Life Sciences,Married,7636,796,45,2,2,3,2,3,4,2,No,0
EMP10044,41,35-44,Male,Sales,Sales Executive,4120,4K-7K,2,0-2,1,1,1,No,1.0,Low,3,1,Non-Travel,8.0,4,Medical,Married,3203,174,40,2,4,4,0,4,1,2,No,0
EMP10045,41,35-44,Female,Research & Development,Research Scientist,8260,7K-10K,5,3-5,2,1,3,Yes,3.0,Medium-High,3,3,Travel_Rarely,12.0,3,Life Sciences,Divorced,9052,153,56,4,4,3,0,1,2,2,No,0
EMP10046,32,25-34,Female,Sales,Sales Executive,11230,10K-15K,6,6-10,4,4,3,Yes,3.0,Medium-High,3,4,Non-Travel,18.0,3,Technical Degree,Single,22875,420,69,1,1,3,0,2,2,1,No,0
EMP10047,18,18-24,Female,Research & Development,Manufacturing Director,4230,4K-7K,0,0-2,0,0,0,No,2.0,Medium-Low,2,2,Travel_Rarely,20.0,4,Life Sciences,Married,21408,859,73,2,3,3,0,1,1,2,No,0
EMP10048,47,45-54,Female,Research & Development,Manager,9670,7K-10K,9,6-10,6,5,4,Yes,1.0,Low,3,3,Travel_Rarely,13.0,3,Other,Single,24528,1357,99,2,3,4,0,3,1,3,No,0
EMP10049,33,25-34,Female,Research & Development,Research Scientist,5510,4K-7K,8,6-10,2,7,3,No,1.0,Low,4,2,Travel_Rarely,17.0,5,Other,Married,20439,729,86,3,1,2,0,3,0,2,No,0
EMP10050,29,25-34,Male,Research & Development,Manager,5340,4K-7K,3,3-5,1,2,3,No,4.0,High,3,2,Non-Travel,18.0,3,Life Sciences,Single,4191,1353,77,3,1,3,2,4,1,2,Yes,1
EMP10051,43,35-44,Male,Human Resources,Human Resources,5920,4K-7K,5,3-5,3,4,3,No,3.0,Medium-High,3,2,Travel_Rarely,11.0,2,Marketing,Divorced,16610,431,69,3,1,3,2,3,4,2,No,0
EMP10052,33,25-34,Male,Sales,Manager,3880,<4K,4,3-5,3,3,1,No,4.0,High,4,1,Travel_Rarely,23.0,3,Life Sciences,Single,26216,416,68,3,3,1,2,4,4,2,Yes,1
EMP10053,47,45-54,Male,Sales,Sales Executive,11610,10K-15K,8,6-10,3,7,8,Yes,2.0,Medium-Low,4,4,Travel_Rarely,22.0,5,Life Sciences,Single,14574,200,32,1,3,3,2,4,1,2,No,0
EMP10054,43,35-44,Male,Sales,Sales Executive,6610,4K-7K,12,11-20,10,11,6,Yes,4.0,High,2,2,Travel_Rarely,2.0,3,Technical Degree,Married,12729,347,84,4,4,3,3,6,0,3,Yes,1
EMP10055,43,35-44,Male,Research & Development,Manufacturing Director,6610,4K-7K,23,21+,5,5,7,No,3.0,Medium-High,4,2,Travel_Rarely,11.0,4,Technical Degree,Married,11857,960,30,3,2,2,0,5,1,2,No,0
EMP10056,24,18-24,Male,Sales,Sales Executive,3790,<4K,4,3-5,2,1,4,Yes,3.0,Medium-High,1,1,Travel_Rarely,9.0,4,Marketing,Married,23112,969,52,1,3,3,3,5,0,2,Yes,1
EMP10057,48,45-54,Female,Research & Development,Research Scientist,4420,4K-7K,2,0-2,1,1,2,No,2.0,Medium-Low,4,1,Travel_Rarely,4.0,3,Life Sciences,Single,7690,320,96,3,1,3,1,4,1,2,No,0
EMP10058,39,35-44,Male,Research & Development,Laboratory Technician,3200,<4K,5,3-5,4,1,0,No,1.0,Low,2,1,Travel_Frequently,11.0,2,Life Sciences,Single,23208,1462,91,3,3,3,0,2,3,2,Yes,1
EMP10059,34,25-34,Male,Research & Development,Research Director,5920,4K-7K,11,11-20,5,5,4,No,4.0,High,3,2,Travel_Rarely,21.0,4,Life Sciences,Divorced,21395,247,63,1,4,2,1,3,1,2,No,0
EMP10060,38,35-44,Male,Research & Development,Manufacturing Director,6390,4K-7K,3,3-5,0,2,2,Yes,4.0,High,4,2,Travel_Rarely,6.0,3,Technical Degree,Married,9619,1112,46,4,2,3,0,6,2,2,Yes,1
EMP10061,21,18-24,Female,Research & Development,Laboratory Technician,2840,<4K,3,3-5,1,3,3,No,2.0,Medium-Low,2,1,Travel_Frequently,8.0,4,Medical,Divorced,26819,1419,77,3,2,4,0,4,0,2,Yes,1
EMP10062,41,35-44,Female,Research & Development,Manufacturing Director,5140,4K-7K,8,6-10,2,3,8,No,4.0,High,2,2,Travel_Rarely,12.0,3,Technical Degree,Married,10331,680,82,3,3,2,0,2,3,2,No,0
EMP10063,28,25-34,Female,Sales,Sales Representative,7360,7K-10K,4,3-5,2,3,4,Yes,2.0,Medium-Low,3,2,Non-Travel,13.0,3,Life Sciences,Married,4448,577,90,2,2,2,0,3,1,2,Yes,1
EMP10064,25,25-34,Male,Research & Development,Research Scientist,5170,4K-7K,7,6-10,3,5,3,No,3.0,Medium-High,3,2,Travel_Frequently,13.0,4,Life Sciences,Married,2724,1147,40,2,3,4,2,1,3,2,No,0
EMP10065,23,18-24,Male,Research & Development,Laboratory Technician,5020,4K-7K,3,3-5,1,2,3,No,4.0,High,1,2,Non-Travel,2.0,3,Life Sciences,Married,14451,982,44,4,2,4,0,2,3,2,No,0
EMP10066,47,45-54,Male,Research & Development,Research Scientist,11910,10K-15K,13,11-20,8,11,6,Yes,2.0,Medium-Low,3,4,Travel_Rarely,27.0,3,Life Sciences,Divorced,18487,1309,40,3,2,3,2,3,1,3,No,0
EMP10067,31,25-34,Male,Research & Development,Research Scientist,5060,4K-7K,5,3-5,3,1,5,Yes,2.0,Medium-Low,3,2,Travel_Rarely,14.0,3,Life Sciences,Single,6047,269,36,3,3,2,0,4,0,2,No,0
EMP10068,51,45-54,Male,Sales,Sales Representative,4240,4K-7K,7,6-10,4,1,5,No,3.0,Medium-High,2,2,Travel_Rarely,29.0,3,Human Resources,Married,2062,537,76,3,4,2,0,2,1,2,No,0
EMP10069,32,25-34,Male,Research & Development,Research Scientist,3110,<4K,1,0-2,1,0,1,No,3.0,Medium-High,3,1,Travel_Rarely,14.0,3,Other,Married,4062,1116,37,4,3,2,0,2,0,2,Yes,1
EMP10070,21,18-24,Male,Human Resources,Human Resources,3950,<4K,3,3-5,1,2,2,Yes,1.0,Low,1,1,Travel_Rarely,6.0,4,Medical,Married,21949,400,34,3,1,3,2,1,1,2,No,0
EMP10071,27,25-34,Female,Sales,Sales Representative,5210,4K-7K,9,6-10,4,5,2,Yes,1.0,Low,2,1,Travel_Rarely,10.0,3,Medical,Married,8584,787,95,1,2,3,3,3,1,2,Yes,1
EMP10072,48,45-54,Female,Research & Development,Research Scientist,3980,<4K,4,3-5,2,1,1,Yes,4.0,High,3,2,Travel_Frequently,6.0,3,Life Sciences,Single,25052,1487,92,3,4,1,0,0,1,2,Yes,1
EMP10073,35,35-44,Male,Research & Development,Manufacturing Director,3690,<4K,3,3-5,1,2,2,Yes,2.0,Medium-Low,4,1,Non-Travel,18.0,4,Other,Single,23206,1087,50,3,4,3,3,2,0,4,No,0
EMP10074,32,25-34,Male,Sales,Sales Executive,2790,<4K,2,0-2,1,2,2,Yes,1.0,Low,3,1,Travel_Frequently,14.0,3,Life Sciences,Single,17847,1300,100,4,1,3,2,3,3,3,Yes,1
EMP10075,38,35-44,Male,Sales,Manager,7840,7K-10K,12,11-20,8,5,3,No,4.0,High,1,3,Travel_Rarely,14.0,3,Other,Divorced,16646,243,41,3,4,3,0,0,1,2,No,0
EMP10076,41,35-44,Male,Sales,Sales Executive,3980,<4K,9,6-10,5,5,9,No,2.0,Medium-Low,3,1,Non-Travel,2.0,5,Medical,Divorced,14264,622,40,2,4,3,1,1,3,2,Yes,1
EMP10077,47,45-54,Female,Sales,Sales Representative,5140,4K-7K,9,6-10,3,4,2,No,1.0,Low,4,1,Travel_Frequently,27.0,4,Life Sciences,Single,6833,758,83,1,2,2,2,3,3,2,Yes,1
EMP10078,50,45-54,Male,Research & Development,Manufacturing Director,5410,4K-7K,16,11-20,4,15,7,Yes,4.0,High,3,1,Travel_Rarely,15.0,3,Other,Single,22030,584,39,3,3,4,1,3,3,2,No,0
EMP10079,34,25-34,Female,Research & Development,Research Scientist,7170,7K-10K,5,3-5,1,1,5,No,4.0,High,3,3,Travel_Rarely,1.0,4,Life Sciences,Single,11982,921,45,3,3,3,1,3,6,2,Yes,1
EMP10080,25,25-34,Male,Research & Development,Manufacturing Director,2350,<4K,2,0-2,1,2,2,Yes,1.0,Low,4,1,Travel_Rarely,10.0,2,Marketing,Single,16291,294,44,1,2,3,1,3,1,2,No,0
EMP10081,33,25-34,Female,Sales,Manager,5690,4K-7K,6,6-10,2,2,3,Yes,4.0,High,3,2,Travel_Rarely,15.0,3,Marketing,Married,18513,565,87,3,1,4,0,0,1,2,No,0
EMP10082,39,35-44,Male,Research & Development,Manufacturing Director,5460,4K-7K,17,11-20,13,5,2,No,4.0,High,3,2,Travel_Rarely,10.0,3,Life Sciences,Single,5015,1077,108,4,2,1,0,4,3,2,No,0
EMP10083,28,25-34,Female,Research & Development,Research Director,4420,4K-7K,6,6-10,2,1,6,Yes,3.0,Medium-High,3,2,Travel_Rarely,23.0,3,Medical,Divorced,17825,1199,33,1,4,3,1,2,1,2,No,0
EMP10084,28,25-34,Male,Research & Development,Research Director,6360,4K-7K,10,6-10,3,7,3,No,3.0,Medium-High,2,2,Travel_Frequently,6.0,3,Technical Degree,Married,26053,1283,51,3,4,3,2,2,1,2,No,0
EMP10085,40,35-44,Female,Research & Development,Research Scientist,7270,7K-10K,2,0-2,0,1,2,Yes,2.0,Medium-Low,2,3,Non-Travel,12.0,2,Technical Degree,Single,7290,589,64,1,2,2,2,0,2,2,No,0
EMP10086,36,35-44,Male,Research & Development,Research Scientist,3050,<4K,3,3-5,2,1,3,No,1.0,Low,3,1,Travel_Rarely,5.0,2,Life Sciences,Married,19310,199,43,1,3,3,1,2,3,2,Yes,1
EMP10087,37,35-44,Male,Sales,Sales Representative,3840,<4K,10,6-10,3,7,5,No,3.0,Medium-High,3,1,Non-Travel,7.0,5,Other,Married,3980,215,60,1,3,4,0,4,1,2,No,0
EMP10088,30,25-34,Female,Research & Development,Laboratory Technician,4330,4K-7K,7,6-10,4,2,2,No,4.0,High,2,1,Non-Travel,1.0,3,Life Sciences,Single,7525,479,103,3,3,2,0,3,0,2,No,0
EMP10089,35,35-44,Female,Sales,Sales Representative,4210,4K-7K,5,3-5,2,3,4,No,3.0,Medium-High,1,1,Travel_Frequently,10.0,3,Life Sciences,Married,3819,923,99,4,3,3,3,3,3,2,Yes,1
EMP10090,28,25-34,Female,Research & Development,Manager,4650,4K-7K,10,6-10,6,8,8,Yes,1.0,Low,4,1,Travel_Frequently,7.0,2,Life Sciences,Single,7107,162,40,3,3,3,0,2,3,2,No,0
EMP10091,45,45-54,Female,Research & Development,Laboratory Technician,3310,<4K,10,6-10,7,4,1,Yes,2.0,Medium-Low,4,1,Travel_Rarely,14.0,2,Life Sciences,Single,14736,231,65,2,1,3,1,3,1,3,No,0
EMP10092,46,45-54,Female,Sales,Sales Executive,5590,4K-7K,7,6-10,2,3,7,No,3.0,Medium-High,3,2,Travel_Rarely,16.0,4,Life Sciences,Single,13480,1371,103,1,2,3,0,1,2,2,No,0
EMP10093,20,18-24,Male,Sales,Sales Representative,4480,4K-7K,1,0-2,1,1,1,No,3.0,Medium-High,3,2,Travel_Frequently,2.0,3,Other,Divorced,6783,494,109,3,3,2,0,3,4,2,Yes,1
EMP10094,28,25-34,Male,Research & Development,Research Scientist,4930,4K-7K,6,6-10,2,5,6,No,1.0,Low,1,2,Non-Travel,5.0,3,Life Sciences,Married,4895,742,53,1,3,2,0,2,3,2,No,0
EMP10095,23,18-24,Male,Sales,Sales Representative,5830,4K-7K,5,3-5,4,3,5,No,3.0,Medium-High,3,2,Travel_Rarely,9.0,3,Life Sciences,Married,20140,1075,69,4,3,4,2,1,3,2,Yes,1
EMP10096,31,25-34,Female,Research & Development,Laboratory Technician,2620,<4K,1,0-2,1,0,1,Yes,4.0,High,3,1,Travel_Rarely,23.0,4,Life Sciences,Divorced,20711,1013,71,2,3,3,1,4,2,3,No,0
EMP10097,36,35-44,Male,Research & Development,Healthcare Representative,4030,4K-7K,8,6-10,2,3,7,No,1.0,Low,3,1,Travel_Frequently,6.0,2,Technical Degree,Single,12320,769,50,2,3,3,1,1,7,2,No,0
EMP10098,24,18-24,Male,Research & Development,Research Scientist,4690,4K-7K,6,6-10,3,4,4,Yes,2.0,Medium-Low,3,2,Travel_Rarely,1.0,2,Other,Divorced,21580,827,80,2,3,3,3,4,2,2,No,0
EMP10099,29,25-34,Male,Research & Development,Manufacturing Director,4280,4K-7K,6,6-10,2,4,2,Yes,2.0,Medium-Low,3,1,Travel_Rarely,20.0,3,Life Sciences,Married,5653,1449,84,3,4,3,0,4,0,3,No,0
EMP10100,28,25-34,Female,Research & Development,Laboratory Technician,2620,<4K,3,3-5,2,1,2,No,4.0,High,2,1,Travel_Rarely,13.0,3,Life Sciences,Married,17949,645,33,2,2,3,0,2,1,2,No,0
EMP10101,39,35-44,Male,Research & Development,Manufacturing Director,5660,4K-7K,1,0-2,0,1,1,Yes,3.0,Medium-High,1,2,Travel_Rarely,13.0,3,Life Sciences,Divorced,13353,474,91,2,4,3,0,4,1,2,No,0
EMP10102,38,35-44,Male,Research & Development,Research Scientist,11850,10K-15K,8,6-10,5,5,6,No,3.0,Medium-High,4,4,Travel_Frequently,20.0,4,Life Sciences,Married,12619,943,54,3,2,1,0,2,2,2,No,0
EMP10103,30,25-34,Male,Research & Development,Healthcare Representative,3840,<4K,1,0-2,1,0,1,Yes,4.0,High,1,2,Travel_Rarely,11.0,4,Life Sciences,Divorced,15147,397,99,3,3,4,2,2,1,2,No,0
EMP10104,39,35-44,Male,Research & Development,Research Director,5570,4K-7K,9,6-10,6,5,3,Yes,2.0,Medium-Low,2,1,Travel_Rarely,24.0,4,Medical,Divorced,8254,1402,43,4,3,3,2,1,1,2,Yes,1
EMP10105,32,25-34,Male,Sales,Sales Executive,9840,7K-10K,14,11-20,1,9,7,Yes,1.0,Low,3,3,Travel_Rarely,15.0,3,Life Sciences,Single,6259,1095,70,2,2,4,1,3,3,1,No,0
EMP10106,34,25-34,Female,Research & Development,Research Scientist,5410,4K-7K,3,3-5,2,2,3,No,3.0,Medium-High,2,2,Travel_Rarely,14.0,2,Medical,Single,2414,395,86,1,4,3,1,1,6,2,No,0
EMP10107,52,45-54,Female,Research & Development,Research Scientist,5330,4K-7K,5,3-5,2,3,1,No,3.0,Medium-High,3,2,Travel_Rarely,4.0,3,Life Sciences,Single,8337,214,67,3,2,3,3,2,0,3,No,0
EMP10108,49,45-54,Female,Sales,Sales Representative,9390,7K-10K,17,11-20,4,10,1,Yes,2.0,Medium-Low,3,3,Travel_Rarely,3.0,5,Other,Single,10146,592,91,1,3,3,1,3,1,2,Yes,1
EMP10109,25,25-34,Male,Research & Development,Manufacturing Director,5070,4K-7K,6,6-10,2,2,1,Yes,1.0,Low,2,2,Travel_Rarely,22.0,3,Other,Married,15787,1180,70,3,4,3,0,3,0,2,No,0
EMP10110,44,35-44,Female,Research & Development,Manufacturing Director,4560,4K-7K,4,3-5,2,2,3,Yes,3.0,Medium-High,1,1,Non-Travel,3.0,4,Marketing,Single,17020,978,74,1,1,3,2,5,1,2,No,0
EMP10111,44,35-44,Male,Research & Development,Research Scientist,3890,<4K,11,11-20,6,1,1,Yes,4.0,High,1,2,Travel_Frequently,28.0,1,Life Sciences,Single,12260,1265,109,4,4,3,2,4,1,2,Yes,1
EMP10112,26,25-34,Male,Research & Development,Laboratory Technician,4520,4K-7K,4,3-5,2,0,3,No,1.0,Low,3,2,Travel_Frequently,18.0,3,Life Sciences,Married,21254,818,45,2,3,3,1,4,2,2,No,0
EMP10113,44,35-44,Female,Sales,Sales Representative,4350,4K-7K,3,3-5,2,0,2,No,3.0,Medium-High,4,2,Travel_Rarely,7.0,2,Medical,Divorced,8252,751,48,3,4,3,0,3,2,2,No,0
EMP10114,51,45-54,Male,Sales,Sales Executive,6050,4K-7K,9,6-10,5,6,1,No,4.0,High,1,2,Travel_Rarely,6.0,3,Technical Degree,Single,2398,718,66,4,3,3,0,2,1,2,No,0
EMP10115,27,25-34,Male,Research & Development,Manager,10590,10K-15K,9,6-10,7,5,1,Yes,1.0,Low,3,4,Travel_Rarely,7.0,5,Medical,Single,22354,508,108,4,3,3,1,3,1,2,No,0
EMP10116,29,25-34,Female,Sales,Sales Executive,8460,7K-10K,3,3-5,1,2,3,Yes,3.0,Medium-High,3,3,Travel_Rarely,4.0,5,Other,Single,10320,1201,90,3,2,3,0,2,1,2,No,0
EMP10117,46,45-54,Male,Sales,Sales Representative,8130,7K-10K,7,6-10,5,1,3,No,3.0,Medium-High,2,3,Travel_Rarely,16.0,3,Other,Divorced,24954,1125,55,4,3,1,1,2,2,2,No,0
EMP10118,39,35-44,Female,Research & Development,Laboratory Technician,7340,7K-10K,5,3-5,1,2,2,No,2.0,Medium-Low,3,3,Non-Travel,15.0,3,Life Sciences,Married,19434,885,108,3,1,4,0,3,2,2,No,0
EMP10119,42,35-44,Male,Sales,Sales Executive,9750,7K-10K,6,6-10,2,3,2,No,4.0,High,3,4,Travel_Frequently,9.0,5,Marketing,Divorced,4952,134,93,1,3,3,1,2,2,2,No,0
EMP10120,40,35-44,Female,Research & Development,Healthcare Representative,4010,4K-7K,3,3-5,1,2,3,No,4.0,High,3,1,Travel_Rarely,3.0,4,Life Sciences,Divorced,18727,494,42,4,1,3,0,2,0,1,No,0
EMP10121,40,35-44,Male,Sales,Sales Representative,4380,4K-7K,9,6-10,7,4,3,No,4.0,High,4,1,Travel_Frequently,27.0,2,Life Sciences,Divorced,11616,1341,63,3,2,2,3,4,0,2,No,0
EMP10122,25,25-34,Male,Sales,Manager,4530,4K-7K,7,6-10,2,2,7,Yes,2.0,Medium-Low,2,2,Travel_Rarely,4.0,3,Medical,Single,2603,1190,52,1,1,3,0,1,0,2,Yes,1
EMP10123,46,45-54,Female,Research & Development,Research Scientist,7250,7K-10K,3,3-5,1,2,3,No,4.0,High,2,3,Travel_Rarely,8.0,3,Life Sciences,Married,15606,1192,49,4,4,1,1,1,6,2,No,0
EMP10124,48,45-54,Male,Research & Development,Research Scientist,5780,4K-7K,9,6-10,0,8,9,No,3.0,Medium-High,3,2,Travel_Rarely,6.0,3,Other,Divorced,11782,1347,83,3,3,3,0,5,1,2,No,0
EMP10125,35,35-44,Male,Research & Development,Healthcare Representative,7030,7K-10K,11,11-20,5,4,6,No,2.0,Medium-Low,1,2,Travel_Rarely,4.0,3,Life Sciences,Single,9036,460,102,4,3,2,0,2,6,2,No,0
EMP10126,37,35-44,Male,Research & Development,Manufacturing Director,3830,<4K,7,6-10,3,0,5,No,1.0,Low,2,1,Travel_Frequently,2.0,3,Medical,Married,6828,557,87,4,4,3,2,5,2,3,Yes,1
EMP10127,23,18-24,Male,Sales,Sales Executive,3190,<4K,5,3-5,0,3,1,No,4.0,High,4,1,Travel_Frequently,3.0,3,Marketing,Married,24316,393,88,2,3,3,0,1,0,2,Yes,1
EMP10128,42,35-44,Male,Sales,Sales Executive,4950,4K-7K,4,3-5,2,1,1,No,3.0,Medium-High,3,2,Travel_Frequently,6.0,2,Technical Degree,Married,22635,1449,49,2,1,3,1,3,2,2,No,0
EMP10129,42,35-44,Male,Research & Development,Research Scientist,3580,<4K,14,11-20,9,7,1,No,4.0,High,3,1,Travel_Rarely,10.0,3,Life Sciences,Divorced,8583,1326,68,3,3,2,0,4,1,2,Yes,1
EMP10130,36,35-44,Female,Research & Development,Manager,4860,4K-7K,12,11-20,5,7,3,No,1.0,Low,2,1,Travel_Rarely,22.0,4,Other,Married,4148,692,107,3,4,2,1,2,6,2,Yes,1
EMP10131,47,45-54,Male,Research & Development,Research Scientist,4790,4K-7K,13,11-20,2,2,6,No,4.0,High,2,1,Travel_Rarely,6.0,4,Marketing,Married,8044,1054,61,1,2,2,2,5,1,2,No,0
EMP10132,34,25-34,Male,Research & Development,Laboratory Technician,3570,<4K,2,0-2,1,1,2,Yes,1.0,Low,2,1,Travel_Frequently,6.0,3,Medical,Married,19131,396,70,1,3,3,3,2,0,2,Yes,1
EMP10133,42,35-44,Male,Research & Development,Research Scientist,5490,4K-7K,8,6-10,4,4,2,No,1.0,Low,4,2,Travel_Rarely,3.0,5,Life Sciences,Married,5356,1045,98,1,3,2,1,4,2,2,No,0
EMP10134,28,25-34,Male,Research & Development,Laboratory Technician,3410,<4K,4,3-5,2,3,4,No,4.0,High,4,1,Travel_Rarely,6.0,4,Medical,Divorced,7188,360,97,3,2,2,2,2,1,2,Yes,1
EMP10135,37,35-44,Female,Sales,Sales Executive,6570,4K-7K,15,11-20,10,11,2,No,1.0,Low,3,2,Travel_Rarely,9.0,3,Human Resources,Divorced,24282,888,50,1,4,3,2,5,3,2,Yes,1
EMP10136,35,35-44,Male,Research & Development,Manufacturing Director,3970,<4K,3,3-5,1,2,3,No,3.0,Medium-High,1,1,Travel_Frequently,7.0,2,Marketing,Divorced,2385,1255,53,2,2,3,0,3,3,3,No,0
EMP10137,39,35-44,Female,Research & Development,Research Scientist,7350,7K-10K,7,6-10,3,4,1,No,4.0,High,3,3,Travel_Rarely,6.0,4,Other,Married,17811,1448,45,3,1,3,2,6,1,2,No,0
EMP10138,34,25-34,Male,Sales,Sales Representative,4390,4K-7K,1,0-2,1,0,1,Yes,4.0,High,4,1,Travel_Rarely,12.0,4,Medical,Married,6233,1191,61,1,4,4,1,4,1,3,No,0
EMP10139,36,35-44,Female,Research & Development,Research Scientist,5710,4K-7K,7,6-10,4,3,4,No,3.0,Medium-High,4,2,Travel_Rarely,15.0,5,Life Sciences,Single,8246,1249,55,2,3,3,0,4,3,2,No,0
EMP10140,44,35-44,Male,Human Resources,Human Resources,6390,4K-7K,2,0-2,1,2,0,Yes,3.0,Medium-High,3,2,Travel_Frequently,14.0,4,Life Sciences,Single,3735,501,32,4,2,3,3,1,4,2,No,0
EMP10141,33,25-34,Female,Human Resources,Manager,3090,<4K,8,6-10,5,4,2,No,3.0,Medium-High,3,1,Travel_Rarely,8.0,3,Life Sciences,Single,20941,926,36,3,2,3,0,3,2,2,Yes,1
EMP10142,22,18-24,Male,Research & Development,Healthcare Representative,7290,7K-10K,4,3-5,0,3,4,No,1.0,Low,3,3,Travel_Rarely,17.0,3,Technical Degree,Married,15686,435,45,2,4,3,1,2,2,2,No,0
EMP10143,53,45-54,Male,Research & Development,Manufacturing Director,4690,4K-7K,5,3-5,4,4,1,No,2.0,Medium-Low,1,2,Travel_Rarely,8.0,2,Human Resources,Single,6822,1061,82,4,2,3,1,3,2,2,No,0
EMP10144,49,45-54,Male,Research & Development,Laboratory Technician,5910,4K-7K,15,11-20,13,4,3,No,2.0,Medium-Low,3,2,Travel_Frequently,18.0,3,Life Sciences,Single,3178,128,33,2,3,4,1,3,2,2,Yes,1
EMP10145,25,25-34,Male,Research & Development,Laboratory Technician,3610,<4K,7,6-10,5,3,1,No,2.0,Medium-Low,3,1,Travel_Frequently,27.0,3,Medical,Single,16422,903,74,3,2,3,1,2,1,2,No,0
EMP10146,43,35-44,Female,Research & Development,Healthcare Representative,11340,10K-15K,2,0-2,1,1,2,No,2.0,Medium-Low,3,4,Travel_Frequently,11.0,4,Medical,Married,2879,943,61,2,4,3,0,3,9,2,Yes,1
EMP10147,32,25-34,Male,Research & Development,Manager,6640,4K-7K,5,3-5,2,4,4,No,2.0,Medium-Low,3,3,Non-Travel,23.0,3,Medical,Single,19889,144,107,3,3,3,0,3,2,2,No,0
EMP10148,39,35-44,Male,Research & Development,Healthcare Representative,5870,4K-7K,10,6-10,2,5,4,Yes,2.0,Medium-Low,3,1,Travel_Rarely,11.0,4,Life Sciences,Married,23712,1224,87,2,3,3,0,1,0,3,Yes,1
EMP10149,40,35-44,Female,Research & Development,Manufacturing Director,4020,4K-7K,8,6-10,6,4,4,No,2.0,Medium-Low,3,1,Travel_Frequently,23.0,3,Life Sciences,Married,19390,1349,42,2,3,3,0,4,1,2,No,0
EMP10150,35,35-44,Male,Research & Development,Healthcare Representative,8450,7K-10K,10,6-10,3,6,4,Yes,3.0,Medium-High,1,3,Travel_Frequently,16.0,3,Life Sciences,Married,7297,518,51,3,4,2,2,3,1,2,Yes,1
EMP10151,30,25-34,Female,Sales,Sales Executive,5290,4K-7K,6,6-10,1,6,3,No,1.0,Low,4,2,Travel_Rarely,7.0,2,Life Sciences,Divorced,5657,715,73,3,4,4,2,4,0,2,No,0
EMP10152,31,25-34,Female,Research & Development,Research Scientist,8400,7K-10K,12,11-20,10,11,6,No,4.0,High,3,3,Non-Travel,17.0,3,Life Sciences,Single,23493,361,73,3,3,3,1,3,2,3,No,0
EMP10153,29,25-34,Male,Research & Development,Manufacturing Director,5290,4K-7K,7,6-10,1,3,1,Yes,4.0,High,3,2,Travel_Rarely,2.0,4,Life Sciences,Divorced,12497,864,59,3,4,3,0,0,0,2,Yes,1
EMP10154,29,25-34,Female,Research & Development,Manager,6350,4K-7K,8,6-10,2,7,8,No,2.0,Medium-Low,2,2,Travel_Rarely,8.0,4,Marketing,Married,18656,391,52,3,2,4,1,2,1,2,No,0
EMP10155,36,35-44,Male,Human Resources,Human Resources,4900,4K-7K,2,0-2,1,1,2,No,1.0,Low,4,2,Travel_Rarely,10.0,5,Life Sciences,Single,4895,1335,41,4,2,4,0,5,1,2,No,0
EMP10156,30,25-34,Male,Research & Development,Healthcare Representative,4680,4K-7K,6,6-10,2,4,1,No,4.0,High,3,1,Non-Travel,8.0,3,Other,Single,5095,1359,43,3,4,3,2,4,1,2,No,0
EMP10157,43,35-44,Male,Sales,Sales Executive,5820,4K-7K,10,6-10,7,10,8,No,4.0,High,3,2,Travel_Rarely,3.0,3,Life Sciences,Divorced,19990,633,65,1,3,3,0,1,1,2,No,0
EMP10158,50,45-54,Male,Sales,Sales Executive,11810,10K-15K,7,6-10,2,1,3,Yes,1.0,Low,4,4,Travel_Frequently,10.0,3,Life Sciences,Married,4447,1192,74,4,4,3,1,3,1,2,No,0
EMP10159,32,25-34,Female,Research & Development,Research Scientist,3790,<4K,6,6-10,2,2,2,Yes,1.0,Low,4,1,Travel_Rarely,8.0,3,Life Sciences,Single,8496,1369,101,4,1,3,1,2,0,2,Yes,1
EMP10160,39,35-44,Female,Sales,Sales Executive,5520,4K-7K,8,6-10,1,6,1,No,1.0,Low,3,2,Travel_Rarely,4.0,4,Life Sciences,Divorced,3324,674,53,4,3,2,3,0,5,2,No,0
EMP10161,41,35-44,Male,Research & Development,Healthcare Representative,6030,4K-7K,7,6-10,4,3,2,No,3.0,Medium-High,1,2,Travel_Rarely,28.0,4,Other,Married,12249,336,32,3,3,4,0,5,3,4,No,0
EMP10162,41,35-44,Male,Research & Development,Laboratory Technician,6410,4K-7K,6,6-10,5,4,6,No,4.0,High,4,2,Travel_Rarely,6.0,4,Life Sciences,Married,22286,1454,107,3,4,3,0,3,1,2,No,0
EMP10163,38,35-44,Female,Research & Development,Healthcare Representative,7890,7K-10K,10,6-10,6,3,2,No,4.0,High,4,3,Non-Travel,7.0,3,Other,Divorced,25594,462,80,4,1,3,3,3,2,2,No,0
EMP10164,44,35-44,Male,Research & Development,Research Director,8580,7K-10K,5,3-5,4,2,5,Yes,3.0,Medium-High,1,3,Travel_Rarely,12.0,4,Other,Married,21506,630,104,1,4,3,0,1,5,2,Yes,1
EMP10165,41,35-44,Male,Research & Development,Manager,2940,<4K,2,0-2,0,1,2,No,4.0,High,3,1,Travel_Rarely,7.0,2,Marketing,Single,23250,842,84,4,2,3,2,1,0,2,Yes,1
EMP10166,26,25-34,Male,Sales,Sales Executive,15530,15K+,8,6-10,4,5,1,No,2.0,Medium-Low,3,5,Travel_Frequently,9.0,4,Marketing,Married,20113,564,67,2,3,4,2,1,1,2,No,0
EMP10167,45,45-54,Female,Research & Development,Laboratory Technician,8620,7K-10K,4,3-5,2,1,2,Yes,3.0,Medium-High,1,3,Travel_Rarely,16.0,3,Technical Degree,Divorced,7354,1352,49,1,3,3,0,5,1,2,No,0
EMP10168,45,45-54,Male,Research & Development,Research Scientist,7860,7K-10K,2,0-2,1,1,2,No,2.0,Medium-Low,1,3,Non-Travel,2.0,3,Life Sciences,Single,22969,481,31,2,3,3,0,0,1,3,Yes,1
EMP10169,30,25-34,Female,Research & Development,Manager,6060,4K-7K,9,6-10,9,4,4,Yes,2.0,Medium-Low,3,2,Travel_Frequently,23.0,3,Technical Degree,Single,21106,226,55,3,3,3,0,5,4,2,No,0
EMP10170,37,35-44,Female,Research & Development,Manager,8430,7K-10K,16,11-20,3,10,10,No,2.0,Medium-Low,4,3,Non-Travel,7.0,5,Life Sciences,Single,23060,757,31,1,4,4,2,1,1,2,No,0
EMP10171,43,35-44,Male,Sales,Sales Executive,4140,4K-7K,9,6-10,5,5,3,No,3.0,Medium-High,1,1,Travel_Frequently,3.0,2,Life Sciences,Single,4894,1237,96,1,2,3,2,1,5,2,No,0
EMP10172,35,35-44,Male,Research & Development,Research Director,5280,4K-7K,13,11-20,10,7,6,No,4.0,High,4,1,Travel_Rarely,8.0,3,Medical,Single,26032,342,103,3,3,4,2,3,1,2,No,0
EMP10173,47,45-54,Female,Research & Development,Manufacturing Director,7370,7K-10K,3,3-5,0,1,3,No,3.0,Medium-High,4,3,Travel_Rarely,9.0,4,Marketing,Divorced,18128,1268,71,3,2,2,1,2,1,2,No,0
EMP10174,58,55+,Male,Research & Development,Manufacturing Director,3550,<4K,2,0-2,0,0,2,Yes,1.0,Low,4,1,Non-Travel,2.0,3,Other,Divorced,16795,652,69,4,4,2,0,3,1,1,No,0
EMP10175,30,25-34,Female,Research & Development,Research Scientist,3610,<4K,5,3-5,4,2,1,Yes,1.0,Low,2,1,Travel_Rarely,15.0,2,Life Sciences,Single,3961,538,38,2,3,2,0,2,1,2,Yes,1
EMP10176,24,18-24,Female,Research & Development,Healthcare Representative,8990,7K-10K,6,6-10,5,4,3,No,2.0,Medium-Low,3,3,Travel_Rarely,3.0,3,Human Resources,Married,24952,1461,31,2,3,2,3,2,2,2,Yes,1
EMP10177,40,35-44,Female,Sales,Sales Executive,8500,7K-10K,8,6-10,1,3,3,No,2.0,Medium-Low,2,3,Travel_Rarely,12.0,3,Life Sciences,Married,14616,507,57,1,3,2,2,2,0,2,No,0
EMP10178,43,35-44,Female,Research & Development,Research Director,4300,4K-7K,9,6-10,6,8,8,Yes,3.0,Medium-High,4,1,Non-Travel,12.0,4,Life Sciences,Single,6862,688,32,3,3,2,0,4,3,2,Yes,1
EMP10179,35,35-44,Female,Sales,Sales Representative,6810,4K-7K,6,6-10,2,4,6,Yes,1.0,Low,3,3,Travel_Frequently,8.0,4,Life Sciences,Single,21059,1291,45,2,2,4,0,4,0,3,No,0
EMP10180,50,45-54,Female,Research & Development,Healthcare Representative,6390,4K-7K,5,3-5,1,3,5,No,4.0,High,1,2,Travel_Frequently,6.0,3,Life Sciences,Single,20323,895,33,2,4,3,2,3,1,3,No,0
EMP10181,25,25-34,Male,Research & Development,Research Scientist,4740,4K-7K,7,6-10,5,4,2,No,4.0,High,2,2,Travel_Rarely,18.0,5,Life Sciences,Married,18397,1290,52,3,3,3,0,4,0,2,No,0
EMP10182,43,35-44,Male,Research & Development,Laboratory Technician,7210,7K-10K,5,3-5,1,1,2,No,2.0,Medium-Low,3,3,Travel_Rarely,7.0,3,Medical,Single,17225,1288,106,4,3,3,1,3,1,2,No,0
EMP10183,31,25-34,Male,Sales,Sales Executive,5730,4K-7K,4,3-5,1,1,2,No,3.0,Medium-High,4,2,Travel_Rarely,9.0,2,Human Resources,Single,15014,741,35,1,3,2,0,3,2,2,No,0
EMP10184,53,45-54,Female,Sales,Sales Executive,5270,4K-7K,8,6-10,4,4,3,Yes,1.0,Low,3,1,Travel_Rarely,6.0,3,Medical,Single,19129,1385,103,3,4,3,0,3,3,2,Yes,1
EMP10185,55,55+,Male,Research & Development,Research Scientist,1900,<4K,5,3-5,3,3,1,No,3.0,Medium-High,3,1,Travel_Frequently,6.0,3,Medical,Divorced,26546,663,84,1,1,2,0,2,3,2,No,0
EMP10186,30,25-34,Female,Sales,Manager,4800,4K-7K,7,6-10,6,5,1,No,4.0,High,1,2,Travel_Rarely,5.0,2,Other,Married,16515,1384,37,2,1,2,0,2,0,2,No,0
EMP10187,32,25-34,Male,Sales,Sales Representative,5410,4K-7K,1,0-2,0,1,1,No,3.0,Medium-High,4,2,Travel_Rarely,9.0,5,Technical Degree,Married,12202,1298,102,2,2,4,0,3,2,2,Yes,1
EMP10188,45,45-54,Female,Research & Development,Laboratory Technician,7640,7K-10K,7,6-10,2,3,4,No,1.0,Low,3,3,Travel_Rarely,9.0,4,Medical,Divorced,16640,910,93,3,3,3,0,4,2,3,Yes,1
EMP10189,33,25-34,Male,Research & Development,Laboratory Technician,7220,7K-10K,5,3-5,2,0,2,Yes,4.0,High,4,3,Travel_Rarely,6.0,3,Life Sciences,Single,6570,1219,96,3,2,4,0,4,2,2,No,0
EMP10190,36,35-44,Female,Research & Development,Laboratory Technician,5190,4K-7K,14,11-20,5,3,1,Yes,3.0,Medium-High,3,2,Travel_Frequently,6.0,3,Other,Married,9709,1480,70,4,3,3,0,4,1,2,No,0
EMP10191,37,35-44,Male,Research & Development,Manufacturing Director,7030,7K-10K,2,0-2,1,1,2,Yes,3.0,Medium-High,3,3,Travel_Rarely,21.0,4,Marketing,Single,4946,469,69,4,1,2,0,1,1,2,No,0
EMP10192,19,18-24,Male,Sales,Sales Executive,3450,<4K,1,0-2,0,0,1,No,3.0,Medium-High,3,1,Travel_Rarely,10.0,5,Life Sciences,Single,14811,1006,56,3,4,3,0,4,1,2,No,0
EMP10193,37,35-44,Male,Sales,Manager,4410,4K-7K,10,6-10,2,1,1,No,1.0,Low,1,1,Travel_Rarely,19.0,4,Life Sciences,Divorced,5182,1265,68,2,3,3,1,2,1,2,Yes,1
EMP10194,31,25-34,Female,Research & Development,Manufacturing Director,8710,7K-10K,5,3-5,3,4,5,Yes,3.0,Medium-High,2,3,Non-Travel,11.0,3,Human Resources,Married,21870,869,82,4,2,4,3,3,0,2,Yes,1
EMP10195,32,25-34,Male,Research & Development,Manager,3080,<4K,5,3-5,1,3,2,No,3.0,Medium-High,1,1,Travel_Rarely,5.0,4,Life Sciences,Single,8564,1290,69,4,2,2,0,4,0,2,Yes,1
EMP10196,50,45-54,Male,Research & Development,Research Director,5050,4K-7K,10,6-10,6,5,4,No,4.0,High,3,1,Travel_Frequently,10.0,3,Other,Single,22890,1442,81,4,4,3,0,1,3,1,No,0
EMP10197,25,25-34,Female,Sales,Sales Executive,6980,4K-7K,7,6-10,1,2,7,Yes,1.0,Low,3,2,Travel_Rarely,12.0,3,Life Sciences,Married,22462,757,66,1,3,3,0,3,4,3,No,0
EMP10198,44,35-44,Female,Sales,Manager,5290,4K-7K,9,6-10,7,5,5,No,2.0,Medium-Low,2,2,Travel_Rarely,4.0,2,Human Resources,Married,3907,1092,96,3,4,2,2,3,1,2,No,0
EMP10199,34,25-34,Female,Sales,Sales Executive,7250,7K-10K,4,3-5,1,2,1,No,4.0,High,3,3,Travel_Rarely,3.0,2,Life Sciences,Single,5991,1458,48,4,2,3,0,4,1,2,No,0
EMP10200,34,25-34,Male,Sales,Sales Representative,4620,4K-7K,4,3-5,3,3,4,Yes,2.0,Medium-Low,3,1,Travel_Rarely,8.0,3,Medical,Married,20031,1088,63,3,4,2,0,2,1,2,Yes,1
EMP10201,44,35-44,Male,Research & Development,Laboratory Technician,3670,<4K,7,6-10,5,3,2,No,4.0,High,3,1,Travel_Frequently,3.0,3,Other,Divorced,23160,1268,107,3,3,3,3,3,5,2,No,0
EMP10202,40,35-44,Female,Research & Development,Research Director,4790,4K-7K,11,11-20,3,4,5,No,1.0,Low,1,1,Travel_Rarely,11.0,2,Medical,Single,4663,1177,95,3,1,3,0,3,2,2,Yes,1
EMP10203,42,35-44,Male,Research & Development,Research Director,5210,4K-7K,2,0-2,1,2,2,Yes,1.0,Low,3,2,Travel_Rarely,3.0,4,Marketing,Divorced,10127,221,39,3,3,2,3,2,1,2,No,0
EMP10204,46,45-54,Female,Sales,Sales Representative,3990,<4K,6,6-10,4,4,4,No,2.0,Medium-Low,2,1,Travel_Rarely,9.0,2,Life Sciences,Single,3882,1247,81,4,3,2,2,2,6,2,Yes,1
EMP10205,34,25-34,Male,Research & Development,Research Director,4500,4K-7K,4,3-5,1,2,1,Yes,4.0,High,2,2,Travel_Rarely,6.0,3,Life Sciences,Married,18712,266,71,4,1,4,2,2,3,2,No,0
EMP10206,31,25-34,Male,Research & Development,Laboratory Technician,7170,7K-10K,6,6-10,4,3,0,No,1.0,Low,3,3,Travel_Frequently,4.0,3,Life Sciences,Divorced,6367,1043,89,4,4,3,1,3,3,2,No,0
EMP10207,27,25-34,Male,Research & Development,Research Scientist,10940,10K-15K,9,6-10,4,5,7,No,2.0,Medium-Low,1,4,Non-Travel,17.0,5,Technical Degree,Married,14462,933,31,4,3,3,0,5,1,2,Yes,1
EMP10208,29,25-34,Male,Sales,Sales Executive,4580,4K-7K,3,3-5,0,1,3,No,1.0,Low,4,1,Travel_Rarely,13.0,3,Life Sciences,Single,12397,121,30,3,1,3,2,3,3,2,No,0
EMP10209,60,55+,Male,Research & Development,Research Scientist,5040,4K-7K,9,6-10,2,4,2,No,2.0,Medium-Low,4,2,Travel_Rarely,16.0,2,Life Sciences,Divorced,23101,1399,79,1,4,1,0,3,1,3,No,0
EMP10210,48,45-54,Male,Research & Development,Healthcare Representative,4340,4K-7K,5,3-5,2,2,0,No,3.0,Medium-High,3,2,Travel_Rarely,22.0,3,Medical,Single,14428,507,65,1,3,1,1,3,1,3,No,0
EMP10211,25,25-34,Female,Research & Development,Laboratory Technician,10590,10K-15K,7,6-10,2,1,1,No,2.0,Medium-Low,2,4,Travel_Rarely,14.0,4,Technical Degree,Married,7600,581,51,4,3,2,0,2,3,2,No,0
EMP10212,25,25-34,Male,Sales,Manager,15750,15K+,3,3-5,1,2,2,No,2.0,Medium-Low,3,5,Travel_Frequently,6.0,5,Technical Degree,Married,20550,398,65,2,3,3,0,3,3,2,Yes,1
EMP10213,41,35-44,Female,Sales,Sales Representative,4550,4K-7K,11,11-20,3,1,6,No,3.0,Medium-High,3,1,Travel_Rarely,5.0,3,Life Sciences,Married,2381,376,32,2,3,3,1,4,3,2,Yes,1
EMP10214,42,35-44,Female,Research & Development,Research Director,2950,<4K,2,0-2,1,1,0,No,4.0,High,2,2,Travel_Rarely,5.0,3,Life Sciences,Married,13784,915,73,3,3,2,1,3,0,2,No,0
EMP10215,42,35-44,Male,Sales,Sales Executive,3290,<4K,7,6-10,4,3,7,No,1.0,Low,2,1,Travel_Rarely,21.0,4,Other,Married,17024,421,45,2,2,2,0,3,1,2,No,0
EMP10216,35,35-44,Male,Research & Development,Research Director,3540,<4K,9,6-10,3,6,7,No,3.0,Medium-High,1,1,Travel_Rarely,4.0,2,Life Sciences,Single,11625,214,40,3,3,3,1,2,1,2,No,0
EMP10217,36,35-44,Female,Research & Development,Manager,3460,<4K,3,3-5,1,0,3,Yes,2.0,Medium-Low,1,1,Travel_Rarely,3.0,3,Other,Married,22528,371,39,3,3,3,2,1,3,2,No,0
EMP10218,40,35-44,Female,Sales,Sales Executive,5430,4K-7K,1,0-2,0,1,1,No,2.0,Medium-Low,3,2,Travel_Frequently,12.0,3,Other,Single,5881,1291,80,2,3,4,1,4,1,2,No,0
EMP10219,38,35-44,Female,Research & Development,Manufacturing Director,4400,4K-7K,4,3-5,2,2,4,No,4.0,High,4,2,Travel_Rarely,6.0,2,Technical Degree,Single,10108,363,71,3,3,2,1,2,0,2,No,0
EMP10220,18,18-24,Female,Sales,Sales Representative,3100,<4K,0,0-2,0,0,0,No,4.0,High,2,1,Non-Travel,5.0,3,Life Sciences,Married,14436,349,54,3,3,3,2,5,2,2,No,0
EMP10221,35,35-44,Female,Sales,Sales Executive,5900,4K-7K,5,3-5,2,1,1,No,2.0,Medium-Low,1,2,Travel_Frequently,7.0,3,Human Resources,Married,12396,977,35,3,3,3,2,3,3,2,No,0
EMP10222,29,25-34,Male,Research & Development,Manufacturing Director,3510,<4K,4,3-5,2,1,4,Yes,3.0,Medium-High,1,1,Non-Travel,5.0,4,Technical Degree,Single,8747,538,73,2,3,4,1,5,0,3,Yes,1
EMP10223,38,35-44,Male,Research & Development,Laboratory Technician,5500,4K-7K,10,6-10,5,5,3,Yes,3.0,Medium-High,2,2,Travel_Rarely,29.0,5,Marketing,Married,20583,1465,37,4,2,3,3,3,1,2,No,0
EMP10224,60,55+,Female,Research & Development,Research Scientist,4880,4K-7K,12,11-20,6,8,1,No,4.0,High,2,1,Travel_Rarely,17.0,3,Life Sciences,Married,21916,1181,63,3,1,2,0,2,1,2,No,0
EMP10225,40,35-44,Male,Research & Development,Laboratory Technician,4820,4K-7K,12,11-20,9,3,5,No,4.0,High,2,1,Non-Travel,20.0,4,Life Sciences,Married,4729,104,70,2,3,2,0,4,1,2,No,0
EMP10226,34,25-34,Female,Research & Development,Research Scientist,5410,4K-7K,8,6-10,6,3,3,Yes,3.0,Medium-High,2,2,Travel_Rarely,16.0,2,Life Sciences,Married,10787,962,30,3,1,3,2,2,2,2,Yes,1
EMP10227,45,45-54,Male,Human Resources,Human Resources,5600,4K-7K,9,6-10,8,8,2,No,4.0,High,3,1,Travel_Rarely,9.0,3,Medical,Divorced,10038,364,32,4,1,3,0,5,2,4,No,0
EMP10228,41,35-44,Male,Research & Development,Research Scientist,5130,4K-7K,3,3-5,1,1,2,No,4.0,High,3,2,Travel_Rarely,27.0,2,Marketing,Married,5910,1372,81,3,2,3,3,4,1,3,No,0
EMP10229,41,35-44,Female,Sales,Manager,2530,<4K,6,6-10,1,3,4,Yes,3.0,Medium-High,4,1,Travel_Rarely,8.0,5,Life Sciences,Married,5496,194,106,3,1,1,0,5,1,2,Yes,1
EMP10230,42,35-44,Male,Research & Development,Manufacturing Director,6230,4K-7K,6,6-10,3,3,2,No,3.0,Medium-High,3,2,Non-Travel,8.0,4,Medical,Single,13311,918,72,3,2,3,2,1,2,2,No,0
EMP10231,56,55+,Male,Sales,Manager,3330,<4K,7,6-10,2,6,0,Yes,3.0,Medium-High,1,1,Travel_Rarely,23.0,4,Life Sciences,Married,9502,796,76,2,2,3,1,4,4,2,Yes,1
EMP10232,27,25-34,Male,Research & Development,Laboratory Technician,5130,4K-7K,7,6-10,4,6,1,No,2.0,Medium-Low,3,2,Travel_Frequently,22.0,4,Technical Degree,Married,5800,840,48,1,1,3,0,2,4,2,Yes,1
EMP10233,41,35-44,Female,Research & Development,Laboratory Technician,7360,7K-10K,6,6-10,2,5,3,No,3.0,Medium-High,1,3,Non-Travel,5.0,4,Other,Married,10162,416,99,1,2,3,2,0,3,2,Yes,1
EMP10234,28,25-34,Male,Research & Development,Manufacturing Director,5660,4K-7K,8,6-10,1,5,2,No,3.0,Medium-High,3,1,Travel_Rarely,21.0,5,Life Sciences,Divorced,21020,873,76,1,1,3,2,4,1,2,No,0
EMP10235,42,35-44,Female,Research & Development,Laboratory Technician,4870,4K-7K,7,6-10,4,3,2,No,1.0,Low,1,2,Travel_Rarely,13.0,4,Life Sciences,Single,13262,218,107,3,2,3,3,3,0,2,No,0
EMP10236,29,25-34,Male,Sales,Sales Executive,3990,<4K,7,6-10,6,5,1,No,4.0,High,1,1,Travel_Rarely,4.0,5,Life Sciences,Married,4823,893,34,1,4,1,0,4,2,2,No,0
EMP10237,33,25-34,Female,Research & Development,Manufacturing Director,5350,4K-7K,4,3-5,2,3,1,Yes,4.0,High,3,2,Travel_Rarely,3.0,3,Marketing,Single,3492,301,93,4,2,3,1,3,1,4,Yes,1
EMP10238,34,25-34,Female,Research & Development,Research Scientist,3480,<4K,3,3-5,1,1,3,No,1.0,Low,1,1,Travel_Rarely,4.0,2,Technical Degree,Married,21700,1176,74,4,3,2,2,3,4,2,Yes,1
EMP10239,46,45-54,Male,Research & Development,Manufacturing Director,5400,4K-7K,7,6-10,4,5,4,Yes,4.0,High,2,2,Travel_Frequently,16.0,3,Other,Divorced,25159,416,93,3,1,3,0,5,0,2,No,0
EMP10240,45,45-54,Male,Research & Development,Healthcare Representative,5190,4K-7K,4,3-5,2,2,2,No,2.0,Medium-Low,2,2,Travel_Rarely,5.0,2,Life Sciences,Married,22286,1367,74,3,1,3,0,3,1,3,No,0
EMP10241,26,25-34,Male,Sales,Sales Executive,10390,10K-15K,4,3-5,3,1,2,No,3.0,Medium-High,3,4,Travel_Rarely,11.0,3,Other,Married,12501,1217,65,2,3,3,0,2,6,2,No,0
EMP10242,37,35-44,Female,Human Resources,Human Resources,5220,4K-7K,9,6-10,5,3,6,No,3.0,Medium-High,2,2,Travel_Rarely,12.0,3,Life Sciences,Married,6937,1403,38,3,3,3,3,3,2,2,Yes,1
EMP10243,30,25-34,Male,Sales,Sales Representative,5200,4K-7K,6,6-10,6,3,1,No,3.0,Medium-High,3,2,Travel_Rarely,5.0,4,Marketing,Single,25801,1215,52,3,1,2,0,3,0,2,No,0
EMP10244,25,25-34,Female,Research & Development,Laboratory Technician,5640,4K-7K,7,6-10,4,5,6,No,3.0,Medium-High,3,2,Travel_Rarely,9.0,1,Life Sciences,Single,17856,912,61,2,2,3,2,0,0,2,No,0
EMP10245,35,35-44,Male,Research & Development,Research Scientist,12040,10K-15K,9,6-10,2,5,3,Yes,4.0,High,1,4,Travel_Rarely,4.0,2,Other,Married,15363,137,74,2,1,4,1,3,2,2,No,0
EMP10246,34,25-34,Male,Sales,Manager,8610,7K-10K,3,3-5,1,2,2,No,3.0,Medium-High,3,3,Travel_Rarely,8.0,3,Medical,Married,22968,512,57,3,4,3,0,5,3,2,No,0
EMP10247,59,55+,Male,Research & Development,Research Scientist,4530,4K-7K,9,6-10,2,2,1,No,3.0,Medium-High,4,1,Travel_Rarely,6.0,5,Technical Degree,Married,14052,342,81,3,2,3,3,3,5,2,No,0
EMP10248,41,35-44,Male,Human Resources,Human Resources,8500,7K-10K,8,6-10,8,4,8,Yes,3.0,Medium-High,4,3,Travel_Rarely,13.0,3,Other,Single,15683,1487,40,3,2,3,1,2,0,2,No,0
EMP10249,24,18-24,Male,Human Resources,Manager,4720,4K-7K,3,3-5,1,2,3,Yes,4.0,High,3,2,Travel_Rarely,18.0,3,Life Sciences,Married,8394,1187,48,4,4,3,1,3,3,2,No,0
EMP10250,32,25-34,Female,Sales,Sales Executive,7540,7K-10K,4,3-5,3,2,0,Yes,1.0,Low,2,3,Travel_Frequently,2.0,4,Life Sciences,Divorced,10172,954,93,3,1,3,0,5,0,2,No,0
EMP10251,46,45-54,Female,Research & Development,Research Scientist,7820,7K-10K,9,6-10,2,3,4,No,2.0,Medium-Low,3,3,Travel_Frequently,4.0,3,Other,Single,8457,300,94,2,2,2,0,3,2,2,No,0
EMP10252,56,55+,Male,Research & Development,Research Scientist,3300,<4K,1,0-2,0,0,1,No,4.0,High,1,1,Travel_Rarely,18.0,3,Life Sciences,Married,5296,406,102,3,2,3,2,3,0,3,Yes,1
EMP10253,22,18-24,Female,Sales,Sales Executive,5460,4K-7K,1,0-2,0,0,1,No,4.0,High,1,2,Travel_Rarely,6.0,3,Life Sciences,Married,24168,274,86,3,2,3,0,2,2,2,Yes,1
EMP10254,20,18-24,Female,Research & Development,Research Scientist,1900,<4K,2,0-2,1,1,2,No,4.0,High,2,1,Travel_Rarely,25.0,3,Medical,Divorced,9223,1071,95,3,1,4,1,1,0,2,Yes,1
EMP10255,54,45-54,Female,Research & Development,Healthcare Representative,4300,4K-7K,6,6-10,4,4,2,Yes,1.0,Low,3,1,Travel_Rarely,20.0,5,Marketing,Married,17698,1115,33,4,4,1,0,3,3,2,No,0
EMP10256,40,35-44,Male,Research & Development,Research Scientist,4620,4K-7K,7,6-10,4,3,2,No,4.0,High,1,1,Travel_Rarely,4.0,2,Life Sciences,Married,13784,1093,58,2,4,2,2,3,2,2,Yes,1
EMP10257,29,25-34,Male,Sales,Sales Executive,6110,4K-7K,6,6-10,4,6,3,Yes,4.0,High,3,2,Travel_Frequently,12.0,3,Life Sciences,Married,26548,696,33,2,3,4,2,0,2,2,No,0
EMP10258,42,35-44,Male,Sales,Manager,4630,4K-7K,8,6-10,5,1,3,Yes,4.0,High,2,1,Travel_Rarely,8.0,2,Life Sciences,Single,14451,771,30,3,3,3,2,2,1,2,No,0
EMP10259,18,18-24,Female,Research & Development,Research Director,4500,4K-7K,0,0-2,0,0,0,Yes,3.0,Medium-High,3,1,Travel_Rarely,2.0,3,Medical,Married,7560,793,47,1,3,4,0,4,1,2,Yes,1
EMP10260,37,35-44,Male,Research & Development,Manufacturing Director,5580,4K-7K,6,6-10,3,1,3,Yes,1.0,Low,3,2,Travel_Frequently,4.0,4,Other,Married,19358,647,42,3,3,3,1,2,2,2,No,0
EMP10261,40,35-44,Male,Research & Development,Laboratory Technician,2010,<4K,2,0-2,0,0,1,No,3.0,Medium-High,1,1,Travel_Frequently,7.0,3,Other,Married,8276,1222,99,3,3,3,0,0,2,2,Yes,1
EMP10262,45,45-54,Male,Human Resources,Human Resources,2580,<4K,1,0-2,1,1,1,No,3.0,Medium-High,2,1,Travel_Rarely,1.0,2,Marketing,Single,8224,1349,78,2,3,3,0,5,5,2,Yes,1
EMP10263,28,25-34,Male,Research & Development,Manufacturing Director,3130,<4K,5,3-5,3,4,2,No,3.0,Medium-High,1,1,Travel_Rarely,4.0,3,Life Sciences,Single,24877,648,76,3,1,2,0,2,2,2,Yes,1
EMP10264,38,35-44,Female,Research & Development,Laboratory Technician,3620,<4K,5,3-5,2,2,5,No,4.0,High,1,1,Travel_Rarely,11.0,1,Other,Single,20054,372,59,3,1,3,3,2,5,2,No,0
EMP10265,28,25-34,Male,Sales,Sales Executive,4740,4K-7K,2,0-2,0,1,2,Yes,3.0,Medium-High,3,2,Travel_Rarely,4.0,2,Medical,Married,9118,1075,56,1,4,1,3,4,4,2,Yes,1
EMP10266,39,35-44,Male,Sales,Manager,4230,4K-7K,1,0-2,1,0,1,No,2.0,Medium-Low,4,1,Travel_Rarely,10.0,4,Life Sciences,Divorced,10184,883,101,3,1,3,1,2,1,2,No,0
EMP10267,29,25-34,Female,Sales,Sales Executive,11440,10K-15K,4,3-5,3,1,1,No,3.0,Medium-High,3,4,Travel_Rarely,8.0,4,Other,Single,23555,1309,57,3,4,3,1,0,0,2,No,0
EMP10268,33,25-34,Female,Sales,Sales Executive,6500,4K-7K,15,11-20,13,1,3,No,1.0,Low,4,2,Travel_Rarely,3.0,4,Technical Degree,Single,25021,1039,31,3,3,3,1,3,1,2,No,0
EMP10269,28,25-34,Female,Research & Development,Laboratory Technician,4090,4K-7K,8,6-10,3,5,4,Yes,1.0,Low,4,1,Travel_Frequently,18.0,4,Technical Degree,Divorced,6805,551,49,3,3,2,0,4,0,2,No,0
EMP10270,43,35-44,Female,Research & Development,Laboratory Technician,4220,4K-7K,7,6-10,4,5,2,No,3.0,Medium-High,3,1,Travel_Rarely,1.0,4,Technical Degree,Married,25145,660,104,3,1,4,2,2,1,3,No,0
EMP10271,45,45-54,Female,Sales,Sales Representative,6730,4K-7K,5,3-5,4,2,5,No,4.0,High,2,2,Travel_Rarely,18.0,2,Life Sciences,Divorced,21187,193,107,1,2,2,2,3,1,2,Yes,1
EMP10272,35,35-44,Male,Sales,Sales Representative,5170,4K-7K,5,3-5,4,1,1,Yes,4.0,High,4,2,Travel_Rarely,5.0,4,Life Sciences,Single,22200,1430,53,3,3,3,1,1,2,2,Yes,1
EMP10273,37,35-44,Male,Sales,Sales Representative,3990,<4K,8,6-10,6,5,5,Yes,3.0,Medium-High,3,1,Travel_Frequently,6.0,4,Technical Degree,Divorced,17308,616,106,3,3,3,2,1,1,2,No,0
EMP10274,24,18-24,Female,Sales,Sales Executive,3960,<4K,2,0-2,0,1,1,No,4.0,High,4,1,Travel_Rarely,9.0,4,Life Sciences,Divorced,7133,1053,101,3,3,2,3,2,3,2,No,0
EMP10275,34,25-34,Female,Research & Development,Laboratory Technician,9060,7K-10K,16,11-20,7,10,1,No,1.0,Low,3,3,Travel_Rarely,9.0,3,Medical,Single,15696,273,73,2,3,3,0,4,4,3,No,0
EMP10276,36,35-44,Female,Research & Development,Manufacturing Director,3120,<4K,3,3-5,1,1,3,No,4.0,High,3,1,Travel_Rarely,11.0,3,Human Resources,Single,16048,794,50,2,2,3,0,3,3,2,No,0
EMP10277,60,55+,Male,Sales,Sales Executive,6860,4K-7K,9,6-10,6,4,0,No,4.0,High,4,2,Travel_Frequently,13.0,4,Human Resources,Single,17560,1196,51,4,3,3,3,4,3,2,No,0
EMP10278,27,25-34,Male,Research & Development,Research Scientist,8080,7K-10K,3,3-5,1,3,3,No,3.0,Medium-High,3,3,Travel_Rarely,10.0,4,Medical,Single,12404,1268,102,2,4,3,1,5,1,4,No,0
EMP10279,50,45-54,Male,Sales,Sales Representative,6520,4K-7K,7,6-10,2,2,2,No,1.0,Low,3,2,Travel_Frequently,11.0,5,Human Resources,Divorced,14848,1007,87,3,4,3,2,4,4,2,Yes,1
EMP10280,46,45-54,Male,Sales,Sales Executive,5540,4K-7K,9,6-10,6,7,3,Yes,3.0,Medium-High,3,1,Travel_Rarely,23.0,2,Other,Married,22463,155,40,3,3,3,0,1,3,2,Yes,1
EMP10281,39,35-44,Male,Sales,Sales Executive,5420,4K-7K,2,0-2,1,1,2,No,1.0,Low,4,2,Travel_Rarely,2.0,3,Technical Degree,Married,26459,794,109,3,1,3,0,2,1,2,No,0
EMP10282,53,45-54,Female,Research & Development,Research Scientist,5180,4K-7K,3,3-5,1,2,3,No,3.0,Medium-High,3,1,Non-Travel,7.0,3,Life Sciences,Divorced,10773,733,82,1,1,3,0,4,4,2,No,0
EMP10283,40,35-44,Male,Research & Development,Research Scientist,3590,<4K,3,3-5,0,2,3,Yes,1.0,Low,2,2,Travel_Rarely,9.0,4,Life Sciences,Married,18243,343,38,2,3,3,0,3,0,2,Yes,1
EMP10284,40,35-44,Male,Research & Development,Research Scientist,3790,<4K,5,3-5,2,4,5,No,3.0,Medium-High,3,2,Travel_Rarely,1.0,2,Life Sciences,Married,8262,993,96,1,3,2,2,1,2,2,Yes,1
EMP10285,36,35-44,Male,Research & Development,Manager,5470,4K-7K,7,6-10,4,4,1,No,2.0,Medium-Low,3,3,Travel_Frequently,2.0,2,Life Sciences,Single,9818,303,81,3,3,2,1,2,3,3,No,0
EMP10286,48,45-54,Female,Research & Development,Research Director,11940,10K-15K,16,11-20,9,3,5,No,1.0,Low,1,4,Travel_Rarely,2.0,5,Life Sciences,Married,18114,115,42,4,3,3,3,0,1,2,No,0
EMP10287,47,45-54,Male,Research & Development,Manager,10860,10K-15K,4,3-5,1,0,4,No,2.0,Medium-Low,2,4,Travel_Rarely,4.0,2,Life Sciences,Divorced,17028,225,30,2,4,2,0,2,1,2,No,0
EMP10288,31,25-34,Male,Research & Development,Manufacturing Director,8140,7K-10K,13,11-20,6,9,13,No,1.0,Low,2,3,Travel_Rarely,13.0,4,Medical,Single,21941,698,73,3,1,2,0,2,5,2,No,0
EMP10289,25,25-34,Male,Research & Development,Research Scientist,3950,<4K,7,6-10,4,2,1,Yes,4.0,High,4,2,Travel_Rarely,3.0,3,Other,Married,25734,565,104,2,4,3,0,2,0,2,No,0
EMP10290,35,35-44,Male,Research & Development,Manufacturing Director,4720,4K-7K,3,3-5,1,2,3,No,2.0,Medium-Low,2,1,Travel_Rarely,5.0,4,Life Sciences,Divorced,4382,889,53,4,2,3,0,4,3,2,No,0
EMP10291,30,25-34,Female,Research & Development,Laboratory Technician,4710,4K-7K,5,3-5,2,1,2,No,3.0,Medium-High,3,2,Travel_Frequently,9.0,3,Technical Degree,Married,24065,1474,34,3,1,2,1,1,1,2,No,0
EMP10292,36,35-44,Female,Research & Development,Research Director,5260,4K-7K,2,0-2,0,0,2,No,3.0,Medium-High,4,2,Travel_Rarely,7.0,4,Technical Degree,Married,18614,178,95,2,4,3,0,2,1,2,No,0
EMP10293,48,45-54,Male,Sales,Sales Executive,6950,4K-7K,5,3-5,3,3,1,No,1.0,Low,2,3,Travel_Rarely,8.0,5,Life Sciences,Divorced,8454,888,49,3,4,3,0,1,1,2,No,0
EMP10294,33,25-34,Male,Research & Development,Manufacturing Director,3760,<4K,5,3-5,3,4,5,Yes,2.0,Medium-Low,1,1,Travel_Rarely,16.0,1,Other,Single,20267,363,93,3,3,3,2,4,1,2,Yes,1
EMP10295,37,35-44,Female,Research & Development,Research Scientist,11940,10K-15K,7,6-10,5,3,1,Yes,3.0,Medium-High,4,4,Travel_Rarely,13.0,2,Marketing,Married,12103,404,44,2,4,3,0,4,1,2,No,0
EMP10296,37,35-44,Male,Research & Development,Laboratory Technician,7990,7K-10K,9,6-10,3,7,4,Yes,4.0,High,3,3,Travel_Frequently,22.0,3,Life Sciences,Divorced,8031,839,97,1,4,4,0,3,5,2,Yes,1
EMP10297,45,45-54,Male,Sales,Sales Representative,11090,10K-15K,6,6-10,4,1,2,Yes,3.0,Medium-High,1,4,Travel_Frequently,3.0,4,Technical Degree,Single,6176,224,83,1,3,3,1,3,2,2,No,0
EMP10298,18,18-24,Male,Research & Development,Manufacturing Director,8220,7K-10K,0,0-2,0,0,0,No,3.0,Medium-High,4,3,Travel_Rarely,14.0,4,Life Sciences,Married,12147,717,40,3,3,1,2,1,2,2,No,0
EMP10299,31,25-34,Female,Research & Development,Laboratory Technician,6160,4K-7K,13,11-20,3,7,1,No,4.0,High,3,1,Travel_Rarely,2.0,3,Technical Degree,Married,6483,841,52,4,2,3,3,3,2,2,No,0
EMP10300,39,35-44,Male,Research & Development,Laboratory Technician,5120,4K-7K,17,11-20,11,7,2,Yes,4.0,High,4,1,Travel_Frequently,1.0,3,Life Sciences,Single,23306,180,30,1,2,3,1,1,0,2,No,0
EMP10301,48,45-54,Male,Research & Development,Laboratory Technician,3780,<4K,5,3-5,2,2,2,No,4.0,High,2,1,Travel_Rarely,13.0,2,Other,Married,3368,971,71,3,3,3,3,3,1,2,No,0
EMP10302,32,25-34,Female,Research & Development,Healthcare Representative,4570,4K-7K,7,6-10,4,4,3,No,3.0,Medium-High,3,1,Travel_Frequently,12.0,4,Medical,Married,4266,274,76,1,3,3,0,2,2,2,No,0
EMP10303,20,18-24,Male,Research & Development,Manager,5960,4K-7K,2,0-2,2,1,2,No,2.0,Medium-Low,3,2,Travel_Rarely,4.0,5,Marketing,Divorced,19035,775,97,2,2,3,0,2,1,2,Yes,1
EMP10304,43,35-44,Male,Research & Development,Manager,7670,7K-10K,7,6-10,5,2,3,Yes,4.0,High,2,3,Non-Travel,4.0,3,Life Sciences,Married,4110,1248,67,3,3,3,2,3,0,2,No,0
EMP10305,31,25-34,Female,Sales,Sales Representative,9020,7K-10K,7,6-10,2,5,2,Yes,1.0,Low,1,3,Travel_Rarely,12.0,3,Technical Degree,Divorced,16775,447,31,3,4,4,2,4,0,3,No,0
EMP10306,26,25-34,Male,Human Resources,Human Resources,6180,4K-7K,2,0-2,1,1,2,No,3.0,Medium-High,1,2,Travel_Rarely,3.0,2,Technical Degree,Single,5098,1490,74,1,3,3,1,5,1,2,No,0
EMP10307,31,25-34,Female,Research & Development,Healthcare Representative,4060,4K-7K,5,3-5,4,3,5,Yes,3.0,Medium-High,3,1,Travel_Frequently,3.0,3,Medical,Single,4755,977,56,3,4,3,1,4,1,2,Yes,1
EMP10308,35,35-44,Male,Research & Development,Laboratory Technician,3310,<4K,11,11-20,3,10,2,Yes,3.0,Medium-High,2,1,Travel_Rarely,8.0,3,Marketing,Divorced,9548,942,106,2,4,4,0,6,2,2,No,0
EMP10309,31,25-34,Male,Sales,Sales Executive,3950,<4K,11,11-20,8,4,3,Yes,4.0,High,1,1,Travel_Rarely,22.0,2,Medical,Divorced,22432,673,90,3,3,3,0,3,0,2,Yes,1
EMP10310,18,18-24,Male,Research & Development,Research Director,3710,<4K,0,0-2,0,0,0,Yes,2.0,Medium-Low,3,1,Travel_Frequently,9.0,3,Other,Single,15559,823,40,3,1,3,0,5,0,3,Yes,1
EMP10311,45,45-54,Male,Research & Development,Research Scientist,5660,4K-7K,7,6-10,6,5,2,No,4.0,High,2,2,Non-Travel,5.0,3,Medical,Married,19561,1375,98,2,2,3,0,3,1,3,Yes,1
EMP10312,49,45-54,Male,Research & Development,Manager,3800,<4K,5,3-5,2,3,1,No,1.0,Low,2,1,Travel_Rarely,9.0,3,Other,Married,17381,707,58,3,3,3,2,3,2,2,Yes,1
EMP10313,43,35-44,Female,Research & Development,Laboratory Technician,4060,4K-7K,9,6-10,3,7,3,No,1.0,Low,3,1,Travel_Rarely,25.0,3,Human Resources,Married,9749,668,54,2,3,3,0,3,0,2,No,0
EMP10314,27,25-34,Male,Human Resources,Human Resources,3690,<4K,2,0-2,1,1,2,Yes,3.0,Medium-High,3,1,Non-Travel,13.0,1,Medical,Divorced,20940,333,107,2,2,4,0,3,1,2,No,0
EMP10315,35,35-44,Male,Sales,Sales Representative,5920,4K-7K,8,6-10,6,4,4,No,4.0,High,3,2,Non-Travel,5.0,4,Life Sciences,Married,13876,457,83,1,4,1,3,3,4,2,Yes,1
EMP10316,37,35-44,Male,Sales,Manager,5680,4K-7K,14,11-20,6,10,3,Yes,3.0,Medium-High,1,2,Travel_Rarely,4.0,4,Life Sciences,Single,17009,1449,77,2,3,3,0,1,0,2,No,0
EMP10317,42,35-44,Female,Research & Development,Manufacturing Director,4640,4K-7K,4,3-5,1,1,3,No,3.0,Medium-High,1,2,Travel_Rarely,29.0,3,Human Resources,Single,25178,1188,75,1,2,3,0,4,3,2,No,0
EMP10318,43,35-44,Male,Research & Development,Manufacturing Director,5800,4K-7K,13,11-20,10,6,1,No,3.0,Medium-High,3,2,Travel_Rarely,6.0,2,Life Sciences,Single,13127,392,70,3,3,3,2,1,1,1,Yes,1
EMP10319,30,25-34,Male,Research & Development,Research Scientist,10710,10K-15K,7,6-10,3,2,7,Yes,1.0,Low,4,4,Travel_Rarely,11.0,4,Medical,Married,11815,1447,70,1,2,1,2,4,0,2,No,0
EMP10320,38,35-44,Male,Research & Development,Manufacturing Director,3640,<4K,6,6-10,3,4,4,Yes,3.0,Medium-High,2,1,Travel_Rarely,17.0,5,Human Resources,Married,9596,1090,90,1,1,3,0,4,1,3,No,0
EMP10321,41,35-44,Male,Research & Development,Research Scientist,6830,4K-7K,5,3-5,1,1,5,No,2.0,Medium-Low,3,2,Travel_Rarely,6.0,3,Life Sciences,Divorced,20468,1454,40,4,1,3,2,5,3,2,No,0
EMP10322,50,45-54,Male,Sales,Sales Representative,3530,<4K,13,11-20,4,11,2,Yes,4.0,High,1,2,Travel_Rarely,7.0,3,Technical Degree,Divorced,20855,628,73,4,1,2,0,2,1,2,Yes,1
EMP10323,43,35-44,Female,Sales,Sales Executive,6000,4K-7K,5,3-5,3,4,5,Yes,1.0,Low,2,2,Travel_Rarely,27.0,2,Life Sciences,Single,23162,234,61,2,4,4,2,1,3,2,Yes,1
EMP10324,44,35-44,Male,Research & Development,Healthcare Representative,12600,10K-15K,15,11-20,4,2,10,No,2.0,Medium-Low,1,4,Travel_Rarely,9.0,3,Life Sciences,Married,20769,919,78,3,3,2,0,4,1,3,No,0
EMP10325,38,35-44,Male,Human Resources,Human Resources,4740,4K-7K,14,11-20,2,4,8,Yes,3.0,Medium-High,4,1,Travel_Rarely,16.0,2,Human Resources,Married,10157,229,35,3,3,3,0,1,0,2,No,0
EMP10326,50,45-54,Male,Sales,Sales Executive,5770,4K-7K,4,3-5,2,1,0,No,3.0,Medium-High,2,2,Travel_Frequently,19.0,3,Life Sciences,Single,11486,668,86,1,3,2,1,1,1,2,No,0
EMP10327,41,35-44,Female,Research & Development,Healthcare Representative,3310,<4K,5,3-5,5,3,5,Yes,3.0,Medium-High,2,1,Travel_Rarely,13.0,4,Life Sciences,Married,14260,1480,35,2,3,3,2,3,1,3,No,0
EMP10328,29,25-34,Male,Research & Development,Research Scientist,5690,4K-7K,1,0-2,0,1,1,No,2.0,Medium-Low,3,2,Travel_Rarely,5.0,3,Other,Divorced,2918,621,76,4,3,3,1,3,1,2,Yes,1
EMP10329,50,45-54,Male,Research & Development,Research Scientist,3730,<4K,6,6-10,4,3,1,No,1.0,Low,1,1,Travel_Rarely,4.0,3,Life Sciences,Married,17102,559,92,3,4,3,2,3,1,2,No,0
EMP10330,43,35-44,Male,Research & Development,Research Scientist,3200,<4K,6,6-10,4,6,1,No,4.0,High,2,1,Travel_Rarely,24.0,3,Other,Married,6747,692,78,3,3,3,0,4,0,2,No,0
EMP10331,33,25-34,Male,Research & Development,Manager,5240,4K-7K,12,11-20,4,5,4,No,3.0,Medium-High,1,2,Travel_Frequently,7.0,3,Other,Married,11795,1041,51,3,4,3,1,4,1,3,No,0
EMP10332,33,25-34,Male,Sales,Sales Representative,6370,4K-7K,15,11-20,4,8,3,No,3.0,Medium-High,4,2,Travel_Rarely,2.0,1,Life Sciences,Married,24120,1000,96,3,3,3,0,3,1,2,No,0
EMP10333,40,35-44,Male,Research & Development,Laboratory Technician,3820,<4K,9,6-10,2,4,5,No,3.0,Medium-High,2,1,Non-Travel,29.0,2,Life Sciences,Divorced,23965,713,48,3,1,3,1,3,0,3,No,0
EMP10334,41,35-44,Male,Research & Development,Laboratory Technician,7190,7K-10K,11,11-20,4,9,3,No,3.0,Medium-High,4,2,Travel_Rarely,14.0,4,Technical Degree,Divorced,19465,638,84,3,3,3,1,3,2,2,No,0
EMP10335,39,35-44,Male,Research & Development,Laboratory Technician,6220,4K-7K,5,3-5,3,2,1,No,4.0,High,1,2,Travel_Rarely,5.0,2,Medical,Single,10567,360,63,3,4,3,0,3,3,2,No,0
EMP10336,40,35-44,Male,Research & Development,Healthcare Representative,3810,<4K,2,0-2,0,1,2,Yes,3.0,Medium-High,1,1,Travel_Rarely,8.0,4,Life Sciences,Single,9866,1259,70,1,4,2,0,1,4,2,No,0
EMP10337,52,45-54,Male,Sales,Sales Representative,6470,4K-7K,7,6-10,5,4,2,No,2.0,Medium-Low,4,2,Travel_Frequently,3.0,5,Technical Degree,Married,26007,708,36,3,1,2,2,4,2,3,Yes,1
EMP10338,47,45-54,Male,Sales,Sales Executive,6660,4K-7K,12,11-20,6,3,5,Yes,3.0,Medium-High,3,2,Travel_Rarely,5.0,3,Life Sciences,Single,8550,1350,86,3,2,3,0,4,2,2,No,0
EMP10339,39,35-44,Female,Research & Development,Research Scientist,4470,4K-7K,0,0-2,0,0,0,No,2.0,Medium-Low,2,2,Travel_Rarely,2.0,3,Other,Married,11600,327,45,1,3,3,0,4,2,1,No,0
EMP10340,45,45-54,Female,Research & Development,Research Scientist,4010,4K-7K,6,6-10,3,2,3,Yes,3.0,Medium-High,3,2,Travel_Rarely,1.0,3,Life Sciences,Single,20487,860,88,3,1,3,1,4,2,1,No,0
EMP10341,28,25-34,Female,Research & Development,Healthcare Representative,3780,<4K,1,0-2,0,1,1,No,3.0,Medium-High,2,1,Travel_Frequently,9.0,4,Life Sciences,Divorced,24019,357,67,4,2,3,0,1,2,2,No,0
EMP10342,41,35-44,Female,Research & Development,Healthcare Representative,4770,4K-7K,3,3-5,2,2,0,No,1.0,Low,3,2,Travel_Rarely,16.0,5,Life Sciences,Married,24300,925,38,4,2,3,0,1,0,2,No,0
EMP10343,53,45-54,Female,Research & Development,Research Scientist,10200,10K-15K,7,6-10,3,5,1,No,4.0,High,3,4,Travel_Frequently,25.0,4,Other,Single,26592,1343,106,3,2,3,0,4,0,2,No,0
EMP10344,35,35-44,Female,Research & Development,Research Scientist,5940,4K-7K,15,11-20,12,11,2,No,2.0,Medium-Low,1,2,Travel_Rarely,24.0,2,Technical Degree,Married,2432,1359,63,1,2,3,0,3,3,2,No,0
EMP10345,29,25-34,Male,Research & Development,Research Scientist,3790,<4K,6,6-10,4,2,5,No,4.0,High,4,1,Travel_Frequently,13.0,4,Human Resources,Single,22434,1143,75,2,4,3,3,3,6,2,No,0
EMP10346,31,25-34,Female,Research & Development,Manager,6210,4K-7K,9,6-10,1,4,2,No,2.0,Medium-Low,3,2,Travel_Frequently,12.0,3,Life Sciences,Single,2236,523,66,1,2,2,3,3,1,2,No,0
EMP10347,27,25-34,Male,Research & Development,Laboratory Technician,7840,7K-10K,7,6-10,3,1,3,No,4.0,High,1,3,Travel_Rarely,19.0,3,Life Sciences,Married,2306,512,72,3,3,3,1,3,3,2,No,0
EMP10348,30,25-34,Male,Research & Development,Healthcare Representative,4560,4K-7K,4,3-5,3,4,1,No,3.0,Medium-High,2,1,Travel_Rarely,3.0,2,Life Sciences,Married,24265,444,76,3,3,3,0,4,2,2,No,0
EMP10349,34,25-34,Female,Research & Development,Manufacturing Director,16070,15K+,8,6-10,4,3,5,No,1.0,Low,4,5,Travel_Rarely,3.0,2,Medical,Married,14720,749,35,4,4,3,1,3,1,2,No,0
EMP10350,24,18-24,Male,Research & Development,Laboratory Technician,9650,7K-10K,2,0-2,1,1,1,Yes,1.0,Low,2,4,Travel_Rarely,6.0,4,Marketing,Married,2023,566,67,4,2,3,0,0,3,2,Yes,1
EMP10351,37,35-44,Male,Research & Development,Research Scientist,4790,4K-7K,6,6-10,3,1,2,No,1.0,Low,3,1,Travel_Rarely,6.0,3,Marketing,Single,23803,288,90,1,2,1,0,4,1,2,No,0
EMP10352,45,45-54,Female,Sales,Sales Executive,14100,10K-15K,13,11-20,7,6,0,No,1.0,Low,4,4,Travel_Rarely,6.0,3,Life Sciences,Married,13501,1491,33,1,4,2,0,4,2,2,No,0
EMP10353,29,25-34,Male,Sales,Sales Representative,4760,4K-7K,7,6-10,2,1,6,Yes,2.0,Medium-Low,3,1,Travel_Rarely,7.0,3,Other,Married,11205,1221,34,4,4,2,2,1,2,3,No,0
EMP10354,51,45-54,Male,Research & Development,Healthcare Representative,8610,7K-10K,7,6-10,5,6,1,No,2.0,Medium-Low,3,3,Travel_Rarely,9.0,4,Life Sciences,Single,19064,1052,99,4,3,1,0,1,2,2,No,0
EMP10355,42,35-44,Female,Research & Development,Manufacturing Director,6150,4K-7K,5,3-5,2,2,2,Yes,1.0,Low,2,2,Travel_Rarely,12.0,4,Other,Married,3515,369,89,3,1,3,1,4,3,2,No,0
EMP10356,46,45-54,Female,Research & Development,Manufacturing Director,6130,4K-7K,2,0-2,1,1,2,No,3.0,Medium-High,3,2,Travel_Frequently,9.0,3,Life Sciences,Single,19335,764,106,3,1,4,0,4,0,3,Yes,1
EMP10357,31,25-34,Male,Research & Development,Research Scientist,5290,4K-7K,5,3-5,0,3,5,No,2.0,Medium-Low,2,2,Travel_Rarely,6.0,2,Medical,Single,7407,1341,106,3,1,1,1,0,0,2,Yes,1
EMP10358,45,45-54,Male,Research & Development,Manager,9120,7K-10K,10,6-10,5,2,4,Yes,3.0,Medium-High,4,3,Travel_Rarely,4.0,3,Life Sciences,Married,2414,120,85,3,1,2,0,3,1,3,No,0
EMP10359,27,25-34,Male,Sales,Sales Representative,4050,4K-7K,8,6-10,5,3,8,Yes,2.0,Medium-Low,1,1,Travel_Rarely,11.0,5,Medical,Married,6848,1395,88,2,1,3,3,2,1,2,No,0
EMP10360,45,45-54,Female,Research & Development,Laboratory Technician,6740,4K-7K,2,0-2,1,1,1,No,4.0,High,2,2,Travel_Rarely,21.0,3,Marketing,Married,22895,813,36,3,2,3,1,3,1,2,No,0
EMP10361,38,35-44,Male,Research & Development,Manager,4070,4K-7K,1,0-2,1,0,1,Yes,3.0,Medium-High,1,1,Travel_Rarely,8.0,3,Medical,Married,6971,1283,97,3,2,3,0,3,1,2,Yes,1
EMP10362,42,35-44,Male,Research & Development,Manufacturing Director,3230,<4K,4,3-5,2,2,4,No,3.0,Medium-High,2,1,Travel_Frequently,6.0,3,Medical,Single,17145,528,60,2,3,4,0,2,1,2,No,0
EMP10363,26,25-34,Male,Research & Development,Manufacturing Director,4130,4K-7K,5,3-5,1,0,5,Yes,1.0,Low,1,1,Travel_Rarely,8.0,3,Technical Degree,Married,6985,675,77,4,3,3,0,4,3,2,Yes,1
EMP10364,29,25-34,Male,Research & Development,Healthcare Representative,5740,4K-7K,5,3-5,4,3,3,No,3.0,Medium-High,4,2,Travel_Rarely,11.0,4,Technical Degree,Married,26353,695,71,2,1,3,1,2,1,2,Yes,1
EMP10365,42,35-44,Female,Sales,Sales Representative,2310,<4K,5,3-5,4,3,1,No,2.0,Medium-Low,4,1,Travel_Rarely,4.0,3,Other,Married,9650,684,59,3,4,3,0,4,0,2,Yes,1
EMP10366,28,25-34,Male,Research & Development,Healthcare Representative,3560,<4K,6,6-10,3,5,4,No,4.0,High,3,1,Non-Travel,3.0,2,Life Sciences,Divorced,23754,1117,80,3,3,2,1,4,2,2,No,0
EMP10367,41,35-44,Female,Human Resources,Human Resources,4030,4K-7K,8,6-10,1,0,1,Yes,4.0,High,1,1,Travel_Rarely,4.0,2,Marketing,Single,14964,1090,64,3,1,3,0,2,0,2,Yes,1
EMP10368,24,18-24,Male,Sales,Sales Executive,3830,<4K,5,3-5,3,4,5,Yes,3.0,Medium-High,2,1,Travel_Rarely,8.0,3,Marketing,Divorced,12639,758,91,2,1,2,2,2,5,2,No,0
EMP10369,45,45-54,Female,Research & Development,Manager,4540,4K-7K,3,3-5,1,0,3,No,4.0,High,4,2,Travel_Rarely,5.0,5,Life Sciences,Married,24905,1170,80,3,1,3,1,3,4,1,No,0
EMP10370,26,25-34,Female,Research & Development,Research Scientist,12100,10K-15K,8,6-10,3,5,4,No,3.0,Medium-High,1,4,Non-Travel,4.0,3,Medical,Married,23841,322,79,1,3,1,2,5,5,2,No,0
EMP10371,42,35-44,Male,Research & Development,Laboratory Technician,4540,4K-7K,10,6-10,7,1,10,No,1.0,Low,3,1,Travel_Rarely,6.0,4,Life Sciences,Divorced,18833,1059,59,2,2,3,3,2,0,2,No,0
EMP10372,43,35-44,Male,Research & Development,Laboratory Technician,10630,10K-15K,4,3-5,1,1,4,No,4.0,High,2,4,Travel_Rarely,21.0,4,Life Sciences,Married,13127,257,48,2,1,3,3,2,2,2,No,0
EMP10373,31,25-34,Male,Research & Development,Laboratory Technician,6430,4K-7K,13,11-20,7,1,1,No,1.0,Low,4,2,Travel_Rarely,7.0,3,Life Sciences,Single,9328,1170,79,1,3,3,0,3,0,3,No,0
EMP10374,42,35-44,Female,Sales,Sales Representative,6610,4K-7K,14,11-20,7,4,3,No,3.0,Medium-High,2,2,Travel_Frequently,4.0,2,Life Sciences,Married,15137,900,83,4,3,2,2,4,5,2,No,0
EMP10375,39,35-44,Male,Research & Development,Manager,5510,4K-7K,3,3-5,0,2,2,No,1.0,Low,1,2,Non-Travel,21.0,2,Technical Degree,Single,26667,821,33,3,2,3,1,4,1,2,No,0
EMP10376,32,25-34,Female,Research & Development,Research Scientist,7490,7K-10K,1,0-2,1,1,1,No,2.0,Medium-Low,3,3,Travel_Rarely,16.0,4,Technical Degree,Married,25012,1474,41,1,3,3,0,3,2,2,Yes,1
EMP10377,28,25-34,Female,Sales,Sales Executive,6050,4K-7K,5,3-5,2,2,2,No,3.0,Medium-High,2,1,Travel_Rarely,10.0,2,Other,Married,25970,418,44,4,1,3,2,2,1,2,No,0
EMP10378,19,18-24,Female,Research & Development,Research Scientist,5540,4K-7K,1,0-2,1,1,1,No,2.0,Medium-Low,3,2,Travel_Frequently,21.0,3,Technical Degree,Married,14708,1354,44,2,3,3,0,3,2,3,Yes,1
EMP10379,40,35-44,Female,Sales,Manager,6200,4K-7K,18,11-20,2,3,3,No,3.0,Medium-High,1,2,Travel_Rarely,12.0,3,Life Sciences,Single,17051,397,39,2,2,2,1,0,1,3,No,0
EMP10380,23,18-24,Male,Research & Development,Manufacturing Director,4460,4K-7K,5,3-5,3,1,1,No,3.0,Medium-High,3,2,Travel_Frequently,12.0,4,Other,Married,21335,544,90,1,3,3,1,5,2,2,No,0
EMP10381,38,35-44,Male,Research & Development,Research Scientist,8310,7K-10K,9,6-10,6,1,3,No,4.0,High,2,3,Travel_Rarely,8.0,2,Other,Single,21509,204,48,3,3,3,0,3,2,2,Yes,1
EMP10382,35,35-44,Male,Sales,Sales Representative,3970,<4K,5,3-5,3,2,5,No,2.0,Medium-Low,3,1,Travel_Frequently,19.0,3,Medical,Married,25128,982,82,3,1,3,2,3,3,1,No,0
EMP10383,43,35-44,Female,Research & Development,Research Director,6070,4K-7K,12,11-20,2,1,9,No,4.0,High,4,2,Travel_Frequently,3.0,3,Marketing,Married,13910,1422,101,1,1,3,0,6,3,2,No,0
EMP10384,34,25-34,Female,Sales,Sales Representative,5470,4K-7K,6,6-10,2,3,2,No,4.0,High,4,2,Travel_Rarely,16.0,3,Other,Married,3537,1191,86,1,2,3,1,2,5,2,No,0
EMP10385,34,25-34,Female,Sales,Manager,5600,4K-7K,2,0-2,1,1,2,No,2.0,Medium-Low,3,1,Travel_Frequently,29.0,4,Marketing,Married,5168,637,38,3,1,3,3,6,1,2,Yes,1
EMP10386,44,35-44,Male,Sales,Sales Executive,3620,<4K,2,0-2,1,1,2,Yes,4.0,High,3,1,Travel_Frequently,19.0,2,Other,Single,7687,772,58,3,2,3,2,4,3,2,Yes,1
EMP10387,40,35-44,Male,Research & Development,Healthcare Representative,5610,4K-7K,5,3-5,2,1,2,No,3.0,Medium-High,3,2,Travel_Frequently,15.0,4,Life Sciences,Divorced,18352,900,36,4,1,2,2,3,1,2,No,0
EMP10388,40,35-44,Female,Research & Development,Laboratory Technician,7560,7K-10K,11,11-20,4,7,3,No,1.0,Low,1,3,Travel_Frequently,5.0,4,Life Sciences,Married,20279,916,101,3,2,3,0,4,3,2,Yes,1
EMP10389,41,35-44,Male,Sales,Sales Representative,4890,4K-7K,3,3-5,3,2,3,Yes,1.0,Low,3,2,Travel_Rarely,29.0,3,Medical,Single,9803,1164,46,3,2,2,1,2,1,2,Yes,1
EMP10390,23,18-24,Male,Sales,Sales Representative,8300,7K-10K,5,3-5,1,2,2,No,4.0,High,1,3,Travel_Frequently,5.0,4,Marketing,Divorced,10376,1323,108,3,4,2,1,0,0,2,No,0
EMP10391,44,35-44,Female,Human Resources,Human Resources,6060,4K-7K,14,11-20,5,4,2,Yes,1.0,Low,2,2,Travel_Rarely,9.0,3,Human Resources,Divorced,3456,1067,45,3,4,2,2,1,2,2,Yes,1
EMP10392,42,35-44,Male,Research & Development,Healthcare Representative,4260,4K-7K,8,6-10,4,5,4,No,1.0,Low,3,1,Travel_Rarely,10.0,2,Other,Single,3494,962,100,2,2,3,0,4,1,2,No,0
EMP10393,28,25-34,Male,Research & Development,Research Scientist,4310,4K-7K,8,6-10,5,7,0,No,3.0,Medium-High,3,1,Travel_Rarely,1.0,4,Life Sciences,Married,7060,1498,67,1,3,3,1,1,1,2,Yes,1
EMP10394,35,35-44,Male,Sales,Sales Executive,5640,4K-7K,11,11-20,7,4,1,No,2.0,Medium-Low,2,1,Travel_Rarely,11.0,3,Life Sciences,Married,11479,1357,105,3,4,2,0,0,1,2,No,0
EMP10395,37,35-44,Male,Research & Development,Manager,5170,4K-7K,5,3-5,2,1,5,Yes,3.0,Medium-High,3,2,Travel_Rarely,5.0,4,Human Resources,Single,12065,341,76,3,3,3,0,3,2,2,No,0
EMP10396,36,35-44,Female,Sales,Manager,5930,4K-7K,15,11-20,8,3,0,Yes,1.0,Low,4,1,Travel_Rarely,1.0,3,Marketing,Single,3750,1042,39,1,4,2,1,4,5,2,Yes,1
EMP10397,40,35-44,Male,Sales,Sales Executive,5260,4K-7K,9,6-10,1,4,4,No,1.0,Low,3,2,Travel_Frequently,16.0,4,Life Sciences,Married,12438,1462,53,3,4,2,1,3,1,2,Yes,1
EMP10398,50,45-54,Male,Research & Development,Research Scientist,4530,4K-7K,6,6-10,2,4,3,Yes,3.0,Medium-High,3,2,Travel_Rarely,8.0,3,Medical,Married,24871,119,79,2,4,4,3,4,1,2,No,0
EMP10399,47,45-54,Male,Sales,Sales Executive,5110,4K-7K,13,11-20,4,2,2,No,3.0,Medium-High,2,1,Travel_Rarely,3.0,2,Technical Degree,Divorced,18557,993,97,2,2,1,2,4,1,2,No,0
EMP10400,25,25-34,Female,Sales,Sales Representative,2910,<4K,7,6-10,4,3,2,No,4.0,High,4,1,Non-Travel,16.0,3,Technical Degree,Single,6312,1294,72,2,1,2,1,4,1,2,No,0
EMP10401,43,35-44,Male,Research & Development,Research Director,3720,<4K,6,6-10,1,3,3,Yes,3.0,Medium-High,2,1,Travel_Rarely,4.0,4,Medical,Divorced,21661,1339,66,2,1,2,0,3,1,3,No,0
EMP10402,49,45-54,Male,Sales,Sales Executive,6810,4K-7K,8,6-10,5,4,4,No,4.0,High,4,2,Travel_Rarely,5.0,4,Life Sciences,Divorced,20405,940,74,3,3,3,0,2,2,2,No,0
EMP10403,40,35-44,Male,Research & Development,Manufacturing Director,2820,<4K,3,3-5,1,2,3,Yes,2.0,Medium-Low,4,1,Travel_Rarely,13.0,3,Other,Married,24082,843,83,2,3,3,1,4,1,2,No,0
EMP10404,47,45-54,Male,Sales,Sales Representative,6490,4K-7K,12,11-20,6,5,7,No,3.0,Medium-High,3,1,Travel_Rarely,2.0,4,Technical Degree,Single,3396,1139,72,3,2,2,0,3,3,2,No,0
EMP10405,55,55+,Male,Research & Development,Healthcare Representative,12760,10K-15K,18,11-20,7,3,4,No,3.0,Medium-High,4,4,Travel_Rarely,9.0,3,Life Sciences,Married,2173,1406,97,1,2,3,2,2,2,2,No,0
EMP10406,46,45-54,Female,Sales,Sales Executive,9220,7K-10K,2,0-2,1,0,2,No,4.0,High,3,3,Travel_Rarely,13.0,3,Life Sciences,Married,24605,400,66,3,3,3,0,5,1,2,No,0
EMP10407,39,35-44,Female,Research & Development,Manufacturing Director,2820,<4K,4,3-5,2,1,0,No,4.0,High,4,1,Travel_Rarely,3.0,4,Technical Degree,Married,13586,264,70,1,2,3,0,3,2,2,No,0
EMP10408,46,45-54,Male,Research & Development,Manufacturing Director,5820,4K-7K,4,3-5,2,3,4,Yes,3.0,Medium-High,3,2,Travel_Rarely,5.0,4,Life Sciences,Single,17913,880,30,2,3,3,2,4,4,2,Yes,1
EMP10409,38,35-44,Male,Sales,Sales Executive,4160,4K-7K,10,6-10,8,2,2,No,2.0,Medium-Low,2,1,Non-Travel,11.0,4,Life Sciences,Divorced,25935,1381,45,3,3,3,2,2,4,2,No,0
EMP10410,37,35-44,Female,Research & Development,Manufacturing Director,8690,7K-10K,7,6-10,5,3,4,No,4.0,High,1,3,Travel_Rarely,17.0,4,Medical,Single,13080,452,66,3,3,3,0,4,2,2,Yes,1
EMP10411,34,25-34,Male,Research & Development,Healthcare Representative,5180,4K-7K,4,3-5,2,2,4,Yes,1.0,Low,3,2,Travel_Rarely,28.0,2,Life Sciences,Married,16772,1210,66,3,1,3,0,1,5,2,No,0
EMP10412,51,45-54,Female,Human Resources,Manager,5320,4K-7K,5,3-5,2,5,1,No,1.0,Low,4,1,Travel_Rarely,21.0,4,Marketing,Divorced,4246,1120,36,1,4,1,3,5,5,2,No,0
EMP10413,29,25-34,Male,Human Resources,Human Resources,4730,4K-7K,4,3-5,2,3,3,No,3.0,Medium-High,4,2,Travel_Rarely,18.0,3,Life Sciences,Married,25129,970,69,3,1,3,2,0,1,2,No,0
EMP10414,51,45-54,Female,Research & Development,Healthcare Representative,5260,4K-7K,9,6-10,6,5,7,No,2.0,Medium-Low,4,2,Travel_Frequently,13.0,2,Technical Degree,Single,21462,858,80,2,4,3,2,1,2,2,Yes,1
EMP10415,41,35-44,Female,Research & Development,Research Scientist,4480,4K-7K,7,6-10,2,3,7,No,3.0,Medium-High,1,1,Non-Travel,5.0,3,Life Sciences,Single,21435,977,93,3,4,1,0,3,5,2,No,0
EMP10416,24,18-24,Female,Research & Development,Laboratory Technician,4580,4K-7K,5,3-5,4,2,2,No,4.0,High,3,1,Travel_Rarely,16.0,3,Life Sciences,Married,23113,852,51,2,3,2,0,2,1,2,No,0
EMP10417,40,35-44,Female,Research & Development,Research Scientist,4270,4K-7K,4,3-5,2,2,4,No,2.0,Medium-Low,3,2,Travel_Rarely,8.0,3,Life Sciences,Married,3699,965,72,3,3,3,0,2,2,2,No,0
EMP10418,18,18-24,Male,Research & Development,Research Scientist,4070,4K-7K,0,0-2,0,0,0,No,4.0,High,3,1,Non-Travel,4.0,3,Other,Single,16963,1132,91,3,2,3,0,2,1,2,No,0
EMP10419,43,35-44,Female,Sales,Sales Representative,5410,4K-7K,12,11-20,8,5,1,No,2.0,Medium-Low,2,1,Non-Travel,9.0,2,Other,Single,25052,1420,83,3,4,3,0,2,0,3,No,0
EMP10420,45,45-54,Male,Sales,Manager,3030,<4K,9,6-10,1,7,8,Yes,2.0,Medium-Low,3,2,Travel_Rarely,22.0,3,Life Sciences,Married,21475,1340,56,4,2,3,0,3,1,2,Yes,1
EMP10421,32,25-34,Male,Sales,Sales Executive,5470,4K-7K,11,11-20,9,1,1,No,2.0,Medium-Low,3,1,Travel_Frequently,3.0,3,Technical Degree,Single,22168,327,58,4,3,2,3,3,1,2,Yes,1
EMP10422,38,35-44,Female,Sales,Sales Executive,8560,7K-10K,2,0-2,1,0,2,No,3.0,Medium-High,3,3,Non-Travel,29.0,3,Marketing,Divorced,3844,1155,45,3,1,3,0,4,3,2,No,0
EMP10423,55,55+,Female,Research & Development,Research Director,2790,<4K,3,3-5,2,3,1,No,2.0,Medium-Low,3,1,Travel_Rarely,7.0,3,Other,Married,8397,530,40,4,4,3,2,3,4,2,Yes,1
EMP10424,32,25-34,Female,Research & Development,Research Scientist,3440,<4K,2,0-2,1,1,2,No,4.0,High,3,1,Travel_Rarely,4.0,4,Life Sciences,Married,14885,888,50,1,4,3,3,2,1,2,No,0
EMP10425,27,25-34,Male,Research & Development,Manufacturing Director,5430,4K-7K,6,6-10,3,4,6,No,3.0,Medium-High,1,2,Travel_Rarely,7.0,4,Technical Degree,Single,21635,269,38,1,3,2,0,4,0,2,No,0
EMP10426,50,45-54,Female,Research & Development,Healthcare Representative,10220,10K-15K,11,11-20,8,6,2,Yes,3.0,Medium-High,4,3,Non-Travel,29.0,4,Life Sciences,Divorced,18108,1354,56,3,3,1,0,0,4,2,No,0
EMP10427,55,55+,Female,Research & Development,Manufacturing Director,7620,7K-10K,4,3-5,1,1,4,No,1.0,Low,2,3,Travel_Frequently,6.0,3,Life Sciences,Single,9520,169,108,4,1,3,0,0,0,2,Yes,1
EMP10428,37,35-44,Male,Sales,Sales Executive,7730,7K-10K,12,11-20,8,7,2,Yes,1.0,Low,3,2,Travel_Rarely,4.0,4,Other,Single,11942,1234,52,3,3,2,2,1,2,2,No,0
EMP10429,46,45-54,Male,Research & Development,Laboratory Technician,4730,4K-7K,4,3-5,2,1,1,Yes,3.0,Medium-High,1,1,Travel_Rarely,16.0,2,Marketing,Single,2892,1212,80,2,4,3,1,2,5,2,No,0
EMP10430,49,45-54,Male,Research & Development,Healthcare Representative,6240,4K-7K,5,3-5,2,3,4,Yes,4.0,High,3,2,Travel_Rarely,17.0,2,Life Sciences,Single,10406,101,109,3,3,3,1,3,0,2,No,0
EMP10431,30,25-34,Male,Research & Development,Manufacturing Director,5840,4K-7K,4,3-5,1,1,4,No,3.0,Medium-High,4,2,Travel_Rarely,1.0,3,Life Sciences,Married,21813,1179,32,1,3,4,2,0,3,2,No,0
EMP10432,32,25-34,Female,Sales,Sales Executive,2530,<4K,5,3-5,0,4,2,No,3.0,Medium-High,1,1,Travel_Rarely,20.0,4,Technical Degree,Married,15171,769,45,3,4,3,0,3,1,3,No,0
EMP10433,48,45-54,Female,Research & Development,Healthcare Representative,8660,7K-10K,6,6-10,3,1,6,No,4.0,High,4,3,Non-Travel,10.0,3,Technical Degree,Single,25129,370,37,2,2,3,0,2,2,2,No,0
EMP10434,52,45-54,Female,Research & Development,Research Scientist,2410,<4K,1,0-2,1,0,1,No,2.0,Medium-Low,1,1,Travel_Frequently,8.0,2,Life Sciences,Married,22028,1397,71,1,4,3,1,3,1,2,Yes,1
EMP10435,42,35-44,Female,Research & Development,Healthcare Representative,16710,15K+,8,6-10,3,6,3,No,2.0,Medium-Low,1,5,Travel_Rarely,6.0,2,Other,Married,23723,643,102,2,3,3,2,0,0,2,No,0
EMP10436,29,25-34,Male,Sales,Sales Executive,8420,7K-10K,6,6-10,3,2,3,Yes,3.0,Medium-High,4,3,Travel_Frequently,5.0,4,Life Sciences,Divorced,18989,369,64,3,1,2,0,6,3,2,No,0
EMP10437,55,55+,Female,Research & Development,Manager,7300,7K-10K,15,11-20,3,7,8,Yes,2.0,Medium-Low,3,2,Travel_Rarely,11.0,4,Life Sciences,Single,16672,289,100,3,3,4,0,3,1,2,No,0
EMP10438,32,25-34,Male,Sales,Sales Executive,12170,10K-15K,9,6-10,1,6,2,No,4.0,High,1,4,Travel_Rarely,5.0,3,Other,Single,22798,821,101,1,4,3,1,1,0,2,No,0
EMP10439,34,25-34,Female,Sales,Sales Executive,5650,4K-7K,7,6-10,2,3,3,No,3.0,Medium-High,4,2,Travel_Frequently,20.0,3,Life Sciences,Single,18312,1431,77,3,3,1,0,3,7,2,No,0
EMP10440,40,35-44,Male,Research & Development,Research Scientist,4290,4K-7K,14,11-20,9,4,8,No,1.0,Low,3,1,Travel_Rarely,29.0,3,Life Sciences,Married,20897,121,83,3,3,3,2,5,1,2,No,0
EMP10441,51,45-54,Female,Research & Development,Laboratory Technician,7240,7K-10K,13,11-20,7,4,8,No,1.0,Low,1,2,Travel_Rarely,8.0,4,Marketing,Married,9043,113,65,4,4,2,1,1,1,2,No,0
EMP10442,45,45-54,Male,Human Resources,Manager,5120,4K-7K,15,11-20,4,3,6,No,3.0,Medium-High,4,1,Non-Travel,29.0,3,Human Resources,Married,19561,667,35,4,4,2,1,1,2,3,No,0
EMP10443,41,35-44,Male,Research & Development,Manager,4570,4K-7K,4,3-5,1,3,1,No,3.0,Medium-High,3,2,Travel_Frequently,11.0,4,Life Sciences,Single,14638,674,100,1,4,2,2,3,0,2,No,0
EMP10444,41,35-44,Female,Research & Development,Laboratory Technician,4400,4K-7K,2,0-2,2,1,2,Yes,4.0,High,2,2,Non-Travel,9.0,3,Other,Married,23565,691,41,2,2,2,2,3,0,2,No,0
EMP10445,37,35-44,Male,Sales,Sales Executive,4180,4K-7K,1,0-2,0,0,1,No,3.0,Medium-High,4,2,Travel_Rarely,13.0,4,Human Resources,Married,19867,651,88,2,3,3,0,4,2,2,No,0
EMP10446,42,35-44,Female,Sales,Sales Representative,5710,4K-7K,11,11-20,5,4,3,No,3.0,Medium-High,3,1,Travel_Rarely,11.0,1,Life Sciences,Married,21695,905,94,3,4,3,0,5,1,3,No,0
EMP10447,18,18-24,Male,Human Resources,Manager,5530,4K-7K,0,0-2,0,0,0,No,2.0,Medium-Low,3,2,Non-Travel,14.0,3,Technical Degree,Single,22669,1013,79,3,3,3,0,4,1,2,Yes,1
EMP10448,34,25-34,Female,Sales,Sales Representative,7240,7K-10K,7,6-10,0,4,4,Yes,1.0,Low,4,3,Non-Travel,14.0,3,Life Sciences,Married,25697,378,72,1,3,3,2,1,1,3,No,0
EMP10449,39,35-44,Male,Research & Development,Laboratory Technician,4000,<4K,2,0-2,1,1,2,No,3.0,Medium-High,4,1,Travel_Frequently,6.0,3,Life Sciences,Married,11737,867,72,4,3,1,2,1,3,3,No,0
EMP10450,26,25-34,Male,Research & Development,Laboratory Technician,6200,4K-7K,8,6-10,2,3,8,No,4.0,High,2,2,Travel_Rarely,10.0,2,Human Resources,Married,15953,1233,78,3,2,2,1,2,1,3,No,0
EMP10451,40,35-44,Male,Sales,Sales Representative,4060,4K-7K,8,6-10,2,5,3,No,3.0,Medium-High,4,1,Travel_Rarely,14.0,4,Other,Divorced,17419,147,105,3,1,3,2,4,1,2,No,0
EMP10452,35,35-44,Male,Research & Development,Research Scientist,5460,4K-7K,12,11-20,4,8,4,No,3.0,Medium-High,2,2,Travel_Rarely,16.0,3,Life Sciences,Married,11688,843,84,3,1,3,0,4,1,2,No,0
EMP10453,53,45-54,Male,Research & Development,Manufacturing Director,3450,<4K,7,6-10,3,6,7,No,3.0,Medium-High,3,1,Travel_Rarely,4.0,4,Medical,Single,14974,1205,79,3,3,2,2,5,2,2,No,0
EMP10454,51,45-54,Male,Sales,Sales Executive,5590,4K-7K,3,3-5,2,0,3,No,3.0,Medium-High,4,2,Travel_Rarely,7.0,4,Medical,Single,26648,785,50,3,2,3,0,4,1,2,Yes,1
EMP10455,33,25-34,Male,Research & Development,Research Director,3570,<4K,4,3-5,2,4,4,No,1.0,Low,3,1,Travel_Rarely,6.0,3,Life Sciences,Divorced,7358,724,42,4,4,4,0,2,2,2,No,0
EMP10456,36,35-44,Male,Research & Development,Research Scientist,4220,4K-7K,10,6-10,4,8,2,No,4.0,High,2,1,Travel_Rarely,2.0,4,Life Sciences,Divorced,24943,1401,71,2,2,3,2,3,1,2,No,0
EMP10457,36,35-44,Male,Research & Development,Manufacturing Director,11160,10K-15K,2,0-2,1,1,2,No,3.0,Medium-High,3,4,Travel_Rarely,10.0,4,Life Sciences,Married,12418,480,44,3,2,2,0,1,1,2,No,0
EMP10458,33,25-34,Female,Research & Development,Manufacturing Director,4460,4K-7K,4,3-5,1,3,4,Yes,3.0,Medium-High,3,1,Travel_Frequently,11.0,3,Technical Degree,Married,19474,409,79,1,4,3,2,4,0,2,Yes,1
EMP10459,39,35-44,Male,Research & Development,Manufacturing Director,5420,4K-7K,4,3-5,3,1,4,No,3.0,Medium-High,1,2,Non-Travel,24.0,4,Medical,Single,11808,651,30,3,3,4,2,2,0,2,No,0
EMP10460,30,25-34,Male,Research & Development,Research Scientist,3610,<4K,6,6-10,4,4,3,No,2.0,Medium-Low,4,1,Non-Travel,5.0,3,Life Sciences,Divorced,16583,641,80,3,2,2,1,5,1,2,No,0
EMP10461,27,25-34,Female,Research & Development,Manufacturing Director,5330,4K-7K,9,6-10,2,2,2,Yes,3.0,Medium-High,4,2,Travel_Frequently,8.0,3,Human Resources,Single,23186,866,63,1,4,3,2,4,1,2,No,0
EMP10462,43,35-44,Male,Research & Development,Manufacturing Director,6120,4K-7K,12,11-20,5,6,7,No,3.0,Medium-High,3,2,Travel_Rarely,19.0,4,Human Resources,Married,3591,1363,71,1,3,3,1,6,0,2,No,0
EMP10463,43,35-44,Female,Sales,Sales Representative,3470,<4K,2,0-2,0,1,2,Yes,2.0,Medium-Low,3,1,Travel_Rarely,14.0,3,Medical,Married,17458,1306,91,1,3,3,3,3,3,2,No,0
EMP10464,30,25-34,Male,Research & Development,Manufacturing Director,3660,<4K,3,3-5,2,2,3,No,4.0,High,2,1,Travel_Rarely,29.0,3,Life Sciences,Married,7901,283,61,2,4,2,1,3,0,2,No,0
EMP10465,45,45-54,Male,Human Resources,Human Resources,2980,<4K,2,0-2,2,1,0,Yes,3.0,Medium-High,4,1,Travel_Rarely,12.0,3,Marketing,Married,10079,565,90,3,1,3,1,3,1,2,No,0
EMP10466,31,25-34,Male,Research & Development,Research Director,6040,4K-7K,6,6-10,2,1,6,No,4.0,High,2,2,Non-Travel,9.0,4,Life Sciences,Married,10779,738,83,4,2,2,1,2,0,2,No,0
EMP10467,39,35-44,Female,Research & Development,Research Scientist,7460,7K-10K,2,0-2,1,2,1,Yes,4.0,High,1,3,Travel_Rarely,6.0,5,Life Sciences,Married,11034,693,103,2,4,3,3,2,3,3,No,0
EMP10468,44,35-44,Female,Sales,Sales Representative,5470,4K-7K,8,6-10,4,5,5,No,3.0,Medium-High,4,2,Travel_Rarely,4.0,3,Technical Degree,Married,5649,1356,87,1,2,3,0,4,0,2,No,0
EMP10469,37,35-44,Male,Research & Development,Manufacturing Director,5380,4K-7K,13,11-20,4,6,1,Yes,2.0,Medium-Low,4,2,Travel_Rarely,10.0,4,Life Sciences,Single,17116,803,53,3,4,2,2,1,3,2,No,0
EMP10470,41,35-44,Male,Human Resources,Human Resources,3030,<4K,1,0-2,1,1,1,Yes,4.0,High,3,1,Travel_Rarely,7.0,4,Life Sciences,Married,19949,100,56,1,1,3,0,3,6,2,Yes,1
EMP10471,32,25-34,Female,Research & Development,Research Scientist,3950,<4K,3,3-5,3,2,3,No,3.0,Medium-High,1,1,Travel_Rarely,9.0,2,Life Sciences,Divorced,21993,1107,50,1,2,4,0,0,3,2,Yes,1
EMP10472,35,35-44,Male,Human Resources,Human Resources,4620,4K-7K,15,11-20,6,6,1,Yes,3.0,Medium-High,2,1,Non-Travel,25.0,3,Life Sciences,Married,4929,461,47,3,3,3,3,3,2,2,No,0
EMP10473,35,35-44,Male,Research & Development,Healthcare Representative,4040,4K-7K,7,6-10,3,3,4,No,1.0,Low,3,1,Travel_Frequently,12.0,4,Life Sciences,Married,2721,818,84,4,3,2,0,2,1,2,Yes,1
EMP10474,30,25-34,Female,Sales,Sales Representative,3740,<4K,4,3-5,3,2,1,No,3.0,Medium-High,3,1,Travel_Rarely,2.0,4,Other,Married,3804,382,97,4,1,3,2,4,2,2,Yes,1
EMP10475,35,35-44,Female,Research & Development,Healthcare Representative,5910,4K-7K,17,11-20,7,9,6,Yes,2.0,Medium-Low,3,2,Travel_Rarely,4.0,4,Life Sciences,Single,14611,930,76,1,1,3,0,2,0,2,Yes,1
EMP10476,23,18-24,Male,Human Resources,Human Resources,4530,4K-7K,5,3-5,3,3,5,Yes,2.0,Medium-Low,3,2,Travel_Rarely,8.0,3,Life Sciences,Married,2654,268,83,1,4,3,2,2,1,2,No,0
EMP10477,32,25-34,Female,Research & Development,Laboratory Technician,10640,10K-15K,9,6-10,2,8,2,Yes,4.0,High,3,4,Travel_Frequently,7.0,2,Life Sciences,Single,10336,988,47,3,4,3,2,4,2,2,Yes,1
EMP10478,34,25-34,Female,Research & Development,Research Scientist,3810,<4K,3,3-5,1,2,3,No,3.0,Medium-High,3,1,Travel_Rarely,23.0,3,Other,Married,17109,1309,102,2,2,4,0,3,1,2,No,0
EMP10479,35,35-44,Male,Human Resources,Human Resources,4810,4K-7K,3,3-5,1,1,3,No,3.0,Medium-High,4,2,Travel_Rarely,9.0,3,Medical,Married,26068,221,93,3,3,3,1,5,1,2,No,0
EMP10480,35,35-44,Male,Research & Development,Laboratory Technician,8630,7K-10K,9,6-10,3,2,1,No,3.0,Medium-High,3,3,Travel_Rarely,6.0,3,Life Sciences,Single,11888,540,78,3,3,3,0,2,0,3,No,0
EMP10481,36,35-44,Male,Research & Development,Research Scientist,6470,4K-7K,16,11-20,5,4,1,No,1.0,Low,4,2,Travel_Frequently,19.0,4,Other,Married,24837,738,64,1,4,2,0,2,0,2,No,0
EMP10482,41,35-44,Female,Sales,Sales Executive,3800,<4K,4,3-5,2,3,4,No,4.0,High,4,1,Travel_Rarely,9.0,2,Life Sciences,Divorced,22623,573,68,2,3,3,2,5,2,2,Yes,1
EMP10483,45,45-54,Female,Research & Development,Manufacturing Director,2760,<4K,3,3-5,2,1,2,No,2.0,Medium-Low,1,1,Non-Travel,1.0,4,Life Sciences,Married,15229,1245,87,4,4,3,0,2,0,2,No,0
EMP10484,31,25-34,Male,Research & Development,Healthcare Representative,3820,<4K,11,11-20,6,4,2,No,4.0,High,4,1,Travel_Rarely,7.0,3,Life Sciences,Divorced,19276,831,86,3,4,3,2,2,1,2,No,0
EMP10485,26,25-34,Female,Research & Development,Manager,3250,<4K,4,3-5,0,3,2,No,3.0,Medium-High,1,1,Travel_Rarely,13.0,3,Life Sciences,Divorced,6290,1040,35,4,3,3,0,3,1,2,Yes,1
EMP10486,27,25-34,Male,Sales,Manager,5500,4K-7K,8,6-10,2,6,7,No,2.0,Medium-Low,4,2,Travel_Frequently,6.0,2,Life Sciences,Married,20044,759,107,3,2,3,0,3,1,2,No,0
EMP10487,32,25-34,Male,Research & Development,Manufacturing Director,4070,4K-7K,4,3-5,2,0,4,Yes,2.0,Medium-Low,3,1,Travel_Frequently,14.0,3,Technical Degree,Divorced,15899,391,107,3,3,3,0,2,2,2,Yes,1
EMP10488,34,25-34,Male,Research & Development,Laboratory Technician,3870,<4K,5,3-5,3,1,4,No,4.0,High,3,1,Travel_Rarely,18.0,2,Life Sciences,Married,6913,1037,49,1,4,4,0,2,0,2,No,0
EMP10489,30,25-34,Male,Human Resources,Human Resources,6550,4K-7K,3,3-5,0,2,1,Yes,3.0,Medium-High,2,2,Travel_Frequently,15.0,5,Marketing,Married,25720,346,79,3,3,2,1,5,1,2,No,0
EMP10490,25,25-34,Female,Sales,Sales Representative,8230,7K-10K,7,6-10,5,3,7,No,3.0,Medium-High,1,3,Travel_Rarely,10.0,4,Life Sciences,Divorced,12968,287,38,3,4,4,0,3,2,2,No,0
EMP10491,33,25-34,Male,Research & Development,Research Scientist,6820,4K-7K,8,6-10,3,3,5,No,1.0,Low,1,2,Travel_Rarely,10.0,3,Life Sciences,Married,9350,1407,105,1,4,2,3,2,1,2,No,0
EMP10492,39,35-44,Female,Research & Development,Laboratory Technician,4510,4K-7K,8,6-10,2,3,5,Yes,4.0,High,4,2,Travel_Rarely,6.0,3,Life Sciences,Single,22304,656,43,1,2,3,3,2,2,2,No,0
EMP10493,42,35-44,Male,Research & Development,Research Director,5840,4K-7K,4,3-5,2,3,1,No,2.0,Medium-Low,3,2,Non-Travel,5.0,5,Other,Single,11328,1247,52,3,3,2,1,3,3,2,No,0
EMP10494,32,25-34,Male,Research & Development,Laboratory Technician,3180,<4K,7,6-10,1,5,1,No,3.0,Medium-High,3,1,Travel_Frequently,13.0,3,Life Sciences,Married,19683,989,77,3,3,3,1,5,0,2,No,0
EMP10495,33,25-34,Female,Research & Development,Manufacturing Director,6440,4K-7K,15,11-20,3,6,4,No,1.0,Low,4,2,Travel_Frequently,7.0,2,Technical Degree,Married,4523,346,109,3,1,3,3,3,1,2,No,0
EMP10496,28,25-34,Male,Research & Development,Manufacturing Director,4380,4K-7K,3,3-5,1,2,3,No,2.0,Medium-Low,2,2,Travel_Frequently,5.0,3,Life Sciences,Single,3660,1460,85,3,3,1,2,2,1,3,Yes,1
EMP10497,37,35-44,Male,Research & Development,Research Scientist,10650,10K-15K,3,3-5,1,1,1,No,3.0,Medium-High,3,4,Travel_Rarely,8.0,5,Life Sciences,Divorced,9630,1058,69,3,1,4,0,5,2,2,No,0
EMP10498,29,25-34,Male,Research & Development,Laboratory Technician,2390,<4K,3,3-5,2,1,1,Yes,2.0,Medium-Low,3,1,Travel_Rarely,8.0,1,Life Sciences,Married,6512,1282,98,3,4,3,2,3,1,2,No,0
EMP10499,42,35-44,Female,Human Resources,Human Resources,4730,4K-7K,6,6-10,1,3,2,No,4.0,High,1,2,Travel_Rarely,11.0,3,Life Sciences,Married,3858,1390,68,3,4,3,0,3,5,2,No,0
EMP10500,21,18-24,Male,Human Resources,Human Resources,5420,4K-7K,3,3-5,2,1,3,Yes,3.0,Medium-High,4,1,Travel_Rarely,3.0,5,Life Sciences,Single,10329,391,103,1,1,3,1,3,1,2,Yes,1
EMP10501,34,25-34,Male,Sales,Sales Executive,4800,4K-7K,8,6-10,3,5,1,No,4.0,High,3,2,Travel_Rarely,8.0,2,Life Sciences,Single,13752,994,72,1,3,3,1,1,2,2,No,0
EMP10502,40,35-44,Male,Research & Development,Research Director,3280,<4K,1,0-2,0,1,1,Yes,3.0,Medium-High,1,1,Travel_Rarely,7.0,2,Technical Degree,Single,20137,250,60,3,3,3,2,3,1,1,Yes,1
EMP10503,39,35-44,Male,Research & Development,Research Scientist,4180,4K-7K,10,6-10,4,3,5,No,1.0,Low,3,1,Travel_Rarely,14.0,3,Life Sciences,Married,13048,1408,99,3,3,2,0,4,2,3,No,0
EMP10504,60,55+,Female,Sales,Sales Executive,8000,7K-10K,7,6-10,6,3,5,No,3.0,Medium-High,4,3,Travel_Rarely,15.0,4,Marketing,Married,9335,250,32,4,3,3,0,5,1,2,No,0
EMP10505,40,35-44,Male,Sales,Sales Executive,7250,7K-10K,17,11-20,6,11,1,No,2.0,Medium-Low,1,2,Travel_Rarely,9.0,3,Life Sciences,Married,24661,223,33,3,2,3,2,2,3,2,Yes,1
EMP10506,28,25-34,Male,Research & Development,Manager,5450,4K-7K,3,3-5,2,2,2,No,3.0,Medium-High,2,2,Travel_Rarely,12.0,5,Medical,Single,19568,371,56,3,2,4,2,3,2,3,No,0
EMP10507,36,35-44,Male,Sales,Sales Executive,4800,4K-7K,11,11-20,2,7,6,No,3.0,Medium-High,3,1,Travel_Rarely,8.0,4,Marketing,Divorced,25311,1463,56,2,1,3,1,5,0,1,Yes,1
EMP10508,21,18-24,Male,Sales,Sales Executive,1970,<4K,3,3-5,1,2,3,Yes,4.0,High,4,1,Travel_Rarely,19.0,2,Life Sciences,Single,16071,758,76,3,4,3,1,3,2,2,No,0
EMP10509,36,35-44,Female,Sales,Manager,5370,4K-7K,5,3-5,3,2,5,No,1.0,Low,3,2,Travel_Frequently,19.0,5,Life Sciences,Single,19117,707,89,1,3,3,2,4,1,2,No,0
EMP10510,29,25-34,Male,Sales,Sales Representative,7580,7K-10K,3,3-5,1,1,3,No,4.0,High,2,3,Travel_Rarely,5.0,3,Technical Degree,Divorced,20235,1080,65,3,4,3,1,3,0,2,Yes,1
EMP10511,45,45-54,Female,Research & Development,Research Scientist,10110,10K-15K,4,3-5,2,1,3,No,3.0,Medium-High,3,4,Non-Travel,3.0,3,Other,Single,8520,654,75,1,3,3,0,2,2,2,No,0
EMP10512,32,25-34,Male,Research & Development,Research Director,5230,4K-7K,4,3-5,2,1,2,Yes,3.0,Medium-High,3,2,Travel_Rarely,15.0,3,Life Sciences,Married,10586,630,90,1,3,3,1,2,2,2,No,0
EMP10513,36,35-44,Male,Sales,Sales Executive,3420,<4K,2,0-2,2,1,2,No,3.0,Medium-High,1,2,Travel_Rarely,3.0,3,Life Sciences,Single,7291,1236,71,3,3,2,3,4,1,2,Yes,1
EMP10514,31,25-34,Female,Sales,Sales Executive,7860,7K-10K,7,6-10,6,2,6,No,3.0,Medium-High,3,3,Travel_Rarely,20.0,2,Other,Single,20901,824,36,1,4,3,2,0,1,2,No,0
EMP10515,53,45-54,Male,Research & Development,Research Scientist,6680,4K-7K,7,6-10,4,6,6,No,4.0,High,3,2,Travel_Frequently,3.0,1,Life Sciences,Married,17106,745,59,3,2,3,1,2,1,4,No,0
EMP10516,34,25-34,Female,Research & Development,Research Scientist,6220,4K-7K,9,6-10,2,6,4,Yes,4.0,High,4,2,Non-Travel,15.0,3,Marketing,Single,25973,163,79,3,2,3,0,1,1,3,No,0
EMP10517,54,45-54,Female,Research & Development,Healthcare Representative,3320,<4K,4,3-5,0,4,2,Yes,2.0,Medium-Low,1,1,Travel_Rarely,9.0,4,Life Sciences,Single,5327,617,76,3,1,3,2,4,1,2,No,0
EMP10518,44,35-44,Male,Sales,Sales Executive,6310,4K-7K,10,6-10,2,4,5,Yes,3.0,Medium-High,2,2,Travel_Rarely,29.0,3,Life Sciences,Married,8124,1478,69,1,4,3,1,5,1,2,No,0
EMP10519,41,35-44,Male,Human Resources,Human Resources,6530,4K-7K,13,11-20,5,9,5,Yes,2.0,Medium-Low,3,2,Travel_Rarely,20.0,5,Marketing,Married,15431,1276,34,1,4,3,0,2,1,2,Yes,1
EMP10520,40,35-44,Female,Research & Development,Healthcare Representative,7080,7K-10K,5,3-5,3,3,5,No,4.0,High,3,3,Travel_Rarely,3.0,3,Medical,Divorced,20450,428,99,3,1,3,0,6,1,2,No,0
EMP10521,40,35-44,Male,Research & Development,Healthcare Representative,7980,7K-10K,3,3-5,1,1,2,No,3.0,Medium-High,3,3,Travel_Rarely,4.0,3,Life Sciences,Divorced,15095,789,87,2,2,2,2,5,2,2,No,0
EMP10522,19,18-24,Male,Research & Development,Research Scientist,3390,<4K,1,0-2,1,0,1,No,4.0,High,2,1,Travel_Rarely,13.0,2,Medical,Married,18180,578,73,4,3,1,0,3,0,2,No,0
EMP10523,34,25-34,Male,Human Resources,Human Resources,5720,4K-7K,6,6-10,2,3,1,No,3.0,Medium-High,1,2,Travel_Rarely,18.0,2,Human Resources,Single,2246,490,100,1,3,2,1,5,0,2,No,0
EMP10524,45,45-54,Male,Sales,Sales Executive,7130,7K-10K,5,3-5,3,1,5,No,2.0,Medium-Low,3,3,Travel_Frequently,3.0,3,Marketing,Married,23708,674,61,3,3,1,1,2,0,2,No,0
EMP10525,36,35-44,Female,Sales,Sales Representative,4200,4K-7K,9,6-10,5,5,4,No,3.0,Medium-High,4,1,Travel_Rarely,16.0,4,Life Sciences,Married,9587,511,108,1,4,2,2,2,1,2,No,0
EMP10526,24,18-24,Male,Research & Development,Healthcare Representative,3780,<4K,5,3-5,2,3,2,No,2.0,Medium-Low,3,1,Travel_Rarely,10.0,4,Marketing,Single,5138,1381,106,3,3,3,1,3,2,2,Yes,1
EMP10527,36,35-44,Male,Research & Development,Manager,4530,4K-7K,3,3-5,0,2,3,No,2.0,Medium-Low,3,1,Travel_Rarely,12.0,5,Technical Degree,Married,18725,968,103,4,1,2,1,2,1,2,No,0
EMP10528,52,45-54,Female,Research & Development,Research Scientist,3620,<4K,7,6-10,2,3,2,Yes,2.0,Medium-Low,4,2,Travel_Rarely,5.0,3,Human Resources,Divorced,16227,606,69,3,2,2,0,1,2,2,No,0
EMP10529,48,45-54,Male,Research & Development,Research Scientist,3980,<4K,9,6-10,5,3,4,Yes,4.0,High,3,1,Travel_Rarely,26.0,4,Marketing,Married,4434,1057,86,3,2,4,1,1,4,2,No,0
EMP10530,36,35-44,Male,Sales,Sales Executive,4570,4K-7K,9,6-10,3,4,2,Yes,1.0,Low,3,2,Travel_Rarely,11.0,3,Life Sciences,Married,18725,393,40,2,2,4,0,3,2,2,No,0
EMP10531,46,45-54,Female,Sales,Sales Executive,3800,<4K,4,3-5,1,1,3,Yes,4.0,High,1,1,Travel_Rarely,7.0,2,Technical Degree,Single,18491,862,69,4,3,3,0,3,1,2,No,0
EMP10532,34,25-34,Male,Human Resources,Human Resources,6360,4K-7K,7,6-10,3,5,5,No,1.0,Low,4,3,Travel_Frequently,7.0,4,Technical Degree,Married,8820,607,76,3,2,2,1,2,1,2,No,0
EMP10533,21,18-24,Female,Human Resources,Manager,3560,<4K,3,3-5,2,1,2,Yes,4.0,High,3,1,Travel_Rarely,7.0,4,Life Sciences,Single,23112,218,31,1,3,3,2,1,6,2,Yes,1
EMP10534,28,25-34,Female,Research & Development,Research Scientist,4340,4K-7K,10,6-10,6,7,3,Yes,4.0,High,2,1,Travel_Frequently,11.0,2,Medical,Divorced,23477,577,81,1,3,3,2,3,2,2,No,0
EMP10535,51,45-54,Male,Sales,Sales Executive,4440,4K-7K,2,0-2,1,1,2,No,3.0,Medium-High,1,2,Travel_Frequently,9.0,3,Life Sciences,Single,23905,663,101,1,2,2,2,5,0,3,No,0
EMP10536,34,25-34,Male,Sales,Sales Representative,5200,4K-7K,5,3-5,1,2,0,No,4.0,High,2,2,Travel_Rarely,3.0,3,Technical Degree,Divorced,15613,941,78,1,2,3,0,2,0,3,No,0
EMP10537,35,35-44,Male,Sales,Sales Executive,4950,4K-7K,13,11-20,8,3,6,No,4.0,High,1,1,Travel_Rarely,2.0,4,Life Sciences,Married,7226,1442,88,4,3,1,0,5,1,2,No,0
EMP10538,34,25-34,Male,Research & Development,Healthcare Representative,3040,<4K,2,0-2,1,2,2,Yes,1.0,Low,2,1,Travel_Frequently,15.0,3,Marketing,Married,9802,1171,67,2,4,4,0,4,0,3,No,0
EMP10539,54,45-54,Female,Research & Development,Research Scientist,3070,<4K,6,6-10,4,5,1,No,4.0,High,4,1,Travel_Rarely,12.0,5,Other,Divorced,14872,574,45,2,1,3,0,1,0,3,No,0
EMP10540,52,45-54,Female,Research & Development,Manufacturing Director,4690,4K-7K,4,3-5,2,3,1,Yes,1.0,Low,1,2,Travel_Rarely,25.0,2,Human Resources,Single,12716,1045,107,3,3,2,1,2,2,2,Yes,1
EMP10541,57,55+,Male,Human Resources,Human Resources,8760,7K-10K,7,6-10,6,5,1,No,1.0,Low,3,3,Travel_Rarely,3.0,3,Other,Single,20768,851,56,3,3,3,0,2,1,3,No,0
EMP10542,35,35-44,Female,Research & Development,Research Scientist,5160,4K-7K,1,0-2,1,1,1,No,3.0,Medium-High,1,2,Travel_Rarely,9.0,3,Other,Divorced,12552,649,103,2,3,3,1,3,1,4,Yes,1
EMP10543,40,35-44,Female,Research & Development,Manager,6020,4K-7K,12,11-20,4,5,1,No,1.0,Low,3,2,Travel_Rarely,9.0,3,Life Sciences,Married,15465,827,57,1,3,3,2,0,0,2,No,0
EMP10544,23,18-24,Female,Sales,Sales Executive,5040,4K-7K,5,3-5,1,2,5,No,1.0,Low,3,2,Travel_Rarely,1.0,3,Marketing,Married,7920,235,95,1,4,3,2,2,2,2,Yes,1
EMP10545,50,45-54,Male,Research & Development,Manufacturing Director,2990,<4K,3,3-5,1,1,3,Yes,4.0,High,1,1,Travel_Rarely,8.0,4,Medical,Single,10800,617,74,3,1,1,2,2,4,2,Yes,1
EMP10546,26,25-34,Male,Research & Development,Laboratory Technician,10720,10K-15K,3,3-5,1,1,3,No,4.0,High,4,4,Travel_Frequently,13.0,4,Other,Married,24307,858,62,2,2,2,2,5,2,2,No,0
EMP10547,39,35-44,Male,Research & Development,Laboratory Technician,6870,4K-7K,7,6-10,2,2,6,No,4.0,High,3,3,Travel_Rarely,19.0,5,Life Sciences,Single,7468,423,89,4,3,2,0,3,0,4,No,0
EMP10548,27,25-34,Female,Sales,Manager,3360,<4K,3,3-5,2,2,3,No,3.0,Medium-High,4,1,Travel_Rarely,3.0,4,Other,Married,17125,1320,79,3,4,4,2,2,4,2,Yes,1
EMP10549,32,25-34,Male,Research & Development,Research Scientist,5110,4K-7K,14,11-20,4,4,9,No,4.0,High,1,1,Travel_Rarely,12.0,4,Marketing,Married,16077,210,75,3,2,4,0,2,1,3,No,0
EMP10550,29,25-34,Male,Sales,Sales Representative,4730,4K-7K,5,3-5,2,1,5,No,1.0,Low,3,1,Travel_Rarely,2.0,3,Human Resources,Married,9696,1238,64,4,3,3,0,3,3,2,Yes,1
EMP10551,31,25-34,Male,Research & Development,Manager,4210,4K-7K,13,11-20,8,5,3,No,4.0,High,4,1,Travel_Rarely,7.0,4,Life Sciences,Single,12539,823,70,3,1,1,0,2,1,2,Yes,1
EMP10552,32,25-34,Male,Sales,Sales Representative,5990,4K-7K,7,6-10,3,6,5,Yes,2.0,Medium-Low,4,2,Travel_Rarely,10.0,3,Life Sciences,Married,4739,587,87,3,4,3,0,2,2,3,No,0
EMP10553,32,25-34,Male,Research & Development,Manager,6310,4K-7K,9,6-10,5,3,9,No,4.0,High,4,2,Travel_Frequently,9.0,3,Technical Degree,Married,23207,464,106,2,3,3,1,2,1,3,No,0
EMP10554,44,35-44,Female,Research & Development,Research Scientist,8240,7K-10K,9,6-10,6,8,2,No,3.0,Medium-High,3,3,Travel_Rarely,2.0,3,Life Sciences,Married,15845,866,84,3,2,2,0,3,0,2,No,0
EMP10555,27,25-34,Male,Sales,Sales Executive,5770,4K-7K,4,3-5,0,0,4,No,4.0,High,3,2,Travel_Rarely,3.0,3,Human Resources,Married,7060,931,34,2,3,3,3,1,2,3,No,0
EMP10556,39,35-44,Male,Research & Development,Research Scientist,6840,4K-7K,9,6-10,3,1,9,No,4.0,High,3,2,Travel_Rarely,4.0,3,Life Sciences,Single,25424,1433,34,3,3,2,2,1,3,3,Yes,1
EMP10557,48,45-54,Male,Research & Development,Healthcare Representative,5900,4K-7K,4,3-5,3,4,4,Yes,4.0,High,1,2,Travel_Frequently,11.0,5,Technical Degree,Divorced,26786,212,51,3,2,3,3,2,3,3,No,0
EMP10558,32,25-34,Male,Research & Development,Manager,4600,4K-7K,2,0-2,0,1,1,No,3.0,Medium-High,3,1,Travel_Rarely,8.0,3,Life Sciences,Married,26861,1393,63,3,4,3,2,1,1,2,No,0
EMP10559,30,25-34,Male,Sales,Sales Executive,3730,<4K,5,3-5,3,4,1,No,4.0,High,4,1,Travel_Frequently,6.0,2,Marketing,Married,12662,419,94,4,1,3,3,2,1,3,Yes,1
EMP10560,35,35-44,Male,Research & Development,Healthcare Representative,4530,4K-7K,2,0-2,2,2,2,No,4.0,High,1,2,Travel_Rarely,12.0,3,Technical Degree,Single,24222,274,88,3,3,3,0,4,1,2,No,0
EMP10561,48,45-54,Male,Sales,Sales Executive,4310,4K-7K,4,3-5,0,2,3,No,1.0,Low,2,1,Travel_Rarely,12.0,2,Life Sciences,Married,10685,1142,46,2,3,3,1,4,0,3,No,0
EMP10562,39,35-44,Male,Research & Development,Manufacturing Director,5280,4K-7K,6,6-10,2,2,6,Yes,3.0,Medium-High,2,1,Travel_Frequently,5.0,2,Life Sciences,Single,19401,1326,80,3,4,3,0,3,0,2,No,0
EMP10563,32,25-34,Male,Research & Development,Laboratory Technician,7060,7K-10K,3,3-5,2,3,3,No,1.0,Low,4,3,Travel_Rarely,10.0,3,Life Sciences,Divorced,5490,225,78,4,1,2,1,3,2,2,No,0
EMP10564,41,35-44,Male,Research & Development,Manager,5720,4K-7K,8,6-10,2,5,2,No,4.0,High,3,2,Travel_Rarely,12.0,3,Marketing,Single,21268,1094,38,3,3,3,2,2,1,3,No,0
EMP10565,27,25-34,Female,Research & Development,Manufacturing Director,2020,<4K,4,3-5,1,1,1,No,1.0,Low,3,1,Non-Travel,4.0,3,Medical,Single,4814,353,103,2,1,3,1,0,1,2,No,0
EMP10566,43,35-44,Female,Research & Development,Laboratory Technician,6090,4K-7K,2,0-2,1,1,1,No,4.0,High,3,2,Travel_Frequently,6.0,4,Technical Degree,Single,12181,1028,44,4,4,3,0,3,2,2,Yes,1
EMP10567,41,35-44,Male,Research & Development,Research Scientist,6560,4K-7K,3,3-5,1,0,3,Yes,3.0,Medium-High,3,3,Travel_Rarely,7.0,4,Medical,Divorced,16680,866,58,2,2,3,1,3,1,3,Yes,1
EMP10568,34,25-34,Male,Research & Development,Research Scientist,3830,<4K,6,6-10,2,5,1,No,1.0,Low,4,1,Travel_Rarely,13.0,3,Medical,Married,6914,391,82,4,3,3,0,2,2,2,No,0
EMP10569,29,25-34,Female,Sales,Sales Executive,4280,4K-7K,5,3-5,2,1,5,No,4.0,High,2,1,Travel_Frequently,15.0,3,Life Sciences,Single,12558,1275,54,1,3,2,2,1,3,2,No,0
EMP10570,29,25-34,Male,Research & Development,Research Scientist,12260,10K-15K,7,6-10,1,6,6,No,1.0,Low,3,4,Travel_Rarely,12.0,3,Life Sciences,Divorced,15653,298,57,4,1,2,1,1,2,2,No,0
EMP10571,42,35-44,Female,Research & Development,Research Director,2920,<4K,6,6-10,1,4,3,No,3.0,Medium-High,2,1,Travel_Rarely,2.0,4,Life Sciences,Single,13642,1322,52,1,1,3,3,3,1,2,No,0
EMP10572,48,45-54,Female,Sales,Sales Representative,4610,4K-7K,3,3-5,2,2,1,No,4.0,High,1,1,Travel_Rarely,4.0,2,Other,Married,26299,786,32,3,2,3,3,3,0,2,No,0
EMP10573,31,25-34,Male,Research & Development,Manufacturing Director,5440,4K-7K,4,3-5,2,2,4,No,2.0,Medium-Low,2,2,Travel_Rarely,13.0,1,Other,Married,21448,881,62,3,4,4,0,4,2,1,No,0
EMP10574,41,35-44,Male,Research & Development,Research Scientist,7700,7K-10K,10,6-10,1,1,10,No,3.0,Medium-High,3,3,Travel_Frequently,14.0,4,Life Sciences,Divorced,18973,1040,100,3,3,3,3,2,4,2,No,0
EMP10575,18,18-24,Female,Sales,Manager,3400,<4K,0,0-2,0,0,0,No,4.0,High,4,1,Travel_Rarely,9.0,3,Marketing,Married,10826,1303,98,3,4,3,3,2,1,2,Yes,1
EMP10576,32,25-34,Male,Sales,Sales Representative,5030,4K-7K,14,11-20,3,4,4,No,4.0,High,3,1,Travel_Rarely,8.0,2,Other,Married,26783,317,46,3,1,3,1,3,2,3,Yes,1
EMP10577,37,35-44,Male,Research & Development,Research Scientist,4510,4K-7K,2,0-2,1,1,2,No,1.0,Low,1,1,Travel_Rarely,17.0,3,Medical,Married,20617,729,96,1,1,3,2,2,4,2,Yes,1
EMP10578,29,25-34,Male,Sales,Sales Representative,16850,15K+,10,6-10,1,0,10,No,1.0,Low,4,5,Travel_Rarely,1.0,5,Life Sciences,Married,19697,917,96,2,4,3,0,4,1,2,No,0
EMP10579,28,25-34,Male,Research & Development,Manufacturing Director,4180,4K-7K,5,3-5,3,1,0,No,3.0,Medium-High,2,1,Non-Travel,6.0,4,Life Sciences,Single,26553,932,63,3,3,3,3,5,1,2,Yes,1
EMP10580,31,25-34,Female,Research & Development,Research Scientist,4030,4K-7K,3,3-5,1,0,3,Yes,3.0,Medium-High,4,2,Travel_Rarely,21.0,4,Medical,Married,14541,1443,37,3,3,3,1,1,2,2,No,0
EMP10581,40,35-44,Female,Research & Development,Laboratory Technician,11450,10K-15K,6,6-10,3,4,6,Yes,3.0,Medium-High,4,4,Travel_Rarely,21.0,3,Other,Married,19354,122,74,1,4,2,3,2,2,2,No,0
EMP10582,35,35-44,Female,Human Resources,Human Resources,4590,4K-7K,3,3-5,2,2,3,No,2.0,Medium-Low,3,1,Travel_Rarely,3.0,3,Technical Degree,Married,6706,736,89,2,4,4,0,5,1,2,No,0
EMP10583,18,18-24,Male,Research & Development,Research Scientist,10290,10K-15K,0,0-2,0,0,0,No,3.0,Medium-High,1,4,Travel_Frequently,5.0,5,Life Sciences,Single,8589,1207,85,3,1,3,2,3,2,2,No,0
EMP10584,18,18-24,Male,Research & Development,Manager,9190,7K-10K,0,0-2,0,0,0,No,4.0,High,3,4,Travel_Rarely,12.0,5,Life Sciences,Married,18289,810,99,3,1,3,0,3,1,2,No,0
EMP10585,31,25-34,Male,Research & Development,Research Director,9050,7K-10K,9,6-10,3,4,7,No,1.0,Low,4,3,Travel_Rarely,8.0,3,Technical Degree,Married,11671,1449,51,4,1,3,0,3,2,3,Yes,1
EMP10586,41,35-44,Male,Research & Development,Healthcare Representative,3240,<4K,4,3-5,2,1,4,Yes,2.0,Medium-Low,3,1,Non-Travel,11.0,4,Other,Married,11362,798,62,1,4,3,3,4,1,2,Yes,1
EMP10587,18,18-24,Male,Research & Development,Laboratory Technician,4310,4K-7K,0,0-2,0,0,0,No,3.0,Medium-High,2,2,Non-Travel,2.0,2,Marketing,Divorced,15171,428,79,4,2,3,2,3,1,3,Yes,1
EMP10588,32,25-34,Female,Research & Development,Laboratory Technician,8660,7K-10K,10,6-10,6,3,4,Yes,1.0,Low,3,3,Travel_Rarely,17.0,3,Technical Degree,Married,5185,1453,100,4,3,4,2,3,1,2,No,0
EMP10589,32,25-34,Female,Research & Development,Healthcare Representative,15980,15K+,6,6-10,1,1,3,No,3.0,Medium-High,3,5,Travel_Rarely,9.0,4,Life Sciences,Married,9264,810,75,1,4,3,1,3,1,2,No,0
EMP10590,50,45-54,Male,Research & Development,Manufacturing Director,3710,<4K,7,6-10,3,5,7,No,2.0,Medium-Low,1,1,Travel_Rarely,7.0,3,Human Resources,Single,17741,572,81,3,3,3,3,5,2,2,No,0
EMP10591,33,25-34,Female,Research & Development,Research Scientist,8100,7K-10K,6,6-10,3,2,5,No,2.0,Medium-Low,4,3,Travel_Rarely,14.0,5,Human Resources,Single,25510,577,103,3,1,3,2,2,1,2,No,0
EMP10592,40,35-44,Male,Research & Development,Manufacturing Director,6300,4K-7K,8,6-10,2,7,4,No,3.0,Medium-High,4,1,Travel_Rarely,10.0,2,Life Sciences,Married,20759,1358,95,3,3,4,0,3,1,2,No,0
EMP10593,38,35-44,Male,Research & Development,Research Director,4350,4K-7K,2,0-2,1,1,2,No,2.0,Medium-Low,2,1,Travel_Rarely,12.0,3,Technical Degree,Single,22828,1021,50,3,1,3,2,5,4,2,No,0
EMP10594,18,18-24,Female,Research & Development,Laboratory Technician,5620,4K-7K,0,0-2,0,0,0,No,4.0,High,1,2,Travel_Rarely,9.0,4,Life Sciences,Divorced,17529,655,53,3,3,3,0,3,5,2,Yes,1
EMP10595,44,35-44,Male,Sales,Sales Executive,7790,7K-10K,4,3-5,0,2,3,Yes,4.0,High,3,3,Travel_Rarely,6.0,4,Life Sciences,Divorced,8450,687,77,2,2,2,2,3,3,2,No,0
EMP10596,39,35-44,Female,Research & Development,Healthcare Representative,7070,7K-10K,5,3-5,3,4,5,No,3.0,Medium-High,2,2,Travel_Rarely,13.0,2,Life Sciences,Married,18582,793,42,1,1,3,0,4,3,2,No,0
EMP10597,42,35-44,Female,Sales,Sales Executive,5490,4K-7K,1,0-2,1,1,1,No,3.0,Medium-High,1,2,Travel_Rarely,18.0,3,Life Sciences,Married,5248,218,93,2,4,3,1,3,1,2,No,0
EMP10598,60,55+,Male,Research & Development,Research Scientist,14450,10K-15K,4,3-5,1,2,4,No,1.0,Low,4,5,Travel_Rarely,21.0,3,Life Sciences,Married,3147,1163,34,3,4,3,2,2,2,3,No,0
EMP10599,18,18-24,Female,Research & Development,Research Scientist,4430,4K-7K,0,0-2,0,0,0,No,4.0,High,4,2,Travel_Rarely,7.0,2,Medical,Married,23660,359,47,2,4,3,1,3,4,2,Yes,1
EMP10600,53,45-54,Male,Research & Development,Laboratory Technician,6710,4K-7K,15,11-20,4,6,7,Yes,3.0,Medium-High,2,2,Travel_Rarely,3.0,5,Medical,Married,8750,1048,104,4,2,2,2,2,1,2,No,0
EMP10601,34,25-34,Male,Research & Development,Healthcare Representative,3350,<4K,8,6-10,5,2,8,Yes,1.0,Low,3,1,Travel_Rarely,13.0,4,Medical,Single,6706,855,66,3,4,3,3,5,1,2,Yes,1
EMP10602,40,35-44,Male,Research & Development,Manufacturing Director,4890,4K-7K,4,3-5,1,3,1,Yes,2.0,Medium-Low,1,2,Travel_Rarely,5.0,2,Life Sciences,Divorced,6035,105,83,3,3,3,0,3,1,2,No,0
EMP10603,36,35-44,Male,Research & Development,Research Scientist,4500,4K-7K,2,0-2,1,1,2,No,2.0,Medium-Low,2,2,Travel_Rarely,7.0,2,Life Sciences,Married,18240,410,61,4,4,3,1,1,0,2,No,0
EMP10604,33,25-34,Female,Research & Development,Research Director,12490,10K-15K,13,11-20,6,11,12,Yes,1.0,Low,1,4,Travel_Rarely,15.0,2,Marketing,Single,11917,165,57,2,4,3,0,2,2,2,No,0
EMP10605,32,25-34,Male,Research & Development,Research Director,5600,4K-7K,4,3-5,2,3,3,No,3.0,Medium-High,1,2,Travel_Frequently,7.0,4,Life Sciences,Single,5968,1497,74,1,4,3,1,4,3,2,No,0
EMP10606,40,35-44,Female,Research & Development,Research Director,7200,7K-10K,7,6-10,4,1,3,No,4.0,High,3,3,Travel_Rarely,3.0,2,Life Sciences,Married,13281,830,57,4,1,3,0,1,2,2,Yes,1
EMP10607,23,18-24,Male,Research & Development,Research Scientist,3160,<4K,4,3-5,2,2,2,No,4.0,High,3,1,Travel_Rarely,8.0,3,Other,Single,7054,1269,94,3,3,3,1,6,1,2,No,0
EMP10608,44,35-44,Male,Research & Development,Laboratory Technician,4120,4K-7K,8,6-10,4,2,7,No,3.0,Medium-High,3,1,Travel_Rarely,14.0,3,Technical Degree,Single,15485,1357,99,1,3,4,0,1,0,2,No,0
EMP10609,33,25-34,Female,Research & Development,Manager,6320,4K-7K,12,11-20,7,3,12,No,3.0,Medium-High,3,2,Travel_Rarely,15.0,3,Other,Single,19810,128,104,1,2,3,2,4,0,2,No,0
EMP10610,27,25-34,Male,Sales,Sales Representative,3950,<4K,9,6-10,5,3,2,Yes,2.0,Medium-Low,2,1,Travel_Rarely,25.0,2,Medical,Divorced,20225,759,71,4,2,3,0,2,3,3,No,0
EMP10611,33,25-34,Male,Research & Development,Research Scientist,3860,<4K,5,3-5,3,1,5,No,3.0,Medium-High,3,1,Travel_Rarely,8.0,3,Life Sciences,Single,25671,999,62,3,1,2,0,2,3,2,Yes,1
EMP10612,48,45-54,Male,Sales,Sales Executive,5780,4K-7K,13,11-20,3,4,2,Yes,2.0,Medium-Low,2,2,Travel_Rarely,8.0,5,Technical Degree,Married,6863,1003,45,1,4,3,1,4,0,2,No,0
EMP10613,32,25-34,Male,Research & Development,Laboratory Technician,4520,4K-7K,14,11-20,7,4,6,Yes,2.0,Medium-Low,1,1,Travel_Rarely,12.0,4,Life Sciences,Single,16431,460,42,4,4,3,0,2,5,3,No,0
EMP10614,40,35-44,Male,Research & Development,Manager,3780,<4K,11,11-20,3,11,2,No,3.0,Medium-High,1,1,Travel_Rarely,3.0,4,Medical,Married,14085,1061,50,3,3,3,0,5,0,2,Yes,1
EMP10615,30,25-34,Female,Sales,Sales Executive,6360,4K-7K,4,3-5,3,3,0,No,3.0,Medium-High,1,2,Travel_Rarely,19.0,1,Life Sciences,Married,8174,1478,88,4,3,2,2,1,2,2,No,0
EMP10616,44,35-44,Male,Sales,Sales Executive,6180,4K-7K,10,6-10,2,6,10,Yes,1.0,Low,3,2,Travel_Rarely,14.0,3,Human Resources,Divorced,20528,125,76,2,2,4,1,4,1,2,No,0
EMP10617,43,35-44,Male,Research & Development,Research Scientist,11240,10K-15K,11,11-20,7,7,2,No,1.0,Low,1,4,Travel_Rarely,9.0,4,Life Sciences,Married,2704,1413,68,3,3,4,0,2,0,2,No,0
EMP10618,54,45-54,Female,Research & Development,Healthcare Representative,4050,4K-7K,5,3-5,2,2,1,Yes,2.0,Medium-Low,3,2,Travel_Rarely,10.0,3,Other,Married,11960,170,72,1,1,3,0,3,1,2,No,0
EMP10619,35,35-44,Male,Sales,Sales Representative,6230,4K-7K,17,11-20,11,13,4,No,3.0,Medium-High,4,2,Travel_Rarely,15.0,4,Other,Married,3069,1212,56,3,3,3,1,4,0,2,No,0
EMP10620,43,35-44,Female,Sales,Sales Executive,12660,10K-15K,12,11-20,9,6,5,No,2.0,Medium-Low,2,4,Travel_Rarely,29.0,4,Medical,Married,14066,276,66,1,4,4,2,0,0,2,No,0
EMP10621,38,35-44,Male,Research & Development,Healthcare Representative,7590,7K-10K,5,3-5,2,2,5,No,1.0,Low,3,3,Travel_Rarely,9.0,2,Technical Degree,Single,9728,126,32,2,3,3,0,3,1,2,No,0
EMP10622,49,45-54,Male,Research & Development,Manager,4980,4K-7K,4,3-5,2,2,3,No,2.0,Medium-Low,3,1,Travel_Rarely,5.0,4,Marketing,Married,24864,1412,105,2,3,3,0,4,1,3,No,0
EMP10623,30,25-34,Female,Research & Development,Research Scientist,4260,4K-7K,11,11-20,6,9,3,No,1.0,Low,4,1,Travel_Rarely,7.0,5,Human Resources,Single,25201,939,36,2,1,3,0,3,0,2,No,0
EMP10624,44,35-44,Male,Research & Development,Manufacturing Director,6760,4K-7K,19,11-20,10,8,2,Yes,4.0,High,1,2,Travel_Rarely,17.0,2,Medical,Divorced,8428,916,87,4,2,3,3,2,1,2,No,0
EMP10625,35,35-44,Female,Research & Development,Research Scientist,6300,4K-7K,2,0-2,1,0,2,No,2.0,Medium-Low,3,2,Travel_Frequently,11.0,3,Human Resources,Married,24661,674,49,1,3,3,0,1,1,2,No,0
EMP10626,36,35-44,Male,Research & Development,Research Director,7170,7K-10K,8,6-10,6,0,6,Yes,1.0,Low,2,3,Travel_Rarely,22.0,3,Medical,Married,10960,1099,108,3,1,3,0,4,2,2,Yes,1
EMP10627,38,35-44,Male,Research & Development,Manufacturing Director,6530,4K-7K,10,6-10,7,2,4,No,3.0,Medium-High,3,2,Travel_Rarely,2.0,3,Other,Married,17030,630,94,3,2,3,1,5,1,2,No,0
EMP10628,39,35-44,Male,Sales,Sales Representative,6760,4K-7K,12,11-20,3,7,2,No,2.0,Medium-Low,1,2,Travel_Rarely,8.0,2,Medical,Married,16874,592,103,3,2,4,2,4,1,2,No,0
EMP10629,36,35-44,Male,Research & Development,Research Director,16670,15K+,10,6-10,7,3,3,No,3.0,Medium-High,1,5,Travel_Rarely,16.0,3,Medical,Married,13915,377,43,3,3,3,0,4,1,2,No,0
EMP10630,39,35-44,Female,Research & Development,Laboratory Technician,4810,4K-7K,4,3-5,0,2,1,No,1.0,Low,2,2,Travel_Rarely,2.0,5,Human Resources,Married,10451,1098,108,3,2,3,1,4,1,4,No,0
EMP10631,51,45-54,Male,Sales,Manager,2830,<4K,2,0-2,1,1,2,No,4.0,High,1,1,Non-Travel,2.0,3,Human Resources,Single,25030,1469,78,4,3,3,2,2,1,2,No,0
EMP10632,46,45-54,Female,Sales,Sales Executive,8860,7K-10K,5,3-5,3,3,3,No,4.0,High,2,3,Travel_Frequently,16.0,2,Marketing,Single,8735,1361,103,3,3,3,0,3,1,2,No,0
EMP10633,45,45-54,Female,Research & Development,Research Scientist,5570,4K-7K,10,6-10,2,2,7,Yes,3.0,Medium-High,3,1,Non-Travel,6.0,4,Life Sciences,Single,21327,1260,66,4,1,3,3,4,5,2,Yes,1
EMP10634,33,25-34,Male,Research & Development,Healthcare Representative,7380,7K-10K,4,3-5,2,1,4,No,4.0,High,3,3,Travel_Rarely,13.0,3,Medical,Single,17626,1286,35,3,1,3,1,1,0,2,No,0
EMP10635,29,25-34,Male,Research & Development,Research Director,11760,10K-15K,11,11-20,7,10,3,No,3.0,Medium-High,3,4,Travel_Rarely,3.0,4,Other,Divorced,26659,938,35,3,4,3,1,4,2,2,No,0
EMP10636,46,45-54,Female,Research & Development,Laboratory Technician,5190,4K-7K,5,3-5,3,4,3,No,4.0,High,1,2,Travel_Frequently,7.0,3,Technical Degree,Married,22889,946,57,3,3,3,3,5,1,2,No,0
EMP10637,45,45-54,Female,Research & Development,Research Director,4840,4K-7K,4,3-5,2,3,3,No,3.0,Medium-High,1,2,Travel_Frequently,11.0,2,Human Resources,Single,7275,999,107,2,2,3,0,3,2,4,No,0
EMP10638,50,45-54,Male,Research & Development,Manager,6110,4K-7K,8,6-10,4,6,1,No,2.0,Medium-Low,4,2,Travel_Frequently,3.0,2,Life Sciences,Single,21945,392,42,2,3,3,2,4,2,2,No,0
EMP10639,31,25-34,Male,Research & Development,Research Scientist,3410,<4K,5,3-5,4,4,5,No,1.0,Low,2,1,Travel_Rarely,3.0,4,Medical,Married,24855,1151,42,2,1,4,2,2,1,2,Yes,1
EMP10640,35,35-44,Male,Research & Development,Manager,3300,<4K,4,3-5,1,1,0,No,2.0,Medium-Low,4,1,Travel_Rarely,9.0,3,Technical Degree,Married,16273,355,39,2,2,2,1,3,2,2,Yes,1
EMP10641,22,18-24,Female,Research & Development,Research Scientist,6000,4K-7K,4,3-5,2,1,2,Yes,3.0,Medium-High,4,2,Non-Travel,2.0,4,Other,Married,11831,1004,109,3,3,3,0,2,1,2,Yes,1
EMP10642,33,25-34,Male,Research & Development,Research Scientist,6500,4K-7K,4,3-5,2,2,2,Yes,2.0,Medium-Low,1,3,Travel_Rarely,5.0,3,Life Sciences,Married,20777,764,68,2,2,3,1,3,3,2,Yes,1
EMP10643,46,45-54,Female,Research & Development,Research Scientist,5150,4K-7K,5,3-5,3,1,2,No,3.0,Medium-High,4,2,Travel_Frequently,15.0,3,Other,Divorced,24624,364,108,3,3,3,0,3,1,3,No,0
EMP10644,33,25-34,Male,Research & Development,Manager,3840,<4K,8,6-10,6,4,6,No,2.0,Medium-Low,3,1,Travel_Rarely,12.0,3,Marketing,Single,21068,500,52,4,1,4,1,0,1,2,Yes,1
EMP10645,43,35-44,Male,Research & Development,Healthcare Representative,6220,4K-7K,13,11-20,3,5,3,No,4.0,High,3,2,Non-Travel,15.0,5,Life Sciences,Married,20614,559,66,3,1,3,2,2,2,2,No,0
EMP10646,35,35-44,Male,Sales,Sales Executive,8670,7K-10K,8,6-10,3,6,3,Yes,3.0,Medium-High,4,3,Travel_Rarely,12.0,5,Life Sciences,Divorced,13590,876,37,2,2,3,1,6,2,2,No,0
EMP10647,40,35-44,Male,Research & Development,Laboratory Technician,4660,4K-7K,6,6-10,3,2,5,No,3.0,Medium-High,2,2,Travel_Rarely,1.0,3,Life Sciences,Single,22131,1256,89,2,2,3,1,4,4,2,No,0
EMP10648,26,25-34,Male,Sales,Sales Representative,6110,4K-7K,8,6-10,2,3,5,No,3.0,Medium-High,3,2,Travel_Rarely,3.0,3,Marketing,Married,2895,1120,34,4,4,2,0,0,3,2,No,0
EMP10649,38,35-44,Male,Sales,Sales Executive,7050,7K-10K,4,3-5,0,4,4,No,4.0,High,3,3,Travel_Rarely,5.0,2,Life Sciences,Single,10852,1314,56,4,1,3,0,4,2,2,Yes,1
EMP10650,18,18-24,Male,Research & Development,Research Director,4110,4K-7K,0,0-2,0,0,0,No,1.0,Low,3,2,Travel_Rarely,22.0,3,Life Sciences,Married,23424,1247,48,4,4,3,2,1,2,2,Yes,1
EMP10651,35,35-44,Male,Research & Development,Research Director,5240,4K-7K,4,3-5,2,2,4,Yes,1.0,Low,3,2,Travel_Rarely,16.0,3,Human Resources,Single,13041,1341,72,2,4,3,0,4,0,3,Yes,1
EMP10652,22,18-24,Male,Research & Development,Manufacturing Director,7260,7K-10K,4,3-5,3,3,2,No,4.0,High,1,3,Non-Travel,20.0,4,Life Sciences,Divorced,12617,502,72,2,3,2,0,5,3,3,No,0
EMP10653,48,45-54,Female,Research & Development,Manager,2630,<4K,3,3-5,2,1,3,No,4.0,High,2,1,Travel_Frequently,19.0,5,Life Sciences,Divorced,3110,1094,64,4,3,2,3,3,3,2,No,0
EMP10654,44,35-44,Male,Sales,Sales Executive,16310,15K+,3,3-5,1,1,2,Yes,3.0,Medium-High,4,5,Travel_Rarely,16.0,3,Medical,Divorced,22129,1445,84,2,4,3,1,1,3,3,Yes,1
EMP10655,41,35-44,Male,Research & Development,Manager,4420,4K-7K,5,3-5,1,1,3,No,2.0,Medium-Low,2,1,Travel_Rarely,3.0,3,Medical,Married,8823,400,90,1,2,3,2,2,0,2,No,0
EMP10656,51,45-54,Male,Research & Development,Healthcare Representative,3620,<4K,2,0-2,1,1,2,Yes,2.0,Medium-Low,3,1,Travel_Rarely,8.0,4,Technical Degree,Divorced,11350,1194,76,2,2,4,0,4,2,3,No,0
EMP10657,28,25-34,Female,Research & Development,Manufacturing Director,7880,7K-10K,7,6-10,2,5,6,Yes,2.0,Medium-Low,2,3,Travel_Rarely,6.0,4,Medical,Married,4137,313,106,4,1,3,0,1,1,2,No,0
EMP10658,53,45-54,Male,Research & Development,Research Scientist,4410,4K-7K,8,6-10,4,2,5,No,4.0,High,1,1,Travel_Frequently,5.0,1,Human Resources,Married,15107,973,85,3,3,1,1,2,1,2,No,0
EMP10659,45,45-54,Female,Research & Development,Research Director,6140,4K-7K,8,6-10,1,3,3,No,2.0,Medium-Low,1,2,Travel_Frequently,18.0,3,Marketing,Single,3840,473,47,4,1,3,1,4,1,2,Yes,1
EMP10660,35,35-44,Female,Research & Development,Laboratory Technician,7310,7K-10K,10,6-10,6,7,5,No,3.0,Medium-High,2,3,Non-Travel,11.0,3,Life Sciences,Married,20294,1459,94,1,4,3,3,2,1,2,No,0
EMP10661,47,45-54,Female,Research & Development,Research Scientist,5750,4K-7K,5,3-5,4,2,5,No,4.0,High,3,3,Non-Travel,6.0,3,Life Sciences,Married,13102,1294,82,3,3,3,1,5,2,2,No,0
EMP10662,27,25-34,Male,Human Resources,Human Resources,16040,15K+,9,6-10,6,2,9,No,1.0,Low,4,5,Travel_Rarely,19.0,2,Medical,Single,2742,443,40,1,4,1,0,1,1,2,No,0
EMP10663,29,25-34,Female,Research & Development,Manufacturing Director,3440,<4K,11,11-20,6,7,1,No,1.0,Low,3,1,Travel_Rarely,3.0,2,Life Sciences,Married,5160,961,30,1,2,2,0,0,1,2,No,0
EMP10664,31,25-34,Male,Research & Development,Manufacturing Director,3370,<4K,3,3-5,1,2,3,Yes,2.0,Medium-Low,3,2,Travel_Frequently,14.0,4,Technical Degree,Divorced,19700,400,37,3,3,2,0,2,5,2,No,0
EMP10665,32,25-34,Male,Research & Development,Healthcare Representative,4230,4K-7K,6,6-10,3,2,6,No,3.0,Medium-High,3,1,Travel_Rarely,2.0,3,Marketing,Married,6541,1414,48,3,3,3,0,3,0,2,No,0
EMP10666,27,25-34,Female,Research & Development,Manager,4080,4K-7K,1,0-2,1,1,1,No,2.0,Medium-Low,4,2,Travel_Rarely,10.0,2,Life Sciences,Single,25950,848,84,3,2,3,1,4,0,2,No,0
EMP10667,48,45-54,Male,Research & Development,Research Scientist,9560,7K-10K,12,11-20,6,7,4,No,1.0,Low,3,3,Travel_Rarely,4.0,3,Life Sciences,Divorced,9681,536,45,4,4,2,0,2,2,2,No,0
EMP10668,35,35-44,Female,Research & Development,Healthcare Representative,3800,<4K,10,6-10,6,5,6,No,2.0,Medium-Low,1,1,Travel_Rarely,5.0,4,Life Sciences,Single,25391,201,95,1,3,3,0,2,1,2,Yes,1
EMP10669,40,35-44,Male,Research & Development,Research Scientist,6010,4K-7K,14,11-20,7,9,0,Yes,1.0,Low,3,2,Travel_Rarely,15.0,4,Marketing,Divorced,22189,109,41,1,1,4,3,3,1,2,Yes,1
EMP10670,32,25-34,Female,Research & Development,Research Director,3990,<4K,2,0-2,2,1,2,Yes,2.0,Medium-Low,4,2,Travel_Frequently,5.0,3,Medical,Married,16295,1164,103,3,4,3,1,5,5,3,Yes,1
EMP10671,20,18-24,Male,Research & Development,Research Director,6280,4K-7K,2,0-2,2,1,2,No,2.0,Medium-Low,3,2,Non-Travel,3.0,3,Medical,Married,10108,469,91,4,3,3,0,3,2,2,Yes,1
EMP10672,39,35-44,Male,Sales,Sales Executive,12680,10K-15K,4,3-5,3,2,4,No,1.0,Low,4,4,Travel_Frequently,12.0,5,Life Sciences,Single,20115,225,87,4,2,2,0,2,2,2,Yes,1
EMP10673,19,18-24,Male,Research & Development,Healthcare Representative,3030,<4K,1,0-2,0,0,1,No,4.0,High,2,1,Travel_Rarely,14.0,3,Technical Degree,Single,11847,884,50,3,2,2,2,6,1,3,No,0
EMP10674,36,35-44,Female,Research & Development,Laboratory Technician,5310,4K-7K,11,11-20,4,5,3,No,2.0,Medium-Low,4,2,Travel_Rarely,1.0,3,Other,Married,25793,482,66,3,3,3,2,3,1,2,No,0
EMP10675,24,18-24,Male,Research & Development,Manufacturing Director,7590,7K-10K,2,0-2,2,1,2,No,3.0,Medium-High,2,3,Non-Travel,23.0,3,Life Sciences,Married,16268,426,34,2,3,3,2,0,1,3,No,0
EMP10676,55,55+,Male,Human Resources,Manager,5670,4K-7K,7,6-10,4,3,2,No,3.0,Medium-High,1,2,Travel_Rarely,6.0,2,Medical,Married,17021,549,99,1,3,3,1,1,2,2,No,0
EMP10677,45,45-54,Male,Research & Development,Laboratory Technician,3460,<4K,4,3-5,1,1,0,No,4.0,High,3,1,Travel_Rarely,6.0,3,Other,Married,19951,622,61,3,3,4,2,4,1,2,No,0
EMP10678,38,35-44,Female,Research & Development,Laboratory Technician,5840,4K-7K,7,6-10,1,1,2,Yes,1.0,Low,1,2,Non-Travel,1.0,4,Life Sciences,Married,20194,1109,96,4,1,3,3,0,2,2,Yes,1
EMP10679,48,45-54,Male,Human Resources,Human Resources,5220,4K-7K,10,6-10,6,2,1,No,2.0,Medium-Low,3,1,Travel_Rarely,13.0,3,Marketing,Married,9874,1041,39,3,2,3,0,3,6,3,No,0
EMP10680,29,25-34,Male,Sales,Sales Representative,4520,4K-7K,7,6-10,2,3,1,Yes,4.0,High,4,1,Travel_Rarely,4.0,3,Life Sciences,Divorced,7123,1082,98,3,3,3,2,2,3,2,No,0
EMP10681,42,35-44,Male,Sales,Sales Executive,7800,7K-10K,3,3-5,1,0,3,Yes,4.0,High,4,3,Travel_Rarely,6.0,5,Marketing,Married,13208,372,91,3,3,2,2,4,1,2,No,0
EMP10682,39,35-44,Male,Research & Development,Research Scientist,7610,7K-10K,18,11-20,8,7,1,Yes,2.0,Medium-Low,3,2,Travel_Rarely,13.0,2,Life Sciences,Divorced,16868,601,66,3,1,3,0,3,5,2,No,0
EMP10683,39,35-44,Male,Research & Development,Healthcare Representative,9300,7K-10K,5,3-5,2,3,4,No,1.0,Low,3,4,Travel_Rarely,6.0,3,Other,Single,17597,1350,76,4,2,3,0,1,1,2,Yes,1
EMP10684,48,45-54,Male,Sales,Sales Representative,7100,7K-10K,4,3-5,3,1,4,Yes,4.0,High,4,3,Travel_Rarely,6.0,3,Technical Degree,Married,10669,1350,78,3,4,2,1,4,0,2,No,0
EMP10685,44,35-44,Female,Sales,Sales Executive,5450,4K-7K,6,6-10,4,4,3,No,1.0,Low,3,2,Non-Travel,8.0,3,Human Resources,Married,25664,965,53,1,4,2,0,5,1,3,No,0
EMP10686,40,35-44,Male,Research & Development,Research Scientist,4030,4K-7K,2,0-2,1,1,1,No,4.0,High,4,1,Travel_Rarely,12.0,2,Technical Degree,Divorced,7852,440,55,4,3,4,0,1,1,3,No,0
EMP10687,22,18-24,Male,Research & Development,Research Scientist,5580,4K-7K,4,3-5,1,3,4,No,4.0,High,4,2,Travel_Frequently,16.0,3,Marketing,Married,6705,371,84,3,1,3,3,2,0,2,No,0
EMP10688,28,25-34,Male,Research & Development,Laboratory Technician,4190,4K-7K,5,3-5,4,3,2,No,2.0,Medium-Low,2,1,Travel_Frequently,2.0,4,Medical,Single,2141,494,36,3,3,2,1,4,2,2,No,0
EMP10689,36,35-44,Female,Sales,Sales Executive,12360,10K-15K,7,6-10,5,3,2,Yes,4.0,High,1,4,Travel_Rarely,16.0,4,Other,Married,16997,1247,107,4,1,2,1,4,1,3,No,0
EMP10690,38,35-44,Female,Research & Development,Healthcare Representative,4500,4K-7K,6,6-10,5,2,6,No,3.0,Medium-High,3,1,Travel_Frequently,14.0,4,Other,Single,6655,1009,70,2,3,3,0,6,6,3,Yes,1
EMP10691,27,25-34,Female,Research & Development,Healthcare Representative,4280,4K-7K,8,6-10,5,5,1,No,4.0,High,4,1,Travel_Frequently,5.0,3,Medical,Single,20482,294,31,3,3,2,1,4,1,3,No,0
EMP10692,59,55+,Male,Research & Development,Manufacturing Director,5040,4K-7K,6,6-10,2,0,2,No,3.0,Medium-High,4,2,Travel_Rarely,11.0,2,Other,Married,12762,1296,59,3,3,2,2,6,1,3,No,0
EMP10693,51,45-54,Male,Research & Development,Laboratory Technician,4130,4K-7K,12,11-20,3,1,1,No,1.0,Low,3,1,Travel_Rarely,10.0,3,Marketing,Divorced,7389,1326,49,2,1,3,0,3,3,2,No,0
EMP10694,42,35-44,Male,Research & Development,Research Director,3500,<4K,9,6-10,5,1,7,No,4.0,High,1,1,Travel_Rarely,12.0,2,Marketing,Single,19670,1156,85,4,3,3,0,3,0,2,No,0
EMP10695,38,35-44,Male,Research & Development,Manufacturing Director,5690,4K-7K,8,6-10,5,4,1,No,1.0,Low,1,2,Travel_Rarely,10.0,5,Medical,Single,2807,310,103,3,4,4,0,2,4,2,No,0
EMP10696,35,35-44,Male,Research & Development,Manager,4050,4K-7K,13,11-20,1,6,5,No,4.0,High,4,1,Travel_Rarely,3.0,3,Life Sciences,Divorced,9388,912,53,3,3,2,0,2,3,2,No,0
EMP10697,28,25-34,Female,Research & Development,Manufacturing Director,3520,<4K,10,6-10,4,2,3,Yes,3.0,Medium-High,3,1,Travel_Rarely,12.0,3,Life Sciences,Married,22189,793,41,4,3,4,2,3,2,2,No,0
EMP10698,38,35-44,Female,Research & Development,Research Scientist,2400,<4K,6,6-10,1,2,2,No,1.0,Low,3,1,Travel_Rarely,4.0,4,Life Sciences,Divorced,6504,852,44,2,1,3,0,2,1,2,Yes,1
EMP10699,39,35-44,Female,Research & Development,Healthcare Representative,5610,4K-7K,5,3-5,2,2,3,No,2.0,Medium-Low,4,2,Travel_Rarely,18.0,3,Medical,Single,2973,1100,102,3,3,3,0,0,1,2,No,0
EMP10700,26,25-34,Male,Research & Development,Laboratory Technician,5220,4K-7K,7,6-10,5,4,2,Yes,4.0,High,4,2,Travel_Rarely,29.0,3,Life Sciences,Married,4938,1174,77,3,3,2,1,2,3,2,Yes,1
EMP10701,40,35-44,Female,Research & Development,Healthcare Representative,6270,4K-7K,5,3-5,3,2,2,No,2.0,Medium-Low,3,2,Travel_Rarely,8.0,4,Medical,Single,2085,991,90,4,2,4,1,4,5,3,No,0
EMP10702,35,35-44,Male,Research & Development,Research Scientist,6290,4K-7K,4,3-5,0,3,1,No,4.0,High,3,2,Travel_Rarely,3.0,4,Other,Divorced,26107,640,100,3,3,4,0,3,0,2,No,0
EMP10703,20,18-24,Male,Research & Development,Research Scientist,3820,<4K,2,0-2,1,1,1,No,1.0,Low,3,1,Travel_Frequently,5.0,4,Life Sciences,Divorced,11988,617,57,3,3,3,1,3,1,2,Yes,1
EMP10704,29,25-34,Female,Research & Development,Research Director,11380,10K-15K,8,6-10,2,3,4,No,3.0,Medium-High,2,4,Travel_Rarely,19.0,2,Medical,Divorced,16439,1034,32,1,3,2,0,2,3,2,No,0
EMP10705,33,25-34,Male,Research & Development,Research Scientist,4230,4K-7K,9,6-10,2,3,3,No,4.0,High,3,1,Travel_Rarely,15.0,3,Life Sciences,Single,17075,232,45,4,1,3,0,3,2,2,No,0
EMP10706,54,45-54,Male,Human Resources,Manager,6400,4K-7K,14,11-20,9,6,5,No,1.0,Low,1,2,Travel_Rarely,14.0,4,Life Sciences,Divorced,20892,195,65,3,2,3,0,5,1,2,No,0
EMP10707,42,35-44,Male,Research & Development,Research Scientist,7720,7K-10K,7,6-10,3,1,4,Yes,2.0,Medium-Low,4,3,Travel_Frequently,21.0,2,Technical Degree,Divorced,19528,523,33,3,4,2,0,5,1,2,No,0
EMP10708,25,25-34,Female,Sales,Sales Representative,8140,7K-10K,6,6-10,1,5,0,No,4.0,High,4,3,Travel_Rarely,5.0,3,Marketing,Married,26212,957,38,1,3,2,0,3,1,2,No,0
EMP10709,41,35-44,Female,Research & Development,Healthcare Representative,3410,<4K,11,11-20,5,3,5,Yes,3.0,Medium-High,4,1,Travel_Rarely,8.0,4,Technical Degree,Married,17711,1073,41,3,1,3,1,2,1,2,No,0
EMP10710,23,18-24,Male,Sales,Sales Executive,1800,<4K,3,3-5,1,1,1,No,4.0,High,2,1,Travel_Frequently,6.0,2,Life Sciences,Divorced,23048,181,103,1,4,3,0,5,5,2,Yes,1
EMP10711,47,45-54,Female,Sales,Sales Executive,4910,4K-7K,2,0-2,0,2,2,No,4.0,High,3,2,Travel_Rarely,11.0,4,Marketing,Married,13452,888,73,4,1,3,0,4,1,2,No,0
EMP10712,33,25-34,Male,Research & Development,Research Scientist,4470,4K-7K,8,6-10,4,6,1,No,3.0,Medium-High,2,1,Travel_Rarely,14.0,3,Life Sciences,Single,17204,414,95,4,3,3,2,1,1,3,No,0
EMP10713,36,35-44,Male,Research & Development,Research Scientist,7840,7K-10K,5,3-5,3,1,5,No,4.0,High,2,3,Travel_Rarely,5.0,3,Life Sciences,Divorced,23029,1015,48,1,2,3,0,0,1,2,No,0
EMP10714,49,45-54,Female,Research & Development,Laboratory Technician,5360,4K-7K,5,3-5,3,2,5,No,3.0,Medium-High,3,2,Travel_Rarely,18.0,1,Life Sciences,Married,24216,1403,42,3,4,3,0,1,5,2,No,0
EMP10715,25,25-34,Female,Research & Development,Healthcare Representative,5990,4K-7K,3,3-5,2,2,3,Yes,3.0,Medium-High,3,2,Travel_Rarely,6.0,4,Life Sciences,Divorced,15442,1209,84,3,2,3,0,2,1,2,Yes,1
EMP10716,24,18-24,Female,Sales,Manager,4600,4K-7K,6,6-10,3,2,6,No,1.0,Low,1,1,Travel_Frequently,9.0,3,Life Sciences,Married,6266,465,94,4,3,2,2,4,5,3,No,0
EMP10717,32,25-34,Male,Sales,Manager,5980,4K-7K,2,0-2,1,1,1,Yes,4.0,High,2,2,Travel_Rarely,16.0,3,Life Sciences,Single,11545,465,99,3,3,3,0,4,2,2,No,0
EMP10718,46,45-54,Female,Human Resources,Human Resources,6150,4K-7K,9,6-10,3,2,2,No,4.0,High,3,2,Non-Travel,13.0,4,Other,Married,22514,1216,32,4,1,3,1,3,0,2,No,0
EMP10719,23,18-24,Female,Research & Development,Healthcare Representative,8120,7K-10K,5,3-5,2,5,5,Yes,2.0,Medium-Low,1,3,Travel_Rarely,7.0,4,Life Sciences,Married,3191,170,54,2,2,3,0,3,1,2,Yes,1
EMP10720,18,18-24,Female,Sales,Sales Representative,3910,<4K,0,0-2,0,0,0,No,3.0,Medium-High,1,1,Travel_Rarely,12.0,5,Life Sciences,Single,18367,425,81,1,2,2,2,6,0,3,Yes,1
EMP10721,33,25-34,Male,Sales,Sales Executive,4590,4K-7K,11,11-20,8,8,3,Yes,2.0,Medium-Low,3,1,Travel_Rarely,9.0,3,Life Sciences,Married,17870,1449,45,3,4,3,2,3,4,2,Yes,1
EMP10722,42,35-44,Female,Research & Development,Manager,3150,<4K,3,3-5,2,2,3,Yes,3.0,Medium-High,3,1,Travel_Rarely,10.0,3,Marketing,Single,11439,943,72,3,4,2,2,3,0,3,Yes,1
EMP10723,48,45-54,Male,Research & Development,Healthcare Representative,4810,4K-7K,9,6-10,7,7,2,Yes,4.0,High,3,1,Travel_Rarely,10.0,5,Life Sciences,Married,7921,1314,85,2,4,4,0,2,1,2,No,0
EMP10724,33,25-34,Male,Sales,Sales Representative,5190,4K-7K,8,6-10,4,4,8,No,1.0,Low,2,2,Travel_Rarely,2.0,4,Other,Divorced,20409,313,97,2,2,3,1,6,3,2,No,0
EMP10725,33,25-34,Male,Research & Development,Research Scientist,10520,10K-15K,6,6-10,1,4,6,Yes,4.0,High,2,4,Travel_Frequently,8.0,3,Other,Married,21895,1170,37,4,2,4,1,4,1,2,No,0
EMP10726,47,45-54,Male,Sales,Sales Executive,5040,4K-7K,9,6-10,4,5,5,No,1.0,Low,2,2,Travel_Frequently,12.0,2,Life Sciences,Married,7741,188,109,3,3,2,0,1,1,2,Yes,1
EMP10727,20,18-24,Male,Research & Development,Laboratory Technician,5830,4K-7K,2,0-2,1,2,1,No,3.0,Medium-High,1,3,Non-Travel,29.0,4,Medical,Married,15461,1095,73,2,3,3,2,1,1,2,No,0
EMP10728,33,25-34,Female,Sales,Manager,3010,<4K,6,6-10,3,3,6,No,3.0,Medium-High,1,1,Travel_Rarely,8.0,3,Life Sciences,Married,10024,1350,67,4,3,4,3,0,1,2,No,0
EMP10729,39,35-44,Male,Research & Development,Manufacturing Director,4750,4K-7K,6,6-10,2,4,6,No,2.0,Medium-Low,4,1,Travel_Rarely,21.0,4,Technical Degree,Married,26256,316,52,1,4,3,0,3,7,2,No,0
EMP10730,41,35-44,Female,Research & Development,Laboratory Technician,3570,<4K,3,3-5,2,1,3,No,3.0,Medium-High,1,1,Travel_Rarely,5.0,3,Medical,Married,22076,400,35,1,4,2,2,1,2,2,Yes,1
EMP10731,32,25-34,Male,Research & Development,Manager,3510,<4K,5,3-5,2,2,3,No,4.0,High,1,1,Travel_Rarely,19.0,2,Life Sciences,Divorced,24883,1025,72,2,1,3,1,1,0,2,No,0
EMP10732,37,35-44,Male,Sales,Sales Executive,7840,7K-10K,4,3-5,3,3,1,No,2.0,Medium-Low,1,3,Travel_Rarely,29.0,3,Life Sciences,Married,18148,952,73,4,4,3,1,4,4,2,No,0
EMP10733,18,18-24,Male,Sales,Sales Executive,2410,<4K,0,0-2,0,0,0,No,1.0,Low,3,1,Non-Travel,2.0,2,Technical Degree,Divorced,15032,993,109,3,3,3,0,4,1,2,Yes,1
EMP10734,31,25-34,Male,Research & Development,Research Scientist,7090,7K-10K,12,11-20,0,2,3,No,3.0,Medium-High,2,2,Travel_Rarely,4.0,3,Medical,Divorced,10159,269,109,2,3,4,0,5,5,2,No,0
EMP10735,41,35-44,Male,Research & Development,Healthcare Representative,5110,4K-7K,2,0-2,1,0,0,No,4.0,High,1,2,Non-Travel,9.0,3,Life Sciences,Single,15307,1488,52,1,3,3,3,1,2,2,Yes,1
EMP10736,28,25-34,Male,Sales,Manager,11280,10K-15K,8,6-10,3,6,5,No,4.0,High,1,4,Non-Travel,1.0,3,Technical Degree,Married,6628,1355,45,3,4,3,2,1,1,2,No,0
EMP10737,37,35-44,Male,Research & Development,Research Scientist,2710,<4K,4,3-5,4,2,1,No,1.0,Low,4,1,Travel_Rarely,5.0,4,Marketing,Divorced,8516,719,105,3,3,2,1,2,1,2,No,0
EMP10738,41,35-44,Male,Sales,Manager,4720,4K-7K,10,6-10,7,7,10,No,4.0,High,4,1,Travel_Rarely,9.0,4,Other,Divorced,5483,1451,38,4,1,2,2,5,2,2,No,0
EMP10739,34,25-34,Male,Research & Development,Laboratory Technician,3350,<4K,8,6-10,3,5,4,No,3.0,Medium-High,3,1,Travel_Frequently,2.0,4,Life Sciences,Married,12130,1356,38,3,3,3,2,3,1,2,No,0
EMP10740,38,35-44,Male,Research & Development,Manager,4250,4K-7K,2,0-2,1,1,2,No,2.0,Medium-Low,2,2,Travel_Rarely,2.0,2,Human Resources,Married,19399,781,87,1,4,3,0,5,2,3,No,0
EMP10741,28,25-34,Male,Research & Development,Healthcare Representative,3760,<4K,7,6-10,2,2,4,Yes,4.0,High,2,1,Travel_Frequently,3.0,2,Technical Degree,Married,8157,742,94,3,4,3,0,4,5,2,No,0
EMP10742,35,35-44,Female,Research & Development,Research Director,6640,4K-7K,5,3-5,2,3,3,No,2.0,Medium-Low,3,3,Non-Travel,5.0,3,Life Sciences,Single,8358,136,88,2,2,1,2,3,2,2,No,0
EMP10743,42,35-44,Female,Sales,Sales Executive,5670,4K-7K,2,0-2,1,1,2,No,4.0,High,2,2,Travel_Rarely,18.0,5,Technical Degree,Divorced,20967,870,52,4,3,4,2,4,2,2,Yes,1
EMP10744,38,35-44,Female,Research & Development,Manager,5050,4K-7K,4,3-5,3,1,1,Yes,4.0,High,3,2,Travel_Rarely,6.0,4,Medical,Divorced,7139,1110,98,1,2,3,3,0,2,2,Yes,1
EMP10745,32,25-34,Male,Research & Development,Healthcare Representative,7420,7K-10K,6,6-10,1,0,6,No,3.0,Medium-High,3,2,Travel_Frequently,13.0,4,Other,Married,19311,735,48,2,2,1,0,0,2,2,No,0
EMP10746,39,35-44,Female,Sales,Sales Executive,4490,4K-7K,4,3-5,3,1,3,No,3.0,Medium-High,3,1,Non-Travel,7.0,3,Life Sciences,Single,11703,525,64,3,3,3,1,3,1,2,No,0
EMP10747,43,35-44,Female,Research & Development,Research Director,6560,4K-7K,11,11-20,6,5,7,No,3.0,Medium-High,2,2,Travel_Frequently,6.0,3,Technical Degree,Divorced,20121,507,84,1,3,2,2,3,1,2,No,0
EMP10748,18,18-24,Female,Research & Development,Research Scientist,14330,10K-15K,0,0-2,0,0,0,No,2.0,Medium-Low,2,5,Non-Travel,12.0,3,Life Sciences,Married,8579,874,69,2,1,3,1,6,2,3,No,0
EMP10749,47,45-54,Male,Sales,Manager,7320,7K-10K,4,3-5,3,1,2,No,4.0,High,3,3,Travel_Rarely,8.0,2,Other,Single,15632,964,43,3,3,3,2,1,2,2,No,0
EMP10750,34,25-34,Female,Research & Development,Research Scientist,8040,7K-10K,7,6-10,4,5,2,No,4.0,High,3,3,Travel_Rarely,12.0,2,Life Sciences,Single,5038,316,42,3,4,4,0,3,0,2,No,0
EMP10751,41,35-44,Female,Research & Development,Healthcare Representative,7880,7K-10K,7,6-10,4,4,1,Yes,3.0,Medium-High,3,3,Travel_Rarely,13.0,5,Other,Single,9219,269,82,3,3,3,0,4,4,2,No,0
EMP10752,48,45-54,Male,Sales,Sales Executive,5650,4K-7K,10,6-10,6,7,5,No,4.0,High,2,1,Travel_Frequently,4.0,3,Other,Married,8500,709,109,4,1,2,0,3,2,2,Yes,1
EMP10753,24,18-24,Female,Research & Development,Research Scientist,3390,<4K,6,6-10,4,1,3,Yes,3.0,Medium-High,3,1,Travel_Rarely,19.0,3,Life Sciences,Single,20105,457,68,3,2,2,0,4,1,2,Yes,1
EMP10754,30,25-34,Male,Research & Development,Research Scientist,3060,<4K,7,6-10,2,0,4,Yes,3.0,Medium-High,4,1,Travel_Rarely,21.0,2,Human Resources,Single,21150,285,94,4,1,2,0,2,0,1,No,0
EMP10755,34,25-34,Male,Research & Development,Research Scientist,3760,<4K,5,3-5,3,2,2,No,3.0,Medium-High,3,1,Travel_Rarely,1.0,5,Other,Divorced,4825,824,85,1,1,3,2,4,2,3,No,0
EMP10756,30,25-34,Male,Sales,Sales Executive,4190,4K-7K,12,11-20,9,2,7,Yes,1.0,Low,2,1,Travel_Rarely,15.0,3,Life Sciences,Divorced,25054,969,69,2,4,3,0,4,5,2,Yes,1
EMP10757,53,45-54,Female,Research & Development,Laboratory Technician,4990,4K-7K,8,6-10,3,1,6,No,4.0,High,3,2,Travel_Rarely,12.0,4,Medical,Single,12926,923,75,3,3,4,1,4,1,2,No,0
EMP10758,29,25-34,Male,Research & Development,Manufacturing Director,5800,4K-7K,7,6-10,4,1,5,No,4.0,High,3,2,Non-Travel,2.0,4,Medical,Single,10410,778,106,2,1,3,3,2,1,2,No,0
EMP10759,32,25-34,Male,Sales,Sales Executive,8700,7K-10K,4,3-5,1,1,4,No,4.0,High,4,3,Travel_Rarely,9.0,3,Life Sciences,Married,10713,1284,36,2,2,3,1,1,0,2,No,0
EMP10760,39,35-44,Male,Sales,Sales Executive,6920,4K-7K,11,11-20,5,0,8,Yes,3.0,Medium-High,3,2,Travel_Rarely,10.0,4,Life Sciences,Single,18788,383,74,4,4,2,0,2,2,2,No,0
EMP10761,26,25-34,Male,Research & Development,Healthcare Representative,11380,10K-15K,2,0-2,1,1,2,No,4.0,High,3,4,Travel_Rarely,4.0,2,Life Sciences,Single,23522,283,51,3,3,4,0,1,1,2,Yes,1
EMP10762,33,25-34,Male,Research & Development,Research Scientist,4110,4K-7K,7,6-10,2,1,3,No,3.0,Medium-High,3,1,Travel_Frequently,5.0,2,Life Sciences,Married,15077,241,36,2,3,2,1,2,1,3,No,0
EMP10763,40,35-44,Female,Research & Development,Manager,4330,4K-7K,4,3-5,2,2,2,Yes,3.0,Medium-High,1,1,Travel_Frequently,6.0,4,Medical,Divorced,8158,330,81,3,3,3,0,2,1,2,No,0
EMP10764,34,25-34,Female,Sales,Manager,7690,7K-10K,10,6-10,5,8,3,No,4.0,High,3,2,Travel_Frequently,7.0,4,Life Sciences,Divorced,22805,487,97,1,1,3,3,2,1,2,No,0
EMP10765,36,35-44,Male,Research & Development,Healthcare Representative,4440,4K-7K,7,6-10,2,1,5,No,3.0,Medium-High,1,1,Travel_Rarely,5.0,3,Other,Divorced,22081,834,99,3,4,2,1,3,2,2,No,0
EMP10766,32,25-34,Male,Research & Development,Manufacturing Director,3490,<4K,7,6-10,4,1,1,No,3.0,Medium-High,3,1,Travel_Rarely,5.0,3,Technical Degree,Married,7066,257,96,1,1,3,2,1,1,2,Yes,1
EMP10767,23,18-24,Male,Sales,Manager,3630,<4K,3,3-5,1,1,2,No,1.0,Low,3,1,Non-Travel,1.0,3,Life Sciences,Married,12027,1441,32,1,3,4,1,3,1,2,Yes,1
EMP10768,40,35-44,Female,Sales,Sales Executive,3820,<4K,6,6-10,3,2,6,No,4.0,High,3,1,Travel_Frequently,15.0,1,Technical Degree,Married,2157,1308,87,1,1,3,3,2,4,2,No,0
EMP10769,53,45-54,Male,Research & Development,Research Scientist,5900,4K-7K,7,6-10,4,1,7,No,2.0,Medium-Low,1,2,Travel_Rarely,6.0,3,Technical Degree,Married,21559,1306,96,4,3,3,1,3,2,2,No,0
EMP10770,37,35-44,Male,Sales,Sales Executive,7380,7K-10K,10,6-10,3,4,3,No,2.0,Medium-Low,2,2,Travel_Rarely,9.0,3,Other,Married,24295,676,83,1,4,3,1,3,1,2,No,0
EMP10771,39,35-44,Male,Research & Development,Research Director,6290,4K-7K,8,6-10,6,3,8,No,1.0,Low,1,2,Travel_Rarely,21.0,3,Life Sciences,Married,11813,1175,38,3,3,2,2,2,1,2,No,0
EMP10772,43,35-44,Female,Sales,Sales Executive,4850,4K-7K,10,6-10,4,6,6,No,3.0,Medium-High,3,2,Non-Travel,3.0,4,Life Sciences,Single,9043,1126,83,2,2,3,2,2,1,2,No,0
EMP10773,25,25-34,Female,Research & Development,Manufacturing Director,4900,4K-7K,2,0-2,1,1,2,No,2.0,Medium-Low,3,2,Travel_Rarely,6.0,3,Other,Single,9921,176,109,2,3,2,0,2,0,2,No,0
EMP10774,52,45-54,Female,Research & Development,Manager,3420,<4K,6,6-10,4,4,6,No,4.0,High,3,1,Non-Travel,12.0,2,Other,Divorced,16085,681,80,3,1,4,0,4,2,2,No,0
EMP10775,39,35-44,Female,Sales,Manager,2820,<4K,11,11-20,7,5,2,Yes,2.0,Medium-Low,1,1,Travel_Rarely,14.0,3,Technical Degree,Married,19189,707,45,3,4,3,0,5,3,2,No,0
EMP10776,52,45-54,Male,Research & Development,Manufacturing Director,2800,<4K,1,0-2,1,0,1,No,4.0,High,1,1,Travel_Frequently,4.0,4,Technical Degree,Single,12386,1139,41,3,3,3,0,2,0,2,No,0
EMP10777,30,25-34,Male,Research & Development,Research Scientist,5020,4K-7K,5,3-5,1,3,3,No,2.0,Medium-Low,4,2,Travel_Rarely,10.0,3,Life Sciences,Married,9235,329,49,4,2,3,2,3,3,2,No,0
EMP10778,53,45-54,Male,Sales,Sales Representative,9860,7K-10K,8,6-10,4,6,3,No,2.0,Medium-Low,1,3,Travel_Rarely,4.0,2,Medical,Single,18887,1003,82,2,2,3,0,0,3,2,Yes,1
EMP10779,44,35-44,Male,Sales,Sales Representative,6070,4K-7K,12,11-20,1,3,2,Yes,4.0,High,3,2,Travel_Rarely,3.0,3,Life Sciences,Single,25620,1016,60,1,2,3,0,3,8,2,No,0
EMP10780,42,35-44,Male,Research & Development,Research Scientist,5320,4K-7K,6,6-10,1,2,6,No,2.0,Medium-Low,3,1,Travel_Frequently,18.0,4,Life Sciences,Single,26110,988,50,4,3,3,0,1,1,2,Yes,1
EMP10781,39,35-44,Male,Sales,Sales Executive,5420,4K-7K,6,6-10,1,2,2,No,1.0,Low,3,2,Travel_Frequently,6.0,3,Human Resources,Married,24370,1390,32,4,3,2,3,2,0,2,No,0
EMP10782,35,35-44,Male,Research & Development,Manager,5170,4K-7K,7,6-10,4,4,1,Yes,4.0,High,3,2,Travel_Frequently,21.0,4,Life Sciences,Single,7183,1429,50,3,2,3,2,4,2,3,No,0
EMP10783,48,45-54,Female,Research & Development,Healthcare Representative,6790,4K-7K,8,6-10,3,5,4,Yes,1.0,Low,2,2,Non-Travel,4.0,5,Medical,Married,21023,1129,57,3,4,2,1,1,1,3,Yes,1
EMP10784,38,35-44,Female,Research & Development,Research Director,5070,4K-7K,3,3-5,2,3,3,No,1.0,Low,4,2,Travel_Frequently,12.0,4,Other,Single,10957,1233,34,1,1,3,2,2,2,2,No,0
EMP10785,19,18-24,Female,Research & Development,Research Director,4800,4K-7K,1,0-2,0,0,1,No,2.0,Medium-Low,2,2,Travel_Rarely,4.0,3,Life Sciences,Single,18620,242,100,3,2,2,2,2,1,2,No,0
EMP10786,27,25-34,Female,Sales,Sales Representative,5210,4K-7K,1,0-2,0,0,1,No,1.0,Low,1,2,Travel_Rarely,7.0,3,Other,Divorced,6491,306,98,2,2,3,1,0,4,2,Yes,1
EMP10787,35,35-44,Male,Research & Development,Manufacturing Director,6230,4K-7K,4,3-5,1,2,4,No,1.0,Low,3,2,Travel_Rarely,1.0,2,Other,Married,12196,528,102,4,2,3,0,4,1,2,Yes,1
EMP10788,40,35-44,Female,Research & Development,Laboratory Technician,3910,<4K,3,3-5,2,1,3,No,4.0,High,1,1,Travel_Rarely,13.0,5,Marketing,Married,7960,265,76,1,3,4,2,3,0,2,Yes,1
EMP10789,36,35-44,Male,Research & Development,Laboratory Technician,3970,<4K,3,3-5,1,2,3,No,1.0,Low,3,2,Travel_Rarely,7.0,3,Life Sciences,Single,3799,359,49,2,3,2,1,5,3,3,Yes,1
EMP10790,48,45-54,Female,Sales,Sales Executive,4910,4K-7K,19,11-20,6,11,4,No,1.0,Low,3,1,Travel_Rarely,7.0,2,Life Sciences,Single,5387,493,67,3,1,3,2,1,5,2,No,0
EMP10791,19,18-24,Male,Research & Development,Healthcare Representative,3130,<4K,1,0-2,1,0,1,Yes,4.0,High,1,1,Travel_Rarely,6.0,4,Medical,Divorced,18025,220,66,2,1,4,1,0,0,2,No,0
EMP10792,38,35-44,Female,Research & Development,Manufacturing Director,10290,10K-15K,3,3-5,2,0,3,No,3.0,Medium-High,1,4,Travel_Rarely,11.0,3,Life Sciences,Single,22383,1049,87,3,1,1,3,4,6,2,No,0
EMP10793,20,18-24,Male,Research & Development,Manager,10080,10K-15K,2,0-2,1,1,1,Yes,1.0,Low,1,4,Non-Travel,6.0,3,Life Sciences,Divorced,3446,512,46,4,1,4,1,2,1,1,Yes,1
EMP10794,44,35-44,Male,Research & Development,Laboratory Technician,4300,4K-7K,4,3-5,1,2,0,No,3.0,Medium-High,1,1,Travel_Rarely,9.0,3,Other,Married,2131,1263,71,3,1,3,1,2,3,4,No,0
EMP10795,36,35-44,Female,Research & Development,Manufacturing Director,4610,4K-7K,2,0-2,1,1,2,No,1.0,Low,2,2,Travel_Rarely,4.0,3,Life Sciences,Married,8369,267,61,4,2,2,2,5,4,2,No,0
EMP10796,41,35-44,Male,Sales,Sales Representative,4680,4K-7K,7,6-10,3,3,7,No,3.0,Medium-High,4,1,Non-Travel,15.0,4,Technical Degree,Married,7592,1207,91,1,2,3,0,3,1,2,No,0
EMP10797,29,25-34,Female,Sales,Sales Representative,5870,4K-7K,7,6-10,4,2,7,Yes,3.0,Medium-High,1,2,Travel_Rarely,5.0,3,Life Sciences,Married,6213,520,50,1,4,1,0,4,3,2,No,0
EMP10798,49,45-54,Female,Research & Development,Healthcare Representative,7620,7K-10K,3,3-5,2,0,1,Yes,4.0,High,1,3,Travel_Frequently,9.0,3,Marketing,Single,24443,887,62,4,2,4,1,2,2,2,No,0
EMP10799,46,45-54,Female,Sales,Sales Executive,11340,10K-15K,9,6-10,5,5,6,Yes,2.0,Medium-Low,2,4,Travel_Frequently,21.0,3,Other,Married,14626,367,96,1,3,2,1,2,2,2,No,0
EMP10800,42,35-44,Female,Sales,Sales Executive,7120,7K-10K,9,6-10,7,5,9,No,4.0,High,3,2,Travel_Rarely,10.0,4,Life Sciences,Divorced,3458,137,35,3,1,3,0,2,1,2,No,0
EMP10801,36,35-44,Female,Research & Development,Sales Executive,2730,<4K,4,3-5,2,3,1,No,1.0,Low,3,1,Travel_Rarely,13.0,4,Life Sciences,Single,7298,1025,95,3,3,3,2,4,2,2,Yes,1
EMP10802,42,35-44,Male,Research & Development,Laboratory Technician,4950,4K-7K,3,3-5,1,1,3,Yes,3.0,Medium-High,4,2,Travel_Rarely,11.0,3,Technical Degree,Married,20406,1426,61,3,4,3,2,3,2,2,No,0
EMP10803,30,25-34,Female,Research & Development,Manufacturing Director,4170,4K-7K,4,3-5,3,2,1,No,2.0,Medium-Low,2,1,Travel_Rarely,9.0,4,Technical Degree,Married,3948,437,93,3,3,2,1,3,1,2,Yes,1
EMP10804,45,45-54,Female,Research & Development,Healthcare Representative,7600,7K-10K,8,6-10,1,5,3,No,3.0,Medium-High,1,3,Travel_Rarely,8.0,2,Technical Degree,Married,24989,429,55,3,2,3,1,0,1,2,No,0
EMP10805,52,45-54,Female,Research & Development,Manager,7210,7K-10K,18,11-20,7,6,4,No,3.0,Medium-High,1,3,Non-Travel,3.0,5,Life Sciences,Single,11812,298,91,4,2,2,0,0,3,2,No,0
EMP10806,47,45-54,Male,Sales,Sales Representative,5860,4K-7K,8,6-10,4,1,1,No,4.0,High,2,2,Travel_Rarely,6.0,3,Life Sciences,Divorced,14963,909,34,2,4,3,3,0,1,2,No,0
EMP10807,30,25-34,Female,Sales,Sales Representative,4590,4K-7K,3,3-5,2,0,3,No,4.0,High,3,1,Travel_Rarely,4.0,4,Other,Married,14005,104,40,3,3,4,2,2,2,2,Yes,1
EMP10808,40,35-44,Female,Sales,Sales Executive,5660,4K-7K,7,6-10,0,2,3,No,3.0,Medium-High,3,1,Travel_Rarely,7.0,2,Other,Divorced,8861,1088,103,2,2,2,1,1,2,3,No,0
EMP10809,25,25-34,Female,Research & Development,Manufacturing Director,2770,<4K,6,6-10,2,4,6,Yes,1.0,Low,1,1,Travel_Frequently,3.0,3,Medical,Divorced,9271,1494,108,3,4,2,1,5,1,2,Yes,1
EMP10810,42,35-44,Male,Research & Development,Research Scientist,7540,7K-10K,6,6-10,3,4,1,Yes,3.0,Medium-High,4,3,Travel_Frequently,7.0,3,Other,Single,12353,994,78,1,3,3,0,3,3,2,No,0
EMP10811,41,35-44,Male,Human Resources,Human Resources,4320,4K-7K,2,0-2,1,0,2,No,4.0,High,4,2,Travel_Frequently,20.0,4,Medical,Single,9867,202,107,3,4,1,0,3,1,2,No,0
EMP10812,20,18-24,Male,Sales,Sales Executive,3390,<4K,2,0-2,1,1,2,No,1.0,Low,4,1,Travel_Frequently,20.0,3,Medical,Divorced,17630,534,91,1,1,2,0,1,1,2,Yes,1
EMP10813,26,25-34,Female,Research & Development,Manufacturing Director,4560,4K-7K,6,6-10,2,3,5,No,3.0,Medium-High,2,2,Non-Travel,12.0,5,Life Sciences,Married,6718,749,89,2,2,2,0,1,1,2,No,0
EMP10814,34,25-34,Female,Sales,Sales Executive,7280,7K-10K,2,0-2,2,1,2,Yes,1.0,Low,1,3,Travel_Rarely,5.0,3,Medical,Single,6150,480,106,3,3,3,1,5,2,2,Yes,1
EMP10815,34,25-34,Male,Sales,Sales Executive,5840,4K-7K,16,11-20,7,11,5,Yes,2.0,Medium-Low,1,1,Travel_Rarely,7.0,3,Marketing,Divorced,18907,165,31,2,3,2,1,5,1,2,No,0
EMP10816,26,25-34,Male,Research & Development,Research Scientist,8220,7K-10K,2,0-2,1,1,2,No,1.0,Low,2,3,Travel_Frequently,16.0,2,Life Sciences,Married,4481,678,88,3,1,3,0,3,2,2,No,0
EMP10817,40,35-44,Male,Research & Development,Manager,7930,7K-10K,8,6-10,3,1,2,Yes,4.0,High,3,3,Travel_Frequently,9.0,4,Medical,Single,6484,369,105,3,3,3,1,0,0,3,No,0
EMP10818,39,35-44,Male,Research & Development,Laboratory Technician,10270,10K-15K,5,3-5,4,2,1,No,1.0,Low,4,4,Travel_Rarely,27.0,3,Human Resources,Married,25194,146,54,1,3,3,0,2,3,2,No,0
EMP10819,35,35-44,Female,Research & Development,Manufacturing Director,4700,4K-7K,5,3-5,2,1,1,No,1.0,Low,2,2,Travel_Rarely,12.0,4,Technical Degree,Divorced,25886,1015,97,2,2,4,2,3,0,2,No,0
EMP10820,30,25-34,Female,Research & Development,Research Scientist,4450,4K-7K,12,11-20,9,6,3,Yes,4.0,High,3,1,Travel_Rarely,12.0,4,Marketing,Single,10537,464,71,4,3,3,0,2,2,2,Yes,1
EMP10821,46,45-54,Male,Sales,Sales Representative,5170,4K-7K,10,6-10,5,3,10,No,3.0,Medium-High,3,1,Travel_Rarely,11.0,5,Other,Married,4312,1303,105,4,2,3,1,0,1,2,No,0
EMP10822,52,45-54,Male,Research & Development,Research Scientist,4440,4K-7K,5,3-5,4,3,3,No,4.0,High,2,1,Travel_Frequently,9.0,3,Life Sciences,Single,25399,167,100,2,3,2,1,5,0,2,Yes,1
EMP10823,32,25-34,Male,Research & Development,Research Scientist,3470,<4K,3,3-5,1,2,3,No,2.0,Medium-Low,2,1,Travel_Frequently,9.0,4,Marketing,Divorced,25655,1238,84,1,1,3,0,2,0,2,Yes,1
EMP10824,31,25-34,Female,Research & Development,Manufacturing Director,4980,4K-7K,4,3-5,3,3,3,Yes,3.0,Medium-High,3,2,Travel_Rarely,10.0,4,Human Resources,Married,2140,1149,67,1,3,4,1,1,1,2,Yes,1
EMP10825,41,35-44,Male,Research & Development,Research Scientist,4730,4K-7K,5,3-5,4,3,5,Yes,1.0,Low,3,2,Travel_Rarely,10.0,2,Marketing,Married,8892,306,72,3,2,3,2,3,3,2,No,0
EMP10826,34,25-34,Male,Sales,Sales Executive,9610,7K-10K,10,6-10,5,2,5,Yes,3.0,Medium-High,4,3,Travel_Rarely,3.0,3,Life Sciences,Married,9776,172,99,3,4,2,0,4,2,2,No,0
EMP10827,36,35-44,Male,Research & Development,Research Scientist,5050,4K-7K,7,6-10,4,4,4,No,3.0,Medium-High,4,1,Travel_Frequently,1.0,2,Life Sciences,Married,11313,1382,82,2,3,4,0,4,2,2,Yes,1
EMP10828,44,35-44,Female,Research & Development,Research Scientist,5170,4K-7K,11,11-20,5,10,7,No,3.0,Medium-High,4,2,Travel_Frequently,4.0,3,Other,Married,21267,129,50,2,3,3,0,1,4,2,No,0
EMP10829,20,18-24,Female,Sales,Sales Executive,6480,4K-7K,2,0-2,0,2,2,No,3.0,Medium-High,3,3,Travel_Rarely,6.0,2,Medical,Divorced,9628,1126,49,4,4,2,1,1,2,3,Yes,1
EMP10830,49,45-54,Female,Research & Development,Laboratory Technician,9160,7K-10K,11,11-20,2,3,5,Yes,4.0,High,1,3,Travel_Rarely,19.0,2,Other,Married,15257,620,48,3,1,3,2,0,3,2,No,0
EMP10831,38,35-44,Male,Research & Development,Research Director,8640,7K-10K,13,11-20,9,5,3,Yes,3.0,Medium-High,3,3,Travel_Rarely,15.0,3,Marketing,Divorced,16900,987,62,3,3,3,1,2,2,3,No,0
EMP10832,33,25-34,Male,Research & Development,Manufacturing Director,5500,4K-7K,3,3-5,1,1,3,No,3.0,Medium-High,4,2,Travel_Rarely,4.0,3,Technical Degree,Married,9461,500,92,2,2,3,0,2,1,2,No,0
EMP10833,36,35-44,Male,Research & Development,Manufacturing Director,11280,10K-15K,10,6-10,3,9,1,No,1.0,Low,2,4,Travel_Frequently,7.0,4,Human Resources,Single,11174,753,97,3,4,3,1,4,5,2,No,0
EMP10834,37,35-44,Female,Research & Development,Laboratory Technician,4060,4K-7K,13,11-20,13,1,8,No,4.0,High,2,1,Travel_Rarely,7.0,2,Technical Degree,Divorced,12636,1049,89,3,4,2,0,2,4,2,No,0
EMP10835,21,18-24,Male,Research & Development,Manager,6170,4K-7K,3,3-5,1,0,3,No,2.0,Medium-Low,3,2,Non-Travel,29.0,3,Life Sciences,Single,5460,947,48,3,3,3,2,4,2,2,No,0
EMP10836,51,45-54,Male,Research & Development,Laboratory Technician,3700,<4K,3,3-5,1,1,3,No,3.0,Medium-High,4,1,Travel_Rarely,10.0,2,Medical,Married,20968,1397,57,3,2,3,3,4,1,2,Yes,1
EMP10837,37,35-44,Female,Sales,Sales Executive,3180,<4K,7,6-10,0,4,3,Yes,2.0,Medium-Low,1,1,Travel_Rarely,27.0,3,Human Resources,Married,23117,1034,51,3,2,2,1,2,1,2,No,0
EMP10838,41,35-44,Female,Research & Development,Manufacturing Director,2690,<4K,1,0-2,0,0,1,No,4.0,High,3,1,Travel_Rarely,12.0,4,Life Sciences,Divorced,11348,1495,80,3,1,2,2,3,3,2,No,0
EMP10839,46,45-54,Male,Research & Development,Research Scientist,5400,4K-7K,11,11-20,9,4,3,Yes,4.0,High,4,1,Travel_Rarely,10.0,3,Life Sciences,Single,17637,530,92,2,3,3,0,5,3,2,No,0
EMP10840,28,25-34,Male,Research & Development,Laboratory Technician,3010,<4K,3,3-5,1,1,3,No,2.0,Medium-Low,3,1,Travel_Frequently,1.0,4,Life Sciences,Divorced,13224,638,91,4,2,3,0,1,0,2,No,0
EMP10841,41,35-44,Male,Research & Development,Manufacturing Director,2900,<4K,5,3-5,3,3,4,No,4.0,High,3,1,Travel_Rarely,8.0,3,Other,Divorced,15412,1471,58,4,2,2,0,3,3,2,No,0
EMP10842,34,25-34,Female,Sales,Manager,5140,4K-7K,9,6-10,6,4,1,Yes,1.0,Low,4,1,Travel_Rarely,14.0,4,Life Sciences,Single,24931,170,103,3,3,3,2,2,3,2,No,0
EMP10843,45,45-54,Female,Research & Development,Manufacturing Director,7270,7K-10K,8,6-10,3,3,5,No,1.0,Low,1,3,Travel_Rarely,6.0,3,Technical Degree,Divorced,3307,355,61,1,4,4,1,2,1,2,No,0
EMP10844,18,18-24,Male,Human Resources,Human Resources,3080,<4K,0,0-2,0,0,0,No,4.0,High,2,1,Travel_Rarely,19.0,3,Medical,Single,17636,1226,102,1,1,3,0,4,1,2,No,0
EMP10845,36,35-44,Male,Research & Development,Manager,5640,4K-7K,3,3-5,1,1,3,Yes,1.0,Low,2,2,Travel_Rarely,19.0,4,Life Sciences,Single,14426,246,54,4,4,2,0,4,3,2,No,0
EMP10846,31,25-34,Female,Research & Development,Research Scientist,3690,<4K,7,6-10,4,4,1,No,1.0,Low,1,1,Travel_Rarely,2.0,1,Technical Degree,Divorced,17580,1001,45,4,1,2,2,3,1,3,No,0
EMP10847,41,35-44,Female,Research & Development,Research Scientist,11780,10K-15K,10,6-10,6,6,6,No,3.0,Medium-High,2,4,Travel_Frequently,2.0,4,Life Sciences,Married,14356,769,44,1,1,2,0,3,2,2,No,0
EMP10848,41,35-44,Male,Human Resources,Human Resources,6500,4K-7K,4,3-5,4,2,1,Yes,4.0,High,1,3,Travel_Frequently,22.0,3,Marketing,Married,4852,239,88,3,4,2,0,2,3,2,Yes,1
EMP10849,30,25-34,Male,Research & Development,Laboratory Technician,5110,4K-7K,12,11-20,11,4,1,No,1.0,Low,3,2,Travel_Rarely,4.0,3,Technical Degree,Married,20608,754,77,3,3,3,0,3,0,2,No,0
EMP10850,30,25-34,Male,Research & Development,Laboratory Technician,5380,4K-7K,5,3-5,3,4,5,No,1.0,Low,2,2,Travel_Frequently,5.0,2,Human Resources,Single,5444,720,47,2,4,2,0,1,1,2,Yes,1
EMP10851,36,35-44,Male,Research & Development,Manager,3940,<4K,1,0-2,0,0,1,No,1.0,Low,3,1,Travel_Rarely,2.0,2,Life Sciences,Married,14832,970,52,3,3,3,0,6,1,2,Yes,1
EMP10852,29,25-34,Female,Sales,Sales Representative,14730,10K-15K,5,3-5,1,3,4,No,1.0,Low,2,5,Travel_Frequently,6.0,5,Other,Single,16636,163,84,3,4,3,1,5,2,2,No,0
EMP10853,45,45-54,Female,Research & Development,Manufacturing Director,8970,7K-10K,13,11-20,11,10,5,No,1.0,Low,1,3,Travel_Rarely,6.0,4,Technical Degree,Single,19635,1394,71,1,2,4,0,4,0,2,Yes,1
EMP10854,34,25-34,Female,Sales,Sales Executive,6730,4K-7K,3,3-5,1,1,2,No,4.0,High,1,3,Travel_Rarely,5.0,2,Other,Divorced,19779,967,32,1,3,2,1,3,7,2,No,0
EMP10855,18,18-24,Male,Research & Development,Research Director,6030,4K-7K,0,0-2,0,0,0,No,1.0,Low,1,2,Travel_Rarely,23.0,3,Medical,Divorced,6741,934,100,1,4,3,2,3,1,2,Yes,1
EMP10856,33,25-34,Female,Research & Development,Manager,3960,<4K,8,6-10,5,1,1,Yes,3.0,Medium-High,1,1,Non-Travel,22.0,3,Marketing,Married,16734,612,81,4,2,3,3,0,5,2,Yes,1
EMP10857,27,25-34,Male,Research & Development,Research Director,7250,7K-10K,3,3-5,1,2,1,No,4.0,High,2,3,Non-Travel,8.0,4,Other,Single,13406,1130,40,3,1,3,0,1,1,3,No,0
EMP10858,22,18-24,Male,Research & Development,Research Scientist,2310,<4K,3,3-5,2,2,3,No,3.0,Medium-High,3,1,Travel_Rarely,17.0,2,Other,Married,19140,1124,84,3,1,3,0,1,1,2,Yes,1
EMP10859,26,25-34,Male,Research & Development,Manufacturing Director,4100,4K-7K,3,3-5,1,2,2,No,1.0,Low,2,2,Travel_Rarely,10.0,3,Medical,Divorced,25688,1384,54,3,4,1,0,3,1,2,No,0
EMP10860,38,35-44,Male,Research & Development,Research Scientist,4170,4K-7K,15,11-20,5,12,2,No,3.0,Medium-High,2,1,Travel_Rarely,18.0,4,Life Sciences,Single,21004,146,105,4,3,3,1,2,1,2,No,0
EMP10861,49,45-54,Female,Sales,Sales Executive,11240,10K-15K,8,6-10,2,2,5,No,4.0,High,1,4,Travel_Rarely,24.0,1,Life Sciences,Single,15956,967,70,1,3,3,0,4,1,3,No,0
EMP10862,40,35-44,Male,Research & Development,Research Scientist,3580,<4K,6,6-10,3,3,2,Yes,2.0,Medium-Low,4,1,Travel_Rarely,9.0,3,Life Sciences,Divorced,20813,877,66,1,4,4,2,1,3,2,Yes,1
EMP10863,31,25-34,Male,Research & Development,Manufacturing Director,4210,4K-7K,3,3-5,1,2,3,Yes,2.0,Medium-Low,1,1,Travel_Frequently,1.0,5,Life Sciences,Married,16233,1125,84,2,4,2,1,4,1,2,Yes,1
EMP10864,41,35-44,Male,Research & Development,Healthcare Representative,6300,4K-7K,10,6-10,3,3,10,Yes,2.0,Medium-Low,2,2,Travel_Rarely,18.0,3,Life Sciences,Single,14758,634,38,4,3,3,2,2,2,3,No,0
EMP10865,33,25-34,Male,Research & Development,Research Scientist,7790,7K-10K,9,6-10,3,4,1,No,3.0,Medium-High,2,3,Travel_Frequently,5.0,3,Other,Single,11423,458,65,3,4,2,0,2,2,3,No,0
EMP10866,31,25-34,Male,Research & Development,Laboratory Technician,6040,4K-7K,13,11-20,6,9,9,Yes,2.0,Medium-Low,3,2,Travel_Rarely,15.0,2,Life Sciences,Divorced,26189,914,86,4,3,3,0,4,1,2,No,0
EMP10867,26,25-34,Male,Research & Development,Laboratory Technician,3800,<4K,3,3-5,2,1,3,No,4.0,High,3,1,Travel_Rarely,29.0,2,Technical Degree,Married,6024,695,92,2,3,3,2,4,2,2,No,0
EMP10868,21,18-24,Female,Research & Development,Laboratory Technician,2790,<4K,3,3-5,1,2,1,No,3.0,Medium-High,2,1,Travel_Rarely,9.0,3,Life Sciences,Single,17078,303,49,3,1,3,0,1,1,2,Yes,1
EMP10869,33,25-34,Male,Sales,Sales Executive,7760,7K-10K,1,0-2,0,1,1,Yes,3.0,Medium-High,3,3,Travel_Rarely,23.0,4,Life Sciences,Divorced,2034,1070,76,1,1,1,0,4,1,2,No,0
EMP10870,38,35-44,Male,Sales,Sales Executive,16280,15K+,8,6-10,6,5,5,No,4.0,High,3,5,Travel_Rarely,15.0,3,Life Sciences,Divorced,9433,326,49,3,4,2,0,3,0,2,No,0
EMP10871,36,35-44,Male,Research & Development,Healthcare Representative,8540,7K-10K,7,6-10,2,3,4,No,1.0,Low,1,3,Travel_Rarely,21.0,4,Life Sciences,Single,15263,1047,35,2,2,3,1,0,2,3,No,0
EMP10872,33,25-34,Female,Research & Development,Research Scientist,6160,4K-7K,4,3-5,1,1,2,No,4.0,High,2,2,Travel_Rarely,13.0,4,Technical Degree,Married,18404,916,102,3,2,4,2,2,1,2,Yes,1
EMP10873,28,25-34,Male,Research & Development,Research Scientist,7090,7K-10K,1,0-2,0,1,1,Yes,3.0,Medium-High,4,3,Travel_Frequently,12.0,3,Other,Single,15451,250,58,3,3,3,0,2,1,2,No,0
EMP10874,42,35-44,Male,Research & Development,Laboratory Technician,7190,7K-10K,14,11-20,8,1,3,Yes,3.0,Medium-High,3,2,Travel_Frequently,12.0,2,Life Sciences,Married,20696,1370,106,4,3,3,1,1,1,3,No,0
EMP10875,25,25-34,Male,Research & Development,Manager,6730,4K-7K,7,6-10,2,2,4,No,1.0,Low,3,2,Travel_Rarely,9.0,3,Medical,Single,13663,116,78,2,1,3,2,5,4,2,No,0
EMP10876,44,35-44,Male,Research & Development,Healthcare Representative,5280,4K-7K,12,11-20,7,3,6,Yes,3.0,Medium-High,1,2,Travel_Rarely,29.0,4,Medical,Single,18840,403,35,3,3,4,1,2,1,2,No,0
EMP10877,28,25-34,Male,Sales,Sales Representative,5550,4K-7K,10,6-10,6,5,5,No,3.0,Medium-High,4,2,Travel_Frequently,10.0,4,Other,Married,25671,1320,68,4,3,3,0,3,2,2,No,0
EMP10878,30,25-34,Female,Sales,Sales Executive,9210,7K-10K,8,6-10,4,3,3,No,3.0,Medium-High,1,3,Travel_Frequently,16.0,2,Technical Degree,Married,9900,1464,61,1,4,3,3,3,2,2,Yes,1
EMP10879,24,18-24,Female,Research & Development,Manufacturing Director,6100,4K-7K,6,6-10,0,4,6,Yes,2.0,Medium-Low,1,2,Travel_Frequently,3.0,4,Medical,Married,6478,880,78,3,3,3,0,4,1,2,No,0
EMP10880,32,25-34,Male,Research & Development,Research Scientist,3790,<4K,4,3-5,2,1,1,No,1.0,Low,3,1,Travel_Rarely,29.0,3,Technical Degree,Single,12774,1184,72,3,3,3,0,5,3,2,Yes,1
EMP10881,46,45-54,Female,Research & Development,Manufacturing Director,4190,4K-7K,6,6-10,5,3,6,No,3.0,Medium-High,3,1,Travel_Rarely,20.0,4,Other,Divorced,3062,366,57,2,2,3,2,4,2,2,Yes,1
EMP10882,42,35-44,Female,Sales,Manager,3440,<4K,11,11-20,5,3,3,No,3.0,Medium-High,4,1,Travel_Frequently,5.0,2,Life Sciences,Single,26304,1220,74,1,1,4,0,5,2,2,Yes,1
EMP10883,46,45-54,Male,Research & Development,Manufacturing Director,5010,4K-7K,3,3-5,1,1,3,No,3.0,Medium-High,1,2,Travel_Rarely,13.0,3,Life Sciences,Married,9127,1406,94,2,1,2,2,4,4,2,No,0
EMP10884,42,35-44,Male,Research & Development,Research Director,4050,4K-7K,10,6-10,2,1,3,No,3.0,Medium-High,3,1,Travel_Rarely,13.0,4,Other,Single,9189,1370,79,3,1,3,0,3,5,2,No,0
EMP10885,27,25-34,Male,Sales,Sales Representative,4120,4K-7K,9,6-10,3,6,2,No,2.0,Medium-Low,1,1,Travel_Rarely,17.0,3,Technical Degree,Married,11782,134,83,1,4,3,2,3,2,3,No,0
EMP10886,34,25-34,Male,Research & Development,Research Scientist,6340,4K-7K,10,6-10,4,6,3,No,2.0,Medium-Low,3,2,Travel_Rarely,9.0,3,Marketing,Single,10094,885,80,2,4,4,2,0,1,2,No,0
EMP10887,30,25-34,Female,Sales,Manager,5680,4K-7K,6,6-10,1,5,4,No,3.0,Medium-High,2,2,Travel_Rarely,4.0,2,Medical,Single,10238,167,72,3,3,2,1,2,2,2,No,0
EMP10888,49,45-54,Female,Research & Development,Research Scientist,7180,7K-10K,3,3-5,1,1,3,No,3.0,Medium-High,3,3,Travel_Frequently,11.0,3,Life Sciences,Married,23225,288,93,2,1,3,1,3,0,2,No,0
EMP10889,26,25-34,Female,Research & Development,Manufacturing Director,5490,4K-7K,8,6-10,3,6,4,Yes,3.0,Medium-High,2,2,Travel_Rarely,4.0,3,Medical,Single,23018,140,59,1,1,1,0,3,4,2,Yes,1
EMP10890,45,45-54,Female,Research & Development,Research Scientist,10200,10K-15K,13,11-20,5,9,2,No,4.0,High,3,3,Travel_Rarely,29.0,5,Technical Degree,Married,9649,707,71,2,2,2,0,3,1,2,No,0
EMP10891,45,45-54,Male,Sales,Sales Executive,11430,10K-15K,6,6-10,3,4,1,No,4.0,High,3,4,Travel_Rarely,12.0,3,Medical,Single,23551,782,67,4,4,3,2,3,8,2,No,0
EMP10892,54,45-54,Male,Sales,Sales Executive,8360,7K-10K,7,6-10,1,5,2,No,1.0,Low,2,3,Travel_Frequently,2.0,3,Technical Degree,Single,6774,1044,95,2,3,3,2,1,1,1,No,0
EMP10893,33,25-34,Female,Sales,Sales Executive,6030,4K-7K,5,3-5,1,1,3,Yes,3.0,Medium-High,3,2,Travel_Rarely,7.0,4,Other,Married,7079,1006,98,2,4,4,2,1,0,2,No,0
EMP10894,43,35-44,Male,Research & Development,Manufacturing Director,4010,4K-7K,1,0-2,1,0,1,Yes,3.0,Medium-High,2,1,Travel_Rarely,11.0,2,Life Sciences,Single,14180,1190,44,1,3,2,3,1,3,2,No,0
EMP10895,58,55+,Female,Sales,Sales Representative,15870,15K+,6,6-10,4,4,6,No,2.0,Medium-Low,3,5,Travel_Rarely,29.0,3,Medical,Single,25632,1046,90,2,3,2,3,5,3,2,No,0
EMP10896,31,25-34,Female,Research & Development,Research Scientist,3060,<4K,8,6-10,6,1,2,No,4.0,High,3,1,Travel_Frequently,4.0,4,Life Sciences,Single,3653,1431,35,3,3,2,2,1,3,2,Yes,1
EMP10897,23,18-24,Female,Research & Development,Research Scientist,3170,<4K,4,3-5,2,2,3,No,3.0,Medium-High,4,1,Travel_Rarely,3.0,4,Technical Degree,Single,18428,1242,107,4,1,3,3,2,1,2,Yes,1
EMP10898,20,18-24,Female,Sales,Sales Representative,5760,4K-7K,2,0-2,1,1,1,No,4.0,High,2,2,Travel_Frequently,10.0,4,Life Sciences,Single,6370,952,53,3,3,2,0,3,1,2,Yes,1
EMP10899,43,35-44,Male,Research & Development,Laboratory Technician,2570,<4K,5,3-5,3,1,3,No,4.0,High,1,1,Travel_Rarely,10.0,4,Technical Degree,Single,22148,1309,43,3,4,4,2,1,1,2,Yes,1
EMP10900,20,18-24,Female,Research & Development,Healthcare Representative,9360,7K-10K,2,0-2,1,1,2,No,1.0,Low,2,4,Travel_Rarely,12.0,2,Other,Single,21416,1073,41,2,3,3,2,2,1,2,No,0
EMP10901,34,25-34,Female,Research & Development,Healthcare Representative,4620,4K-7K,5,3-5,2,2,2,Yes,1.0,Low,1,2,Travel_Rarely,13.0,5,Medical,Divorced,13574,1193,84,1,3,3,0,4,1,2,Yes,1
EMP10902,41,35-44,Female,Research & Development,Research Director,5120,4K-7K,3,3-5,3,2,3,Yes,2.0,Medium-Low,2,2,Travel_Rarely,11.0,2,Other,Single,22711,1110,97,1,3,3,3,2,1,2,No,0
EMP10903,39,35-44,Female,Research & Development,Healthcare Representative,5460,4K-7K,6,6-10,3,3,6,No,1.0,Low,1,2,Travel_Rarely,29.0,4,Other,Divorced,2085,856,73,4,2,3,0,5,1,2,No,0
EMP10904,41,35-44,Male,Research & Development,Laboratory Technician,4980,4K-7K,8,6-10,1,3,4,No,1.0,Low,4,2,Travel_Rarely,11.0,3,Life Sciences,Divorced,13368,1106,80,3,3,4,1,0,3,2,No,0
EMP10905,39,35-44,Female,Research & Development,Healthcare Representative,3410,<4K,7,6-10,3,3,7,Yes,4.0,High,3,1,Travel_Rarely,5.0,5,Life Sciences,Single,16066,1407,109,1,1,4,0,2,2,2,Yes,1
EMP10906,49,45-54,Male,Sales,Sales Executive,4940,4K-7K,1,0-2,1,1,1,Yes,4.0,High,3,2,Travel_Rarely,17.0,4,Other,Single,14464,647,67,2,4,2,1,2,3,2,Yes,1
EMP10907,28,25-34,Male,Sales,Sales Executive,5720,4K-7K,9,6-10,5,3,2,No,3.0,Medium-High,3,2,Travel_Frequently,16.0,4,Other,Single,19997,1471,70,2,1,4,0,3,2,2,No,0
EMP10908,31,25-34,Male,Research & Development,Healthcare Representative,5110,4K-7K,2,0-2,1,1,2,No,4.0,High,1,2,Travel_Frequently,7.0,3,Life Sciences,Married,25165,1014,73,3,3,3,1,1,3,2,No,0
EMP10909,30,25-34,Female,Research & Development,Laboratory Technician,7350,7K-10K,8,6-10,7,2,8,No,1.0,Low,4,3,Travel_Rarely,2.0,3,Life Sciences,Married,17548,1318,104,3,2,2,2,2,0,2,No,0
EMP10910,44,35-44,Male,Research & Development,Research Director,4310,4K-7K,8,6-10,6,5,1,No,3.0,Medium-High,3,1,Travel_Frequently,7.0,3,Life Sciences,Married,9227,583,45,3,1,3,2,4,0,2,No,0
EMP10911,45,45-54,Male,Research & Development,Research Director,3600,<4K,2,0-2,0,1,2,Yes,1.0,Low,1,1,Travel_Rarely,10.0,4,Other,Married,5291,687,79,3,3,3,2,2,2,2,Yes,1
EMP10912,41,35-44,Male,Research & Development,Research Director,3910,<4K,10,6-10,2,2,3,No,2.0,Medium-Low,4,1,Non-Travel,1.0,2,Life Sciences,Single,10779,1403,67,1,4,3,0,1,2,2,No,0
EMP10913,48,45-54,Female,Research & Development,Manager,4890,4K-7K,16,11-20,6,8,2,Yes,2.0,Medium-Low,3,1,Travel_Rarely,5.0,5,Medical,Divorced,10794,1471,34,4,3,3,0,6,1,2,Yes,1
EMP10914,26,25-34,Male,Research & Development,Laboratory Technician,8080,7K-10K,5,3-5,0,3,5,No,3.0,Medium-High,3,3,Travel_Rarely,3.0,4,Other,Married,18151,1221,38,1,2,1,2,3,3,2,No,0
EMP10915,52,45-54,Male,Research & Development,Laboratory Technician,7530,7K-10K,8,6-10,7,5,5,Yes,1.0,Low,4,3,Travel_Rarely,4.0,3,Life Sciences,Divorced,17526,381,106,2,3,2,1,4,1,2,No,0
EMP10916,51,45-54,Female,Research & Development,Manufacturing Director,5120,4K-7K,4,3-5,2,2,4,No,1.0,Low,4,2,Travel_Frequently,10.0,4,Marketing,Married,25165,729,68,4,1,4,2,4,2,2,No,0
EMP10917,44,35-44,Male,Research & Development,Laboratory Technician,5230,4K-7K,2,0-2,0,0,2,No,3.0,Medium-High,4,2,Travel_Frequently,11.0,3,Life Sciences,Single,21900,518,56,1,3,3,0,3,3,2,No,0
EMP10918,53,45-54,Female,Sales,Sales Representative,5190,4K-7K,11,11-20,6,7,4,No,3.0,Medium-High,2,2,Travel_Rarely,5.0,3,Other,Divorced,19640,322,61,3,1,3,0,2,1,2,No,0
EMP10919,22,18-24,Male,Sales,Sales Representative,3970,<4K,4,3-5,1,2,4,Yes,2.0,Medium-Low,3,1,Travel_Rarely,15.0,3,Life Sciences,Married,12353,1375,93,4,4,4,3,3,0,4,Yes,1
EMP10920,32,25-34,Female,Research & Development,Healthcare Representative,4770,4K-7K,4,3-5,3,3,2,No,1.0,Low,2,1,Travel_Rarely,17.0,3,Technical Degree,Married,15819,179,62,3,1,4,2,2,6,2,Yes,1
EMP10921,30,25-34,Male,Sales,Sales Executive,11290,10K-15K,3,3-5,2,2,2,No,4.0,High,4,4,Travel_Frequently,3.0,4,Technical Degree,Married,16947,925,47,2,1,1,0,3,2,2,No,0
EMP10922,43,35-44,Male,Research & Development,Research Scientist,5930,4K-7K,17,11-20,10,13,2,No,1.0,Low,2,2,Non-Travel,22.0,3,Life Sciences,Divorced,14871,781,105,3,4,3,1,3,2,2,Yes,1
EMP10923,27,25-34,Female,Sales,Sales Executive,17050,15K+,2,0-2,1,1,2,No,4.0,High,3,5,Travel_Rarely,10.0,4,Life Sciences,Divorced,21419,512,96,4,4,4,1,4,2,2,No,0
EMP10924,44,35-44,Male,Sales,Sales Executive,5600,4K-7K,9,6-10,6,5,1,Yes,1.0,Low,4,1,Travel_Frequently,15.0,4,Life Sciences,Married,12609,433,34,3,1,2,1,1,1,2,No,0
EMP10925,49,45-54,Female,Research & Development,Manager,4800,4K-7K,7,6-10,3,2,7,No,3.0,Medium-High,3,2,Travel_Frequently,16.0,4,Life Sciences,Single,9516,988,107,3,2,3,1,4,2,3,No,0
EMP10926,43,35-44,Male,Research & Development,Laboratory Technician,3920,<4K,9,6-10,7,6,5,Yes,3.0,Medium-High,4,1,Travel_Rarely,9.0,2,Human Resources,Married,23670,1451,88,4,3,3,1,4,2,2,Yes,1
EMP10927,39,35-44,Male,Research & Development,Research Scientist,5290,4K-7K,14,11-20,9,3,1,Yes,4.0,High,2,1,Non-Travel,18.0,4,Human Resources,Divorced,12311,1125,105,4,3,3,3,2,5,3,No,0
EMP10928,28,25-34,Male,Research & Development,Research Scientist,4090,4K-7K,1,0-2,1,1,1,Yes,3.0,Medium-High,1,2,Travel_Rarely,11.0,3,Medical,Married,6955,1326,33,3,4,2,2,4,2,2,Yes,1
EMP10929,29,25-34,Female,Research & Development,Manufacturing Director,4470,4K-7K,3,3-5,2,1,3,Yes,1.0,Low,4,1,Travel_Frequently,20.0,3,Marketing,Divorced,12592,357,45,1,2,3,2,3,1,3,Yes,1
EMP10930,48,45-54,Male,Research & Development,Manufacturing Director,3620,<4K,5,3-5,3,3,5,No,4.0,High,3,1,Travel_Rarely,2.0,3,Marketing,Married,15322,862,104,3,1,1,2,4,1,2,No,0
EMP10931,44,35-44,Male,Research & Development,Laboratory Technician,3760,<4K,15,11-20,4,2,3,No,3.0,Medium-High,4,1,Travel_Frequently,23.0,3,Human Resources,Divorced,12980,1490,77,2,1,2,0,4,0,2,No,0
EMP10932,37,35-44,Male,Sales,Sales Executive,5930,4K-7K,4,3-5,1,0,4,No,4.0,High,3,1,Travel_Rarely,29.0,4,Medical,Single,2637,1269,95,3,3,2,1,3,0,2,Yes,1
EMP10933,33,25-34,Male,Human Resources,Human Resources,4590,4K-7K,4,3-5,1,3,4,No,4.0,High,4,2,Travel_Rarely,10.0,3,Life Sciences,Married,2152,936,106,2,3,2,1,2,1,2,Yes,1
EMP10934,18,18-24,Male,Research & Development,Laboratory Technician,4140,4K-7K,0,0-2,0,0,0,No,3.0,Medium-High,3,2,Travel_Rarely,15.0,4,Life Sciences,Married,15473,554,37,3,4,3,2,2,1,2,No,0
EMP10935,27,25-34,Female,Research & Development,Healthcare Representative,3200,<4K,4,3-5,2,3,2,Yes,4.0,High,4,1,Travel_Rarely,10.0,2,Marketing,Married,7909,118,73,2,4,4,3,2,4,2,No,0
EMP10936,54,45-54,Male,Research & Development,Manufacturing Director,3390,<4K,8,6-10,7,5,5,No,3.0,Medium-High,1,1,Travel_Rarely,3.0,3,Medical,Single,21122,1053,50,4,2,3,1,4,6,2,Yes,1
EMP10937,25,25-34,Female,Research & Development,Laboratory Technician,3820,<4K,5,3-5,2,4,3,No,3.0,Medium-High,4,1,Travel_Rarely,12.0,5,Medical,Divorced,17503,1078,55,1,3,3,0,4,1,2,Yes,1
EMP10938,39,35-44,Male,Sales,Sales Executive,6590,4K-7K,3,3-5,1,2,3,No,3.0,Medium-High,1,2,Travel_Frequently,4.0,4,Life Sciences,Divorced,2138,532,64,1,4,2,0,4,1,2,No,0
EMP10939,46,45-54,Female,Research & Development,Manager,5250,4K-7K,17,11-20,10,8,2,No,3.0,Medium-High,1,1,Travel_Rarely,29.0,3,Technical Degree,Divorced,16541,351,44,3,4,3,1,4,2,3,No,0
EMP10940,25,25-34,Female,Research & Development,Laboratory Technician,7880,7K-10K,5,3-5,3,4,4,No,3.0,Medium-High,3,3,Travel_Rarely,16.0,3,Life Sciences,Single,8239,895,69,3,3,3,0,2,4,2,Yes,1
EMP10941,39,35-44,Male,Research & Development,Healthcare Representative,2900,<4K,6,6-10,2,4,4,No,4.0,High,3,1,Travel_Rarely,21.0,3,Life Sciences,Single,19109,1006,59,3,3,3,3,6,0,3,Yes,1
EMP10942,45,45-54,Female,Research & Development,Research Scientist,3560,<4K,3,3-5,1,2,3,Yes,3.0,Medium-High,3,1,Travel_Rarely,3.0,3,Medical,Married,24084,748,95,4,3,2,0,3,1,3,Yes,1
EMP10943,37,35-44,Male,Sales,Sales Executive,6830,4K-7K,2,0-2,1,0,2,No,3.0,Medium-High,2,3,Travel_Frequently,8.0,4,Life Sciences,Married,15667,1009,109,3,3,4,3,2,1,2,No,0
EMP10944,60,55+,Female,Sales,Sales Executive,6210,4K-7K,9,6-10,3,2,3,Yes,3.0,Medium-High,3,2,Travel_Rarely,3.0,4,Marketing,Single,13734,837,42,3,2,3,0,3,0,2,No,0
EMP10945,22,18-24,Female,Research & Development,Manufacturing Director,2960,<4K,2,0-2,1,1,2,No,1.0,Low,4,1,Travel_Rarely,19.0,3,Life Sciences,Married,20749,320,30,1,3,4,0,3,0,2,No,0
EMP10946,47,45-54,Male,Research & Development,Manager,7710,7K-10K,8,6-10,3,4,3,No,1.0,Low,3,3,Travel_Rarely,2.0,5,Medical,Married,16847,212,72,3,3,3,1,2,1,3,No,0
EMP10947,35,35-44,Male,Research & Development,Laboratory Technician,3340,<4K,0,0-2,0,0,0,No,1.0,Low,2,2,Travel_Rarely,13.0,3,Marketing,Married,2018,1272,57,2,1,3,2,3,0,2,No,0
EMP10948,44,35-44,Male,Sales,Sales Executive,8540,7K-10K,7,6-10,3,2,3,No,3.0,Medium-High,3,3,Travel_Rarely,2.0,3,Life Sciences,Married,11628,659,30,3,3,3,0,2,1,2,No,0
EMP10949,41,35-44,Male,Sales,Sales Executive,5860,4K-7K,3,3-5,1,2,3,No,4.0,High,4,2,Travel_Frequently,7.0,3,Life Sciences,Married,20345,1181,69,4,3,3,2,3,5,2,No,0
EMP10950,30,25-34,Male,Research & Development,Laboratory Technician,5190,4K-7K,3,3-5,2,1,3,Yes,3.0,Medium-High,4,2,Non-Travel,8.0,3,Other,Single,12646,296,63,3,3,4,0,4,0,2,No,0
EMP10951,39,35-44,Male,Research & Development,Research Scientist,15150,15K+,5,3-5,3,2,5,Yes,4.0,High,1,5,Travel_Rarely,23.0,3,Medical,Single,20235,1141,42,4,3,1,2,2,1,2,Yes,1
EMP10952,20,18-24,Male,Sales,Sales Executive,4720,4K-7K,2,0-2,1,2,2,Yes,1.0,Low,1,1,Travel_Rarely,16.0,3,Medical,Divorced,9112,879,90,4,3,3,0,4,2,2,Yes,1
EMP10953,42,35-44,Female,Research & Development,Healthcare Representative,5100,4K-7K,1,0-2,0,1,1,No,4.0,High,1,2,Travel_Rarely,11.0,3,Life Sciences,Married,23905,314,95,3,3,3,1,1,1,2,No,0
EMP10954,40,35-44,Male,Sales,Sales Executive,5730,4K-7K,5,3-5,1,4,1,No,2.0,Medium-Low,3,2,Non-Travel,4.0,2,Medical,Divorced,18484,735,33,3,2,4,0,4,1,3,No,0
EMP10955,43,35-44,Male,Research & Development,Research Scientist,3670,<4K,9,6-10,3,7,2,No,1.0,Low,3,1,Travel_Rarely,4.0,4,Marketing,Single,8838,1139,42,3,2,2,0,2,7,2,No,0
EMP10956,47,45-54,Female,Research & Development,Manager,3620,<4K,7,6-10,4,1,7,No,4.0,High,3,1,Travel_Rarely,6.0,3,Marketing,Married,16353,776,65,1,2,3,0,2,3,2,No,0
EMP10957,40,35-44,Male,Research & Development,Research Scientist,3290,<4K,12,11-20,7,4,1,No,1.0,Low,3,1,Travel_Frequently,8.0,2,Technical Degree,Married,16464,759,90,1,1,3,0,3,1,2,Yes,1
EMP10958,38,35-44,Male,Research & Development,Manager,4460,4K-7K,1,0-2,0,1,1,No,2.0,Medium-Low,2,2,Travel_Frequently,8.0,4,Life Sciences,Divorced,9135,332,87,1,3,3,2,3,1,2,No,0
EMP10959,29,25-34,Male,Research & Development,Laboratory Technician,4040,4K-7K,4,3-5,2,3,2,No,2.0,Medium-Low,1,2,Non-Travel,17.0,5,Life Sciences,Divorced,8029,124,44,4,4,3,2,3,1,4,No,0
EMP10960,30,25-34,Female,Sales,Manager,6040,4K-7K,6,6-10,1,6,1,No,4.0,High,2,2,Travel_Rarely,6.0,5,Human Resources,Single,14653,1488,41,2,2,2,0,2,5,3,No,0
EMP10961,48,45-54,Female,Research & Development,Manufacturing Director,3990,<4K,3,3-5,1,3,2,Yes,3.0,Medium-High,1,1,Travel_Frequently,16.0,3,Other,Single,4509,1037,105,3,4,3,3,2,0,2,No,0
EMP10962,50,45-54,Male,Research & Development,Research Director,5650,4K-7K,6,6-10,4,3,1,Yes,2.0,Medium-Low,4,2,Travel_Rarely,11.0,2,Life Sciences,Married,15472,1418,98,3,3,3,3,3,2,2,No,0
EMP10963,35,35-44,Female,Research & Development,Manager,11800,10K-15K,11,11-20,8,1,4,Yes,1.0,Low,2,4,Travel_Frequently,4.0,3,Medical,Divorced,3955,1118,90,3,2,3,3,3,8,2,No,0
EMP10964,37,35-44,Male,Research & Development,Research Scientist,5540,4K-7K,8,6-10,3,1,5,No,1.0,Low,3,2,Travel_Rarely,13.0,2,Life Sciences,Married,11846,170,71,3,1,3,1,2,1,2,No,0
EMP10965,29,25-34,Female,Research & Development,Manager,4690,4K-7K,11,11-20,5,9,3,No,1.0,Low,2,2,Travel_Rarely,9.0,5,Life Sciences,Divorced,9078,124,61,2,3,2,0,2,3,2,No,0
EMP10966,48,45-54,Female,Research & Development,Laboratory Technician,6580,4K-7K,7,6-10,5,4,1,No,4.0,High,3,3,Travel_Rarely,2.0,2,Life Sciences,Single,9543,1497,31,4,3,4,0,3,0,2,No,0
EMP10967,43,35-44,Female,Sales,Sales Executive,7290,7K-10K,5,3-5,1,4,2,No,4.0,High,3,3,Travel_Rarely,3.0,3,Life Sciences,Married,23164,557,37,4,2,2,0,3,3,2,No,0
EMP10968,55,55+,Male,Research & Development,Laboratory Technician,5840,4K-7K,14,11-20,9,2,4,No,4.0,High,1,2,Travel_Rarely,14.0,3,Technical Degree,Married,19294,1337,83,3,2,2,1,3,2,2,No,0
EMP10969,29,25-34,Male,Research & Development,Manufacturing Director,7270,7K-10K,6,6-10,3,3,5,No,4.0,High,3,3,Travel_Rarely,6.0,3,Marketing,Single,8163,310,37,4,4,3,1,0,2,2,No,0
EMP10970,33,25-34,Male,Research & Development,Research Scientist,6200,4K-7K,15,11-20,9,5,1,No,4.0,High,1,2,Travel_Rarely,11.0,4,Life Sciences,Married,14833,640,42,1,1,2,1,2,1,2,No,0
EMP10971,39,35-44,Female,Sales,Sales Representative,7940,7K-10K,10,6-10,4,3,3,No,4.0,High,3,3,Travel_Rarely,18.0,3,Life Sciences,Divorced,26377,870,58,1,4,3,1,4,1,2,No,0
EMP10972,43,35-44,Male,Sales,Sales Executive,4840,4K-7K,4,3-5,3,0,2,No,4.0,High,3,1,Travel_Rarely,8.0,2,Human Resources,Divorced,8715,1162,42,3,1,3,0,2,1,3,No,0
EMP10973,35,35-44,Female,Sales,Sales Representative,3360,<4K,5,3-5,1,1,3,Yes,4.0,High,3,1,Travel_Rarely,19.0,3,Life Sciences,Single,24526,1383,87,4,3,3,2,3,4,2,Yes,1
EMP10974,29,25-34,Female,Research & Development,Research Director,4770,4K-7K,11,11-20,6,9,1,Yes,3.0,Medium-High,3,1,Travel_Rarely,3.0,3,Marketing,Married,8605,776,92,2,3,1,0,1,1,3,No,0
EMP10975,45,45-54,Male,Research & Development,Laboratory Technician,7460,7K-10K,12,11-20,9,6,1,No,2.0,Medium-Low,2,3,Travel_Rarely,19.0,2,Life Sciences,Married,19565,194,76,3,3,2,1,1,2,2,Yes,1
EMP10976,43,35-44,Female,Research & Development,Laboratory Technician,5670,4K-7K,9,6-10,2,5,3,Yes,3.0,Medium-High,1,2,Travel_Rarely,4.0,3,Marketing,Single,25915,319,108,1,2,3,0,3,2,2,No,0
EMP10977,29,25-34,Female,Research & Development,Research Scientist,3210,<4K,9,6-10,1,2,3,No,3.0,Medium-High,1,1,Travel_Rarely,11.0,3,Life Sciences,Divorced,18988,1005,103,4,2,3,0,3,3,2,Yes,1
EMP10978,49,45-54,Female,Research & Development,Research Scientist,4490,4K-7K,2,0-2,1,1,2,No,3.0,Medium-High,2,1,Travel_Rarely,15.0,4,Life Sciences,Single,24233,1391,67,3,3,3,2,2,4,2,No,0
EMP10979,48,45-54,Female,Research & Development,Research Scientist,5720,4K-7K,3,3-5,2,2,3,No,4.0,High,2,3,Travel_Frequently,26.0,5,Life Sciences,Married,20754,1189,98,2,2,3,0,4,1,3,No,0
EMP10980,38,35-44,Female,Research & Development,Laboratory Technician,7720,7K-10K,7,6-10,3,5,2,No,3.0,Medium-High,3,3,Travel_Rarely,29.0,4,Life Sciences,Married,12202,292,98,4,3,2,1,2,4,2,No,0
EMP10981,38,35-44,Male,Research & Development,Research Scientist,5310,4K-7K,3,3-5,1,0,2,No,1.0,Low,3,2,Travel_Rarely,3.0,5,Medical,Married,14327,1443,69,1,4,3,2,2,2,2,No,0
EMP10982,42,35-44,Female,Sales,Manager,6720,4K-7K,5,3-5,3,3,3,Yes,2.0,Medium-Low,4,2,Travel_Rarely,29.0,3,Technical Degree,Single,16287,274,30,3,4,4,0,2,1,2,No,0
EMP10983,29,25-34,Male,Research & Development,Manufacturing Director,4610,4K-7K,5,3-5,3,1,3,No,4.0,High,3,2,Non-Travel,12.0,2,Life Sciences,Single,15221,211,31,1,1,3,0,1,2,2,No,0
EMP10984,37,35-44,Female,Research & Development,Laboratory Technician,4800,4K-7K,8,6-10,4,3,2,No,3.0,Medium-High,3,2,Travel_Rarely,6.0,3,Life Sciences,Married,18586,1431,58,2,3,3,0,3,1,3,No,0
EMP10985,18,18-24,Female,Sales,Sales Representative,11420,10K-15K,0,0-2,0,0,0,Yes,2.0,Medium-Low,2,4,Travel_Rarely,22.0,4,Medical,Married,18092,1463,36,2,3,3,0,2,1,2,Yes,1
EMP10986,45,45-54,Male,Research & Development,Research Scientist,4910,4K-7K,11,11-20,3,6,4,Yes,4.0,High,3,1,Travel_Rarely,14.0,5,Marketing,Married,15870,1203,86,2,2,1,0,4,2,3,Yes,1
EMP10987,23,18-24,Female,Sales,Sales Executive,6580,4K-7K,5,3-5,4,3,3,No,2.0,Medium-Low,2,2,Travel_Rarely,11.0,4,Other,Single,2242,210,84,4,2,3,1,0,2,2,No,0
EMP10988,51,45-54,Male,Research & Development,Manufacturing Director,4560,4K-7K,7,6-10,1,6,4,No,3.0,Medium-High,3,1,Travel_Rarely,10.0,2,Marketing,Single,24615,552,102,3,2,3,0,4,1,3,Yes,1
EMP10989,34,25-34,Male,Research & Development,Manufacturing Director,4430,4K-7K,6,6-10,4,2,3,Yes,2.0,Medium-Low,4,2,Travel_Rarely,24.0,5,Medical,Married,5740,512,65,2,3,3,1,3,3,2,No,0
EMP10990,35,35-44,Male,Sales,Sales Executive,5980,4K-7K,12,11-20,4,10,3,No,4.0,High,3,2,Travel_Rarely,13.0,3,Marketing,Divorced,21105,703,36,3,4,3,0,3,2,2,No,0
EMP10991,31,25-34,Female,Sales,Manager,4840,4K-7K,6,6-10,0,3,1,No,4.0,High,1,2,Travel_Rarely,15.0,1,Other,Single,24410,1059,39,3,4,4,3,1,3,2,No,0
EMP10992,34,25-34,Female,Sales,Manager,4440,4K-7K,4,3-5,2,0,4,No,3.0,Medium-High,4,1,Travel_Rarely,17.0,3,Human Resources,Single,10851,285,109,4,3,3,1,0,1,2,No,0
EMP10993,50,45-54,Female,Research & Development,Manufacturing Director,5220,4K-7K,9,6-10,5,6,6,No,4.0,High,2,2,Travel_Rarely,5.0,2,Life Sciences,Single,10904,1210,103,3,3,3,0,4,1,2,No,0
EMP10994,18,18-24,Male,Research & Development,Manufacturing Director,2730,<4K,0,0-2,0,0,0,No,4.0,High,4,1,Travel_Rarely,16.0,3,Life Sciences,Single,14087,1347,68,3,4,3,2,3,4,3,No,0
EMP10995,49,45-54,Female,Research & Development,Manufacturing Director,4460,4K-7K,10,6-10,3,3,3,No,4.0,High,4,1,Non-Travel,12.0,3,Life Sciences,Single,11366,150,87,2,3,3,0,3,1,2,No,0
EMP10996,40,35-44,Female,Research & Development,Research Scientist,4250,4K-7K,13,11-20,11,7,6,No,4.0,High,2,1,Travel_Rarely,22.0,3,Medical,Married,7219,1249,69,1,3,3,0,3,2,3,No,0
EMP10997,26,25-34,Male,Sales,Sales Executive,8170,7K-10K,5,3-5,2,1,4,No,4.0,High,1,3,Travel_Frequently,15.0,3,Technical Degree,Divorced,26822,1269,43,3,4,3,0,4,1,2,No,0
EMP10998,27,25-34,Male,Research & Development,Research Scientist,6190,4K-7K,9,6-10,4,3,2,No,3.0,Medium-High,4,2,Non-Travel,3.0,4,Medical,Single,19114,1164,30,3,1,2,1,2,1,1,No,0
EMP10999,52,45-54,Male,Human Resources,Human Resources,5450,4K-7K,10,6-10,3,5,6,No,3.0,Medium-High,3,2,Travel_Rarely,6.0,4,Life Sciences,Married,19944,454,46,3,1,4,0,2,4,2,No,0
EMP11000,28,25-34,Female,Research & Development,Manufacturing Director,5780,4K-7K,4,3-5,1,0,2,No,2.0,Medium-Low,2,2,Travel_Rarely,16.0,3,Technical Degree,Married,10687,462,78,3,3,3,0,3,0,3,No,0
EMP11001,26,25-34,Female,Research & Development,Research Scientist,4190,4K-7K,3,3-5,2,1,1,No,1.0,Low,3,2,Travel_Rarely,9.0,4,Human Resources,Divorced,23792,635,45,3,4,3,1,3,1,2,No,0
EMP11002,47,45-54,Female,Research & Development,Manager,6640,4K-7K,3,3-5,1,1,2,Yes,4.0,High,3,2,Travel_Frequently,6.0,4,Life Sciences,Divorced,24942,1407,36,4,1,4,3,5,5,2,Yes,1
EMP11003,40,35-44,Male,Sales,Manager,2360,<4K,2,0-2,0,1,2,No,1.0,Low,2,2,Travel_Frequently,4.0,2,Technical Degree,Divorced,12854,135,44,4,3,3,1,1,1,2,No,0
EMP11004,28,25-34,Female,Sales,Sales Representative,5670,4K-7K,10,6-10,3,4,1,No,3.0,Medium-High,1,1,Non-Travel,8.0,3,Medical,Married,4575,376,50,3,3,2,0,0,1,2,No,0
EMP11005,39,35-44,Male,Sales,Sales Executive,5030,4K-7K,5,3-5,4,3,5,No,2.0,Medium-Low,2,2,Travel_Rarely,10.0,3,Other,Divorced,25892,1448,95,3,3,3,3,1,1,2,No,0
EMP11006,28,25-34,Male,Sales,Manager,6780,4K-7K,10,6-10,6,7,1,No,3.0,Medium-High,1,2,Travel_Rarely,8.0,2,Other,Married,3082,1109,88,3,1,4,0,4,3,2,No,0
EMP11007,47,45-54,Female,Sales,Sales Executive,6790,4K-7K,4,3-5,1,3,4,Yes,2.0,Medium-Low,1,3,Travel_Frequently,13.0,4,Medical,Single,21137,281,77,2,4,2,0,3,2,2,No,0
EMP11008,47,45-54,Male,Sales,Sales Representative,7580,7K-10K,4,3-5,3,2,4,No,4.0,High,1,3,Travel_Frequently,3.0,4,Technical Degree,Divorced,21342,570,102,4,4,1,3,1,2,2,No,0
EMP11009,42,35-44,Female,Research & Development,Research Scientist,5090,4K-7K,8,6-10,6,7,4,Yes,4.0,High,1,1,Travel_Rarely,8.0,2,Other,Married,10735,516,79,1,3,2,1,3,4,2,Yes,1
EMP11010,40,35-44,Male,Research & Development,Research Director,4050,4K-7K,15,11-20,12,6,4,No,4.0,High,2,1,Travel_Rarely,10.0,4,Medical,Single,13255,988,39,3,4,3,0,2,1,3,No,0
EMP11011,53,45-54,Female,Research & Development,Research Scientist,5570,4K-7K,4,3-5,3,1,3,No,3.0,Medium-High,4,2,Travel_Rarely,14.0,4,Life Sciences,Divorced,8833,1273,81,1,4,4,2,4,2,2,No,0
EMP11012,37,35-44,Male,Human Resources,Manager,4420,4K-7K,10,6-10,4,9,5,Yes,4.0,High,3,1,Travel_Rarely,10.0,4,Technical Degree,Married,12094,503,97,3,3,1,2,4,2,2,No,0
EMP11013,26,25-34,Male,Sales,Manager,3590,<4K,6,6-10,3,6,3,Yes,3.0,Medium-High,3,1,Travel_Rarely,8.0,3,Life Sciences,Single,22698,613,59,1,4,3,0,6,2,2,Yes,1
EMP11014,41,35-44,Male,Research & Development,Research Scientist,8570,7K-10K,8,6-10,4,3,2,No,3.0,Medium-High,3,3,Travel_Rarely,5.0,4,Life Sciences,Married,23474,665,63,4,4,3,0,1,2,2,No,0
EMP11015,56,55+,Male,Sales,Sales Executive,4260,4K-7K,3,3-5,2,1,1,No,2.0,Medium-Low,1,1,Travel_Rarely,12.0,3,Other,Married,4150,540,107,2,2,3,0,0,2,2,Yes,1
EMP11016,28,25-34,Female,Sales,Manager,11340,10K-15K,9,6-10,5,4,4,Yes,4.0,High,4,4,Travel_Frequently,10.0,3,Technical Degree,Married,8103,1369,94,4,1,2,1,4,2,3,No,0
EMP11017,34,25-34,Male,Research & Development,Manufacturing Director,5300,4K-7K,5,3-5,1,1,4,No,1.0,Low,3,2,Travel_Frequently,8.0,2,Life Sciences,Single,19267,1091,89,4,2,3,1,4,2,3,No,0
EMP11018,41,35-44,Female,Research & Development,Research Director,7820,7K-10K,4,3-5,0,1,3,No,3.0,Medium-High,3,3,Travel_Rarely,9.0,2,Life Sciences,Divorced,21061,1169,37,3,3,4,0,1,3,2,No,0
EMP11019,36,35-44,Female,Sales,Sales Representative,5070,4K-7K,6,6-10,4,0,6,No,4.0,High,4,1,Travel_Rarely,4.0,4,Life Sciences,Divorced,23622,174,104,3,1,2,2,1,2,2,No,0
EMP11020,28,25-34,Male,Research & Development,Laboratory Technician,3740,<4K,9,6-10,4,5,7,Yes,3.0,Medium-High,3,1,Travel_Rarely,10.0,3,Life Sciences,Single,5975,1272,94,1,1,1,1,3,1,3,Yes,1
EMP11021,47,45-54,Male,Sales,Sales Executive,5200,4K-7K,5,3-5,2,2,2,Yes,1.0,Low,2,2,Travel_Rarely,5.0,3,Life Sciences,Married,18390,505,98,4,4,4,0,5,3,2,No,0
EMP11022,58,55+,Female,Research & Development,Research Scientist,3420,<4K,4,3-5,1,2,4,No,3.0,Medium-High,4,1,Travel_Rarely,9.0,2,Technical Degree,Single,26029,102,86,3,3,3,1,2,1,2,Yes,1
EMP11023,39,35-44,Female,Sales,Sales Representative,3930,<4K,5,3-5,0,2,1,No,4.0,High,4,1,Non-Travel,10.0,4,Life Sciences,Divorced,7400,1132,74,2,4,3,1,3,3,2,No,0
EMP11024,29,25-34,Female,Human Resources,Human Resources,4480,4K-7K,5,3-5,3,3,3,No,1.0,Low,4,1,Travel_Frequently,6.0,1,Medical,Divorced,20473,613,78,3,4,4,1,0,2,3,Yes,1
EMP11025,23,18-24,Male,Sales,Sales Executive,3050,<4K,5,3-5,4,2,3,No,4.0,High,1,1,Travel_Rarely,2.0,4,Life Sciences,Married,6191,1361,103,1,2,3,3,3,2,2,No,0
EMP11026,39,35-44,Female,Research & Development,Manufacturing Director,3410,<4K,5,3-5,2,2,5,No,4.0,High,4,1,Non-Travel,23.0,2,Other,Divorced,7623,639,91,3,3,3,0,3,4,2,Yes,1
EMP11027,47,45-54,Male,Sales,Sales Representative,7180,7K-10K,4,3-5,2,3,2,Yes,4.0,High,3,3,Travel_Rarely,4.0,2,Life Sciences,Married,4293,389,68,1,1,3,0,5,2,2,No,0
EMP11028,41,35-44,Female,Sales,Manager,4020,4K-7K,3,3-5,1,2,3,No,3.0,Medium-High,3,1,Non-Travel,10.0,3,Life Sciences,Married,9391,280,106,3,3,2,2,2,1,2,No,0
EMP11029,37,35-44,Female,Research & Development,Manager,2380,<4K,8,6-10,5,4,3,Yes,1.0,Low,1,1,Non-Travel,12.0,3,Life Sciences,Married,22593,1438,50,3,2,3,1,4,2,2,Yes,1
EMP11030,32,25-34,Male,Sales,Sales Executive,6520,4K-7K,6,6-10,4,4,1,No,3.0,Medium-High,1,2,Travel_Rarely,16.0,3,Marketing,Single,6425,365,82,2,1,3,3,2,1,2,No,0
EMP11031,27,25-34,Male,Research & Development,Research Director,11380,10K-15K,9,6-10,6,5,1,No,3.0,Medium-High,1,4,Travel_Rarely,2.0,3,Marketing,Single,13766,182,74,4,1,2,0,3,1,2,No,0
EMP11032,44,35-44,Male,Research & Development,Healthcare Representative,4190,4K-7K,11,11-20,6,5,5,No,4.0,High,3,1,Travel_Rarely,7.0,5,Medical,Married,5224,357,57,3,3,4,0,6,1,2,No,0
EMP11033,45,45-54,Male,Research & Development,Manufacturing Director,2890,<4K,7,6-10,2,2,1,No,4.0,High,2,1,Travel_Rarely,20.0,4,Medical,Single,19624,1049,82,3,4,1,1,5,2,2,No,0
EMP11034,23,18-24,Female,Research & Development,Manager,5300,4K-7K,5,3-5,2,2,5,No,4.0,High,1,2,Travel_Rarely,28.0,2,Life Sciences,Single,17848,298,38,4,1,3,2,6,0,3,No,0
EMP11035,51,45-54,Male,Research & Development,Research Scientist,7630,7K-10K,6,6-10,4,1,5,Yes,3.0,Medium-High,4,3,Travel_Rarely,7.0,3,Medical,Single,16607,1415,104,4,3,3,0,3,0,2,No,0
EMP11036,42,35-44,Male,Sales,Sales Executive,7170,7K-10K,4,3-5,2,1,2,Yes,3.0,Medium-High,3,3,Travel_Rarely,11.0,4,Medical,Married,17759,747,100,3,3,3,2,3,1,3,No,0
EMP11037,50,45-54,Male,Research & Development,Research Director,4760,4K-7K,3,3-5,1,2,3,No,1.0,Low,3,2,Travel_Rarely,5.0,3,Life Sciences,Divorced,9517,1206,90,1,3,3,0,3,3,2,No,0
EMP11038,25,25-34,Female,Sales,Sales Executive,3470,<4K,3,3-5,2,3,3,No,2.0,Medium-Low,3,1,Travel_Rarely,10.0,2,Life Sciences,Divorced,5493,365,56,3,4,3,0,3,2,2,No,0
EMP11039,24,18-24,Female,Research & Development,Research Director,5550,4K-7K,5,3-5,2,4,3,No,4.0,High,3,2,Travel_Rarely,17.0,4,Life Sciences,Married,5590,1096,51,4,1,4,0,3,1,2,No,0
EMP11040,36,35-44,Male,Research & Development,Manager,3090,<4K,1,0-2,0,0,1,No,3.0,Medium-High,1,1,Travel_Rarely,5.0,3,Life Sciences,Married,10455,969,59,3,1,3,3,2,1,2,No,0
EMP11041,41,35-44,Male,Research & Development,Research Scientist,7290,7K-10K,15,11-20,10,3,2,No,3.0,Medium-High,3,2,Travel_Rarely,11.0,3,Marketing,Married,8944,830,44,3,2,3,0,2,0,2,No,0
EMP11042,53,45-54,Female,Sales,Manager,6930,4K-7K,17,11-20,12,13,10,No,1.0,Low,3,2,Non-Travel,15.0,2,Life Sciences,Single,2317,960,44,4,3,4,0,2,1,2,No,0
EMP11043,43,35-44,Female,Research & Development,Laboratory Technician,9950,7K-10K,3,3-5,1,2,3,Yes,2.0,Medium-Low,2,4,Travel_Rarely,12.0,2,Life Sciences,Married,20591,118,82,1,2,2,0,4,2,2,No,0
EMP11044,35,35-44,Male,Research & Development,Manufacturing Director,3500,<4K,17,11-20,10,8,1,No,3.0,Medium-High,2,1,Travel_Rarely,3.0,4,Life Sciences,Single,2640,470,105,1,1,4,3,4,1,3,No,0
EMP11045,28,25-34,Male,Sales,Sales Representative,3890,<4K,3,3-5,1,2,3,No,4.0,High,2,1,Travel_Rarely,12.0,3,Other,Married,2858,1146,52,4,4,3,1,6,5,3,Yes,1
EMP11046,48,45-54,Male,Research & Development,Manager,3380,<4K,6,6-10,2,2,6,No,1.0,Low,3,2,Travel_Frequently,3.0,3,Other,Single,6243,718,99,1,1,3,3,3,1,2,No,0
EMP11047,28,25-34,Male,Research & Development,Research Scientist,6580,4K-7K,8,6-10,1,4,2,No,1.0,Low,1,2,Travel_Rarely,1.0,3,Life Sciences,Married,11662,742,45,2,3,3,0,2,1,2,No,0
EMP11048,52,45-54,Male,Research & Development,Manufacturing Director,7450,7K-10K,6,6-10,5,2,1,No,3.0,Medium-High,3,3,Travel_Frequently,4.0,3,Life Sciences,Single,17437,478,94,4,4,4,0,2,2,2,No,0
EMP11049,34,25-34,Female,Sales,Sales Representative,3170,<4K,4,3-5,3,3,4,No,2.0,Medium-Low,2,1,Travel_Rarely,5.0,5,Life Sciences,Single,10243,916,74,3,3,1,0,3,0,2,Yes,1
EMP11050,51,45-54,Male,Research & Development,Healthcare Representative,4210,4K-7K,4,3-5,3,1,4,No,1.0,Low,3,1,Travel_Rarely,4.0,4,Medical,Divorced,3019,923,36,3,3,3,1,5,3,3,No,0
EMP11051,43,35-44,Female,Sales,Sales Representative,8170,7K-10K,10,6-10,6,5,2,No,1.0,Low,4,2,Travel_Frequently,10.0,4,Life Sciences,Single,26284,189,74,3,2,3,0,4,1,2,No,0
EMP11052,36,35-44,Male,Research & Development,Research Scientist,5010,4K-7K,12,11-20,4,2,5,No,3.0,Medium-High,4,1,Travel_Frequently,29.0,2,Technical Degree,Married,13814,243,68,2,3,3,2,1,3,2,No,0
EMP11053,32,25-34,Female,Sales,Sales Executive,6270,4K-7K,1,0-2,0,1,1,No,3.0,Medium-High,3,3,Travel_Rarely,8.0,2,Medical,Single,14535,720,79,3,3,2,0,3,1,2,No,0
EMP11054,34,25-34,Female,Sales,Sales Executive,7100,7K-10K,7,6-10,2,4,2,Yes,4.0,High,1,2,Travel_Rarely,11.0,3,Other,Single,18376,963,78,3,4,1,1,1,1,2,No,0
EMP11055,41,35-44,Male,Human Resources,Manager,7640,7K-10K,9,6-10,6,3,4,No,3.0,Medium-High,3,3,Travel_Rarely,17.0,2,Life Sciences,Married,12104,303,77,2,3,3,0,4,3,2,No,0
EMP11056,38,35-44,Male,Research & Development,Research Scientist,6920,4K-7K,7,6-10,4,2,2,Yes,3.0,Medium-High,3,2,Travel_Frequently,26.0,5,Human Resources,Married,10479,1424,78,4,4,3,1,2,1,2,No,0
EMP11057,31,25-34,Female,Sales,Sales Executive,7620,7K-10K,2,0-2,1,1,2,No,1.0,Low,3,3,Non-Travel,10.0,2,Human Resources,Single,7373,964,69,2,1,2,1,2,3,2,Yes,1
EMP11058,35,35-44,Male,Research & Development,Manager,3550,<4K,8,6-10,5,2,7,No,4.0,High,4,1,Travel_Rarely,4.0,3,Life Sciences,Divorced,15234,252,68,1,1,2,0,0,2,2,No,0
EMP11059,38,35-44,Male,Research & Development,Research Scientist,7460,7K-10K,11,11-20,4,4,1,Yes,3.0,Medium-High,2,3,Travel_Rarely,22.0,3,Life Sciences,Married,8357,628,86,2,3,3,3,4,2,2,No,0
EMP11060,18,18-24,Male,Research & Development,Manager,2810,<4K,0,0-2,0,0,0,No,2.0,Medium-Low,3,1,Travel_Rarely,7.0,4,Life Sciences,Single,23595,438,92,3,2,3,2,4,2,1,Yes,1
EMP11061,41,35-44,Female,Sales,Sales Representative,5350,4K-7K,4,3-5,1,3,4,Yes,3.0,Medium-High,2,2,Travel_Rarely,21.0,2,Life Sciences,Single,14831,848,85,4,4,3,1,2,1,3,No,0
EMP11062,28,25-34,Male,Human Resources,Manager,3880,<4K,7,6-10,3,1,4,Yes,2.0,Medium-Low,2,1,Travel_Rarely,15.0,3,Life Sciences,Married,9772,1458,31,3,3,1,1,3,3,2,No,0
EMP11063,26,25-34,Female,Sales,Sales Executive,5880,4K-7K,6,6-10,2,4,4,Yes,3.0,Medium-High,3,2,Travel_Rarely,16.0,3,Marketing,Married,16567,1179,55,1,3,3,0,2,2,2,No,0
EMP11064,22,18-24,Male,Research & Development,Research Scientist,3510,<4K,4,3-5,2,4,4,No,3.0,Medium-High,3,1,Travel_Rarely,19.0,4,Medical,Single,23122,655,52,1,3,4,1,2,3,2,No,0
EMP11065,21,18-24,Female,Research & Development,Healthcare Representative,3300,<4K,2,0-2,1,0,2,Yes,3.0,Medium-High,3,1,Travel_Frequently,13.0,2,Other,Married,5901,852,47,3,3,3,0,2,3,2,Yes,1
EMP11066,25,25-34,Male,Sales,Sales Representative,11360,10K-15K,4,3-5,3,2,2,Yes,4.0,High,3,4,Travel_Rarely,7.0,4,Life Sciences,Single,26286,1030,97,1,3,2,0,1,5,3,No,0
EMP11067,30,25-34,Female,Research & Development,Healthcare Representative,3440,<4K,1,0-2,1,0,1,Yes,4.0,High,3,1,Travel_Rarely,16.0,4,Other,Single,23317,650,89,1,3,4,2,5,0,2,Yes,1
EMP11068,55,55+,Male,Research & Development,Research Scientist,9500,7K-10K,9,6-10,6,4,2,Yes,4.0,High,4,3,Travel_Rarely,4.0,3,Life Sciences,Single,13708,1253,31,3,3,2,0,0,1,3,Yes,1
EMP11069,32,25-34,Female,Research & Development,Healthcare Representative,13640,10K-15K,4,3-5,2,1,2,Yes,4.0,High,3,5,Travel_Rarely,19.0,4,Technical Degree,Divorced,9670,197,78,3,4,3,0,4,2,2,Yes,1
EMP11070,39,35-44,Female,Research & Development,Healthcare Representative,3860,<4K,10,6-10,6,2,7,No,1.0,Low,4,1,Travel_Frequently,29.0,2,Life Sciences,Married,19933,892,67,4,4,3,1,3,0,2,No,0
EMP11071,41,35-44,Male,Research & Development,Healthcare Representative,4130,4K-7K,5,3-5,2,2,2,No,2.0,Medium-Low,3,2,Travel_Rarely,4.0,5,Life Sciences,Married,18216,521,60,4,2,3,2,5,1,2,No,0
EMP11072,38,35-44,Male,Research & Development,Healthcare Representative,4440,4K-7K,6,6-10,5,5,1,No,1.0,Low,3,1,Travel_Rarely,2.0,3,Other,Single,6934,179,69,2,4,3,0,2,1,2,Yes,1
EMP11073,36,35-44,Male,Research & Development,Research Director,2870,<4K,2,0-2,1,0,2,Yes,2.0,Medium-Low,2,1,Travel_Rarely,15.0,3,Life Sciences,Single,4666,387,109,3,4,3,1,2,0,2,Yes,1
EMP11074,26,25-34,Male,Research & Development,Manufacturing Director,4330,4K-7K,8,6-10,6,1,2,No,2.0,Medium-Low,3,2,Travel_Rarely,10.0,3,Technical Degree,Single,4453,946,82,3,3,4,0,2,3,2,No,0
EMP11075,50,45-54,Female,Human Resources,Human Resources,11390,10K-15K,23,21+,12,15,9,No,4.0,High,3,4,Travel_Rarely,2.0,2,Marketing,Married,19951,268,93,1,3,4,2,3,3,2,No,0
EMP11076,53,45-54,Male,Research & Development,Manufacturing Director,2170,<4K,5,3-5,2,1,5,No,3.0,Medium-High,3,1,Travel_Frequently,3.0,5,Medical,Single,22136,1202,62,3,3,3,1,2,0,2,No,0
EMP11077,22,18-24,Male,Research & Development,Research Scientist,4990,4K-7K,4,3-5,2,2,4,No,3.0,Medium-High,3,2,Non-Travel,14.0,2,Medical,Single,10479,170,87,1,1,3,2,1,2,2,No,0
EMP11078,28,25-34,Female,Sales,Sales Executive,5640,4K-7K,7,6-10,5,5,6,Yes,2.0,Medium-Low,4,2,Travel_Rarely,12.0,4,Technical Degree,Single,4473,362,79,1,1,3,0,2,1,2,No,0
EMP11079,34,25-34,Male,Research & Development,Laboratory Technician,6750,4K-7K,2,0-2,1,1,2,No,3.0,Medium-High,2,3,Travel_Rarely,3.0,3,Life Sciences,Divorced,18819,811,93,1,4,3,2,1,2,2,Yes,1
EMP11080,28,25-34,Male,Sales,Sales Executive,4340,4K-7K,3,3-5,1,2,3,No,4.0,High,3,1,Travel_Rarely,22.0,5,Technical Degree,Married,24608,822,32,4,3,3,2,1,2,2,No,0
EMP11081,42,35-44,Male,Sales,Sales Executive,5310,4K-7K,8,6-10,2,3,6,No,2.0,Medium-Low,3,2,Travel_Frequently,15.0,3,Other,Single,4405,629,90,4,1,3,2,3,1,2,No,0
EMP11082,30,25-34,Female,Research & Development,Research Scientist,4400,4K-7K,3,3-5,2,1,2,No,4.0,High,2,2,Travel_Rarely,8.0,3,Life Sciences,Married,10446,884,39,3,3,2,2,3,9,2,No,0
EMP11083,57,55+,Female,Research & Development,Research Director,5380,4K-7K,5,3-5,1,4,5,No,2.0,Medium-Low,4,2,Travel_Rarely,7.0,3,Life Sciences,Married,12201,309,95,2,2,3,1,4,3,2,No,0
EMP11084,48,45-54,Female,Sales,Manager,11310,10K-15K,6,6-10,5,2,1,No,4.0,High,3,4,Travel_Rarely,7.0,4,Technical Degree,Single,3834,216,80,1,4,3,0,3,0,2,No,0
EMP11085,39,35-44,Male,Sales,Sales Executive,8560,7K-10K,8,6-10,6,3,3,No,1.0,Low,2,3,Travel_Frequently,5.0,2,Medical,Single,9042,715,59,3,3,2,2,1,1,2,Yes,1
EMP11086,46,45-54,Female,Research & Development,Manager,3670,<4K,5,3-5,1,2,2,No,3.0,Medium-High,2,1,Travel_Rarely,29.0,2,Life Sciences,Divorced,22735,1200,54,3,3,3,0,0,6,2,No,0
EMP11087,47,45-54,Male,Research & Development,Manufacturing Director,4760,4K-7K,5,3-5,2,1,4,No,4.0,High,3,2,Travel_Rarely,8.0,3,Life Sciences,Married,18806,414,72,4,2,3,0,1,1,3,No,0
EMP11088,32,25-34,Male,Research & Development,Laboratory Technician,6260,4K-7K,14,11-20,10,10,2,Yes,3.0,Medium-High,1,2,Travel_Frequently,13.0,4,Medical,Divorced,15524,110,93,1,4,3,2,4,1,2,No,0
EMP11089,29,25-34,Male,Human Resources,Human Resources,4840,4K-7K,10,6-10,5,8,1,No,3.0,Medium-High,3,1,Non-Travel,4.0,2,Life Sciences,Single,7933,1174,88,3,4,3,0,4,3,2,No,0
EMP11090,38,35-44,Male,Research & Development,Manufacturing Director,3800,<4K,5,3-5,0,4,1,No,3.0,Medium-High,2,2,Travel_Rarely,7.0,3,Medical,Married,17218,1130,91,4,4,3,0,4,2,2,No,0
EMP11091,45,45-54,Male,Sales,Sales Representative,6720,4K-7K,5,3-5,2,2,1,No,2.0,Medium-Low,4,2,Travel_Frequently,11.0,3,Technical Degree,Single,12087,1054,39,1,3,2,1,4,4,2,No,0
EMP11092,38,35-44,Male,Research & Development,Healthcare Representative,5640,4K-7K,16,11-20,7,9,4,No,1.0,Low,3,2,Travel_Frequently,10.0,4,Life Sciences,Married,17411,360,93,3,4,3,2,4,0,1,No,0
EMP11093,23,18-24,Male,Research & Development,Research Scientist,12790,10K-15K,5,3-5,3,1,4,No,2.0,Medium-Low,2,4,Travel_Rarely,1.0,5,Medical,Divorced,8072,299,89,2,1,3,2,3,3,2,No,0
EMP11094,30,25-34,Male,Research & Development,Research Scientist,4340,4K-7K,11,11-20,3,8,2,No,1.0,Low,4,1,Travel_Rarely,8.0,3,Other,Married,2554,429,49,1,1,3,1,5,6,2,No,0
EMP11095,36,35-44,Female,Research & Development,Laboratory Technician,11330,10K-15K,5,3-5,5,2,5,No,4.0,High,4,4,Travel_Rarely,18.0,3,Technical Degree,Single,18390,189,78,4,3,3,0,3,3,2,No,0
EMP11096,36,35-44,Male,Research & Development,Laboratory Technician,6680,4K-7K,4,3-5,3,2,3,Yes,4.0,High,3,2,Travel_Rarely,3.0,3,Other,Single,20149,690,103,3,1,3,2,6,7,2,No,0
EMP11097,55,55+,Female,Research & Development,Research Scientist,4600,4K-7K,14,11-20,13,10,4,Yes,2.0,Medium-Low,1,2,Travel_Rarely,29.0,2,Medical,Divorced,4091,154,56,3,2,3,1,2,3,2,Yes,1
EMP11098,24,18-24,Male,Research & Development,Research Scientist,8900,7K-10K,6,6-10,3,4,3,No,4.0,High,3,3,Travel_Rarely,11.0,3,Technical Degree,Married,6830,1344,80,2,3,4,0,2,0,2,No,0
EMP11099,42,35-44,Female,Sales,Sales Representative,4240,4K-7K,6,6-10,0,3,6,No,2.0,Medium-Low,2,1,Non-Travel,12.0,4,Life Sciences,Single,15891,191,86,4,3,3,3,3,1,2,No,0
EMP11100,50,45-54,Male,Research & Development,Manager,4880,4K-7K,4,3-5,2,1,2,Yes,2.0,Medium-Low,3,2,Travel_Rarely,3.0,3,Life Sciences,Divorced,20041,155,108,1,4,2,0,3,2,2,Yes,1
EMP11101,58,55+,Male,Research & Development,Laboratory Technician,5830,4K-7K,11,11-20,6,2,1,No,4.0,High,1,2,Travel_Rarely,11.0,5,Life Sciences,Married,11003,1302,108,1,2,3,0,2,0,2,No,0
EMP11102,33,25-34,Male,Human Resources,Manager,3460,<4K,7,6-10,1,6,3,No,2.0,Medium-Low,3,1,Travel_Rarely,10.0,3,Life Sciences,Single,24478,160,66,4,4,3,0,4,1,2,No,0
EMP11103,41,35-44,Female,Sales,Sales Executive,11380,10K-15K,3,3-5,0,2,3,No,1.0,Low,2,4,Travel_Rarely,3.0,4,Other,Married,9463,216,32,4,2,3,3,3,1,2,No,0
EMP11104,42,35-44,Female,Sales,Sales Executive,7110,7K-10K,4,3-5,3,2,1,Yes,4.0,High,3,3,Travel_Frequently,20.0,3,Life Sciences,Married,20346,689,58,3,3,3,0,2,2,3,No,0
EMP11105,39,35-44,Male,Human Resources,Human Resources,4360,4K-7K,13,11-20,3,6,2,Yes,4.0,High,1,1,Travel_Rarely,5.0,3,Technical Degree,Divorced,18874,335,97,3,1,3,0,2,2,2,Yes,1
EMP11106,36,35-44,Male,Research & Development,Manufacturing Director,2790,<4K,7,6-10,5,3,5,Yes,3.0,Medium-High,3,1,Travel_Rarely,8.0,3,Technical Degree,Married,10509,132,76,2,3,3,2,5,1,2,No,0
EMP11107,41,35-44,Female,Research & Development,Manager,6670,4K-7K,11,11-20,5,2,5,No,2.0,Medium-Low,3,2,Travel_Rarely,21.0,3,Marketing,Divorced,14505,1366,109,4,4,2,0,3,0,2,Yes,1
EMP11108,18,18-24,Female,Sales,Sales Representative,2900,<4K,0,0-2,0,0,0,No,2.0,Medium-Low,1,1,Travel_Rarely,3.0,3,Life Sciences,Divorced,26466,885,98,3,3,3,0,0,2,2,Yes,1
EMP11109,43,35-44,Male,Sales,Sales Executive,4340,4K-7K,3,3-5,1,2,1,No,3.0,Medium-High,3,2,Travel_Rarely,5.0,4,Marketing,Married,20932,1197,50,2,2,1,0,5,6,2,No,0
EMP11110,38,35-44,Male,Research & Development,Manufacturing Director,2920,<4K,8,6-10,5,5,5,No,4.0,High,1,1,Travel_Rarely,9.0,5,Life Sciences,Single,11408,120,71,2,3,3,0,3,5,2,No,0
EMP11111,35,35-44,Male,Sales,Sales Executive,5260,4K-7K,6,6-10,1,4,4,No,4.0,High,3,2,Travel_Rarely,10.0,3,Life Sciences,Divorced,26908,1277,50,1,3,4,0,4,8,2,No,0
EMP11112,56,55+,Female,Research & Development,Research Director,3810,<4K,4,3-5,3,4,2,No,4.0,High,3,1,Travel_Frequently,13.0,2,Other,Married,19560,1377,31,2,1,3,2,4,1,2,No,0
EMP11113,31,25-34,Male,Research & Development,Manufacturing Director,4140,4K-7K,4,3-5,4,1,4,No,4.0,High,3,1,Travel_Rarely,29.0,3,Life Sciences,Divorced,8099,1330,107,1,4,3,0,4,3,2,No,0
EMP11114,33,25-34,Female,Research & Development,Laboratory Technician,5610,4K-7K,11,11-20,7,6,0,Yes,3.0,Medium-High,2,2,Travel_Rarely,22.0,3,Life Sciences,Single,20984,1272,98,1,2,1,2,2,2,2,No,0
EMP11115,55,55+,Male,Research & Development,Manufacturing Director,5850,4K-7K,7,6-10,1,5,3,No,3.0,Medium-High,2,2,Travel_Rarely,15.0,2,Other,Divorced,5094,1017,36,1,3,3,3,1,1,2,No,0
EMP11116,29,25-34,Male,Research & Development,Manufacturing Director,12070,10K-15K,7,6-10,2,4,5,Yes,3.0,Medium-High,1,4,Travel_Rarely,13.0,4,Life Sciences,Divorced,18057,401,104,2,2,3,2,6,3,2,No,0
EMP11117,32,25-34,Male,Research & Development,Research Scientist,8600,7K-10K,14,11-20,10,3,1,Yes,3.0,Medium-High,4,3,Travel_Rarely,6.0,5,Technical Degree,Divorced,4263,396,64,1,1,1,1,2,0,2,Yes,1
EMP11118,36,35-44,Female,Sales,Sales Representative,2750,<4K,4,3-5,3,2,1,No,2.0,Medium-Low,3,1,Travel_Frequently,2.0,5,Life Sciences,Single,3066,872,59,1,4,3,3,3,2,3,Yes,1
EMP11119,45,45-54,Female,Research & Development,Research Scientist,4150,4K-7K,6,6-10,4,1,6,Yes,3.0,Medium-High,4,1,Travel_Rarely,29.0,2,Life Sciences,Married,24128,1167,73,1,1,3,3,5,4,3,No,0
EMP11120,39,35-44,Male,Research & Development,Healthcare Representative,7400,7K-10K,4,3-5,1,2,4,No,2.0,Medium-Low,4,3,Non-Travel,6.0,4,Life Sciences,Single,4790,1267,75,2,2,3,1,2,0,2,No,0
EMP11121,25,25-34,Female,Sales,Sales Representative,11990,10K-15K,7,6-10,2,3,7,No,4.0,High,4,4,Travel_Rarely,6.0,4,Life Sciences,Single,9079,1367,84,3,3,3,0,2,1,2,No,0
EMP11122,32,25-34,Male,Human Resources,Manager,7330,7K-10K,7,6-10,2,0,6,No,2.0,Medium-Low,3,3,Travel_Rarely,3.0,3,Medical,Single,13681,518,30,3,2,4,3,4,1,2,No,0
EMP11123,31,25-34,Male,Sales,Sales Representative,2680,<4K,5,3-5,2,4,4,No,4.0,High,1,1,Travel_Rarely,14.0,3,Technical Degree,Divorced,20057,161,83,2,3,2,2,3,3,2,No,0
EMP11124,36,35-44,Male,Sales,Sales Executive,16200,15K+,5,3-5,2,1,5,No,2.0,Medium-Low,4,5,Travel_Rarely,7.0,4,Medical,Married,20747,957,109,1,3,2,0,3,6,2,No,0
EMP11125,41,35-44,Male,Sales,Sales Executive,4950,4K-7K,10,6-10,8,2,4,No,4.0,High,1,1,Travel_Rarely,23.0,3,Other,Single,14160,637,30,4,4,4,3,3,4,2,No,0
EMP11126,41,35-44,Male,Research & Development,Healthcare Representative,7660,7K-10K,12,11-20,5,9,3,Yes,2.0,Medium-Low,3,2,Travel_Rarely,25.0,3,Life Sciences,Divorced,22107,1440,92,3,3,2,0,2,1,3,No,0
EMP11127,21,18-24,Female,Research & Development,Research Scientist,7430,7K-10K,3,3-5,2,2,3,No,4.0,High,4,3,Travel_Rarely,7.0,3,Medical,Married,5501,795,84,3,4,3,0,2,0,3,No,0
EMP11128,47,45-54,Male,Research & Development,Manufacturing Director,5350,4K-7K,24,21+,18,17,6,No,1.0,Low,3,1,Travel_Rarely,21.0,3,Marketing,Divorced,4814,917,106,3,3,3,0,4,1,2,No,0
EMP11129,39,35-44,Female,Research & Development,Research Scientist,7640,7K-10K,2,0-2,1,1,2,No,3.0,Medium-High,1,3,Travel_Rarely,9.0,2,Other,Divorced,25026,1159,56,2,2,3,0,2,2,2,Yes,1
EMP11130,49,45-54,Male,Research & Development,Research Scientist,4070,4K-7K,3,3-5,2,2,2,No,1.0,Low,2,1,Travel_Rarely,4.0,4,Life Sciences,Married,2348,1019,44,3,2,3,1,3,0,2,No,0
EMP11131,41,35-44,Female,Sales,Sales Representative,10560,10K-15K,5,3-5,1,3,5,No,3.0,Medium-High,4,4,Travel_Rarely,4.0,4,Marketing,Single,4122,1074,38,3,4,3,1,1,2,2,No,0
EMP11132,47,45-54,Male,Research & Development,Research Scientist,4020,4K-7K,3,3-5,1,2,2,Yes,4.0,High,4,1,Travel_Rarely,13.0,4,Other,Divorced,17248,641,98,2,3,1,0,6,5,2,Yes,1
EMP11133,41,35-44,Male,Research & Development,Healthcare Representative,10250,10K-15K,3,3-5,2,1,3,No,4.0,High,3,4,Travel_Rarely,7.0,2,Life Sciences,Married,17059,1355,88,3,2,3,0,3,6,2,No,0
EMP11134,49,45-54,Male,Research & Development,Laboratory Technician,3910,<4K,12,11-20,5,10,2,Yes,1.0,Low,4,1,Travel_Rarely,12.0,3,Other,Married,22517,889,52,4,4,3,2,3,1,2,Yes,1
EMP11135,42,35-44,Male,Sales,Sales Executive,6490,4K-7K,8,6-10,2,4,2,No,3.0,Medium-High,1,2,Travel_Rarely,14.0,2,Life Sciences,Divorced,16597,132,40,2,1,3,0,4,3,3,No,0
EMP11136,36,35-44,Female,Research & Development,Manufacturing Director,4740,4K-7K,6,6-10,2,3,3,No,4.0,High,2,2,Non-Travel,8.0,2,Technical Degree,Single,18595,680,53,1,3,3,3,2,1,2,No,0
EMP11137,58,55+,Male,Sales,Sales Executive,5330,4K-7K,4,3-5,2,3,4,No,3.0,Medium-High,2,2,Travel_Frequently,6.0,3,Other,Married,5529,451,101,2,3,4,2,4,1,2,Yes,1
EMP11138,45,45-54,Female,Research & Development,Research Scientist,1800,<4K,3,3-5,2,2,3,Yes,1.0,Low,1,1,Travel_Rarely,7.0,3,Technical Degree,Married,15961,354,83,1,3,3,2,1,3,2,Yes,1
EMP11139,42,35-44,Male,Research & Development,Healthcare Representative,4670,4K-7K,3,3-5,2,1,2,No,2.0,Medium-Low,2,2,Travel_Rarely,20.0,3,Medical,Single,26121,1173,60,1,2,3,0,2,1,2,No,0
EMP11140,25,25-34,Male,Research & Development,Research Scientist,2440,<4K,7,6-10,4,3,3,No,3.0,Medium-High,1,1,Travel_Rarely,4.0,2,Life Sciences,Single,8349,1146,51,2,3,3,3,2,1,2,Yes,1
EMP11141,25,25-34,Male,Sales,Sales Representative,4940,4K-7K,7,6-10,5,4,3,No,1.0,Low,3,2,Travel_Frequently,4.0,3,Other,Divorced,22484,1377,43,2,1,3,0,0,0,3,Yes,1
EMP11142,40,35-44,Female,Research & Development,Research Scientist,4290,4K-7K,5,3-5,2,3,4,Yes,3.0,Medium-High,1,1,Travel_Rarely,6.0,2,Medical,Single,15930,372,34,4,3,4,0,2,5,2,No,0
EMP11143,38,35-44,Female,Sales,Sales Executive,11340,10K-15K,2,0-2,1,1,2,No,3.0,Medium-High,2,4,Travel_Rarely,21.0,5,Life Sciences,Divorced,11458,792,46,3,3,1,2,3,1,3,Yes,1
EMP11144,31,25-34,Male,Research & Development,Healthcare Representative,4350,4K-7K,9,6-10,5,2,5,Yes,2.0,Medium-Low,4,1,Travel_Rarely,21.0,3,Technical Degree,Married,2147,349,100,3,4,3,2,1,6,2,Yes,1
EMP11145,38,35-44,Male,Research & Development,Laboratory Technician,3480,<4K,5,3-5,2,3,1,Yes,3.0,Medium-High,1,1,Travel_Rarely,13.0,4,Medical,Married,3709,1360,73,1,2,3,0,1,3,2,No,0
EMP11146,51,45-54,Male,Sales,Sales Executive,4670,4K-7K,11,11-20,5,9,3,Yes,4.0,High,1,1,Travel_Rarely,19.0,3,Life Sciences,Divorced,21406,1003,108,1,4,3,1,3,2,2,Yes,1
EMP11147,43,35-44,Female,Sales,Sales Executive,5780,4K-7K,3,3-5,1,2,3,No,2.0,Medium-Low,2,2,Travel_Rarely,6.0,2,Life Sciences,Married,15634,331,78,3,3,2,1,3,1,4,No,0
EMP11148,27,25-34,Female,Sales,Sales Executive,4130,4K-7K,6,6-10,5,1,6,No,2.0,Medium-Low,4,1,Travel_Rarely,4.0,5,Life Sciences,Married,5990,527,94,2,3,3,1,2,1,2,Yes,1
EMP11149,36,35-44,Male,Sales,Sales Representative,5040,4K-7K,3,3-5,1,2,3,No,4.0,High,3,2,Travel_Rarely,11.0,3,Marketing,Single,15962,1056,33,1,2,3,1,1,3,2,No,0
EMP11150,30,25-34,Male,Sales,Sales Executive,7730,7K-10K,4,3-5,2,1,3,No,1.0,Low,3,3,Travel_Rarely,14.0,3,Marketing,Married,9854,733,38,4,2,2,3,2,1,2,No,0
EMP11151,33,25-34,Male,Sales,Sales Representative,4430,4K-7K,3,3-5,3,1,2,No,4.0,High,1,2,Travel_Rarely,24.0,4,Medical,Married,5836,341,65,2,3,2,3,2,3,2,Yes,1
EMP11152,33,25-34,Female,Sales,Manager,5570,4K-7K,5,3-5,2,1,5,No,4.0,High,3,2,Travel_Rarely,3.0,2,Human Resources,Single,16256,233,80,2,4,3,3,3,2,3,No,0
EMP11153,33,25-34,Male,Sales,Sales Executive,5500,4K-7K,12,11-20,6,5,2,No,4.0,High,2,1,Travel_Rarely,9.0,4,Other,Married,26567,1194,61,4,3,4,1,2,2,2,No,0
EMP11154,25,25-34,Female,Sales,Manager,4280,4K-7K,6,6-10,1,5,1,No,3.0,Medium-High,2,2,Travel_Rarely,5.0,3,Marketing,Married,6523,1433,47,1,4,3,0,3,3,2,No,0
EMP11155,36,35-44,Male,Research & Development,Laboratory Technician,4580,4K-7K,10,6-10,2,4,2,No,3.0,Medium-High,3,1,Travel_Rarely,1.0,3,Life Sciences,Divorced,2368,1123,44,3,3,3,1,1,1,2,No,0
EMP11156,32,25-34,Female,Sales,Manager,9610,7K-10K,6,6-10,0,3,1,No,4.0,High,4,3,Travel_Rarely,9.0,2,Technical Degree,Married,25528,1402,49,4,4,2,1,1,2,2,Yes,1
EMP11157,18,18-24,Female,Research & Development,Research Scientist,3350,<4K,0,0-2,0,0,0,No,2.0,Medium-Low,1,1,Travel_Rarely,13.0,2,Medical,Divorced,19854,318,87,1,2,3,0,4,1,3,Yes,1
EMP11158,56,55+,Female,Sales,Sales Representative,4890,4K-7K,1,0-2,1,0,1,Yes,1.0,Low,3,2,Travel_Rarely,7.0,4,Marketing,Married,4597,796,69,4,3,2,1,4,1,2,Yes,1
EMP11159,47,45-54,Female,Sales,Sales Executive,4480,4K-7K,3,3-5,1,2,3,No,2.0,Medium-Low,1,1,Travel_Rarely,8.0,4,Technical Degree,Divorced,3302,406,95,3,4,3,1,2,0,2,No,0
EMP11160,33,25-34,Female,Research & Development,Laboratory Technician,8080,7K-10K,6,6-10,0,1,3,Yes,4.0,High,2,3,Travel_Rarely,8.0,3,Life Sciences,Married,13516,413,42,4,4,2,3,3,0,2,No,0
EMP11161,37,35-44,Male,Sales,Sales Representative,5960,4K-7K,7,6-10,6,3,2,No,3.0,Medium-High,1,1,Travel_Rarely,3.0,2,Other,Married,3894,1022,42,2,3,3,0,2,1,2,No,0
EMP11162,26,25-34,Male,Research & Development,Healthcare Representative,5810,4K-7K,8,6-10,6,1,0,No,3.0,Medium-High,4,2,Travel_Frequently,8.0,4,Life Sciences,Married,14254,380,91,4,2,3,2,4,1,2,No,0
EMP11163,52,45-54,Male,Research & Development,Research Scientist,2910,<4K,2,0-2,1,1,2,No,3.0,Medium-High,1,1,Travel_Rarely,2.0,3,Technical Degree,Married,4524,1450,57,3,3,4,1,3,0,2,Yes,1
EMP11164,54,45-54,Female,Sales,Sales Executive,7030,7K-10K,19,11-20,14,8,2,No,3.0,Medium-High,3,2,Travel_Frequently,14.0,3,Life Sciences,Divorced,19472,134,75,3,2,2,0,2,2,2,No,0
EMP11165,38,35-44,Male,Research & Development,Healthcare Representative,7950,7K-10K,1,0-2,1,0,1,No,1.0,Low,1,3,Travel_Rarely,5.0,3,Other,Single,24089,169,44,4,2,3,0,4,1,3,No,0
EMP11166,46,45-54,Female,Sales,Sales Representative,5120,4K-7K,6,6-10,3,5,1,No,3.0,Medium-High,3,2,Travel_Rarely,21.0,3,Life Sciences,Single,19710,459,73,3,2,3,0,2,3,2,Yes,1
EMP11167,38,35-44,Female,Sales,Manager,5590,4K-7K,4,3-5,1,0,4,No,3.0,Medium-High,2,2,Travel_Rarely,1.0,4,Life Sciences,Divorced,9484,507,52,2,2,3,0,3,1,3,No,0
EMP11168,25,25-34,Male,Research & Development,Healthcare Representative,11540,10K-15K,3,3-5,1,2,2,No,3.0,Medium-High,1,4,Travel_Rarely,20.0,5,Life Sciences,Married,22653,679,96,2,3,3,0,1,4,3,Yes,1
EMP11169,33,25-34,Male,Research & Development,Manager,5380,4K-7K,14,11-20,5,3,2,No,4.0,High,4,2,Travel_Frequently,4.0,2,Life Sciences,Single,16211,618,107,2,3,3,3,4,0,2,Yes,1
EMP11170,38,35-44,Male,Research & Development,Healthcare Representative,5790,4K-7K,4,3-5,1,3,4,No,3.0,Medium-High,3,2,Travel_Rarely,25.0,3,Life Sciences,Married,25966,705,95,3,2,3,0,4,1,1,No,0
EMP11171,33,25-34,Male,Research & Development,Laboratory Technician,5740,4K-7K,1,0-2,1,1,1,No,4.0,High,2,2,Travel_Rarely,14.0,3,Marketing,Married,5356,180,79,4,3,2,2,1,0,3,No,0
EMP11172,35,35-44,Male,Human Resources,Human Resources,4860,4K-7K,2,0-2,1,1,1,Yes,3.0,Medium-High,3,2,Travel_Rarely,23.0,3,Medical,Married,24600,349,42,3,2,4,3,1,2,2,No,0
EMP11173,36,35-44,Male,Research & Development,Healthcare Representative,2820,<4K,11,11-20,5,3,2,No,3.0,Medium-High,2,1,Travel_Rarely,9.0,3,Life Sciences,Divorced,3102,1161,31,3,2,3,1,3,1,2,No,0
EMP11174,36,35-44,Female,Research & Development,Manufacturing Director,7500,7K-10K,2,0-2,0,2,2,No,4.0,High,3,3,Travel_Rarely,17.0,4,Life Sciences,Married,19451,144,105,4,3,4,0,6,0,4,No,0
EMP11175,37,35-44,Female,Research & Development,Research Scientist,5480,4K-7K,2,0-2,0,1,2,No,4.0,High,3,2,Non-Travel,10.0,3,Human Resources,Married,2744,1482,63,2,2,3,1,4,3,2,No,0
EMP11176,27,25-34,Male,Research & Development,Laboratory Technician,2870,<4K,7,6-10,6,4,2,No,3.0,Medium-High,1,1,Travel_Frequently,3.0,3,Technical Degree,Divorced,5074,236,69,3,3,3,0,3,1,2,No,0
EMP11177,30,25-34,Male,Sales,Manager,9770,7K-10K,5,3-5,0,3,1,No,1.0,Low,4,3,Travel_Rarely,4.0,3,Technical Degree,Divorced,20874,922,98,1,2,1,0,2,1,2,No,0
EMP11178,25,25-34,Male,Research & Development,Manufacturing Director,3650,<4K,7,6-10,3,0,4,No,2.0,Medium-Low,1,1,Travel_Rarely,24.0,2,Technical Degree,Single,25928,1078,90,1,3,3,1,1,1,2,No,0
EMP11179,46,45-54,Female,Sales,Sales Executive,4350,4K-7K,4,3-5,1,3,4,No,1.0,Low,1,1,Travel_Rarely,8.0,2,Life Sciences,Married,22148,919,54,3,2,3,0,4,1,2,No,0
EMP11180,18,18-24,Female,Research & Development,Laboratory Technician,5520,4K-7K,0,0-2,0,0,0,No,2.0,Medium-Low,3,2,Travel_Rarely,9.0,4,Life Sciences,Married,24405,466,104,1,1,3,2,4,1,3,Yes,1
EMP11181,47,45-54,Male,Human Resources,Human Resources,7330,7K-10K,2,0-2,1,1,2,No,3.0,Medium-High,1,3,Travel_Frequently,7.0,2,Life Sciences,Divorced,4862,1428,106,1,2,2,1,2,2,2,No,0
EMP11182,50,45-54,Male,Research & Development,Laboratory Technician,7340,7K-10K,2,0-2,1,0,2,No,4.0,High,1,3,Travel_Rarely,5.0,4,Other,Divorced,16189,328,92,3,4,3,2,2,1,2,No,0
EMP11183,34,25-34,Female,Research & Development,Laboratory Technician,10830,10K-15K,7,6-10,5,0,2,No,3.0,Medium-High,2,4,Travel_Rarely,6.0,3,Other,Married,24339,282,57,3,1,2,0,3,1,2,No,0
EMP11184,18,18-24,Female,Sales,Sales Executive,8220,7K-10K,0,0-2,0,0,0,No,1.0,Low,4,3,Non-Travel,8.0,3,Medical,Divorced,25252,566,85,3,1,3,0,5,1,2,No,0
EMP11185,34,25-34,Male,Research & Development,Healthcare Representative,4190,4K-7K,4,3-5,2,1,1,Yes,2.0,Medium-Low,1,1,Travel_Rarely,7.0,3,Life Sciences,Married,4560,937,55,4,1,2,1,3,2,2,Yes,1
EMP11186,36,35-44,Female,Sales,Sales Executive,5790,4K-7K,9,6-10,5,5,4,No,3.0,Medium-High,2,2,Travel_Rarely,20.0,3,Life Sciences,Divorced,6791,303,56,3,3,3,2,1,2,2,Yes,1
EMP11187,28,25-34,Male,Sales,Sales Representative,8460,7K-10K,10,6-10,7,2,2,Yes,4.0,High,2,3,Travel_Rarely,6.0,2,Life Sciences,Divorced,5834,1074,55,3,2,3,2,1,3,2,No,0
EMP11188,32,25-34,Male,Research & Development,Research Director,4780,4K-7K,2,0-2,1,2,2,No,4.0,High,2,1,Travel_Rarely,22.0,3,Marketing,Divorced,21158,722,44,2,2,4,2,2,0,2,No,0
EMP11189,51,45-54,Female,Research & Development,Research Scientist,6460,4K-7K,13,11-20,9,1,3,Yes,4.0,High,3,2,Travel_Rarely,6.0,4,Life Sciences,Divorced,26652,1191,79,3,4,3,1,5,1,2,No,0
EMP11190,43,35-44,Female,Sales,Sales Representative,5630,4K-7K,9,6-10,6,6,0,No,4.0,High,2,2,Travel_Frequently,9.0,4,Other,Married,21498,968,35,1,1,3,1,4,0,2,No,0
EMP11191,28,25-34,Male,Research & Development,Manufacturing Director,4510,4K-7K,4,3-5,1,1,4,No,3.0,Medium-High,3,1,Travel_Rarely,5.0,3,Life Sciences,Single,16235,649,97,3,3,3,0,2,2,3,No,0
EMP11192,22,18-24,Female,Research & Development,Research Director,7630,7K-10K,4,3-5,1,2,4,No,4.0,High,3,3,Travel_Rarely,9.0,3,Other,Married,15531,1428,33,1,4,3,1,0,0,2,No,0
EMP11193,34,25-34,Male,Research & Development,Research Scientist,5150,4K-7K,2,0-2,1,1,2,No,2.0,Medium-Low,2,2,Travel_Rarely,8.0,2,Human Resources,Divorced,24088,703,59,2,1,3,1,2,2,2,No,0
EMP11194,35,35-44,Female,Research & Development,Healthcare Representative,5060,4K-7K,8,6-10,6,2,5,No,1.0,Low,3,2,Non-Travel,16.0,3,Technical Degree,Divorced,3012,854,106,3,3,3,0,3,1,2,No,0
EMP11195,41,35-44,Male,Research & Development,Manufacturing Director,16880,15K+,5,3-5,2,3,5,No,1.0,Low,3,5,Travel_Rarely,8.0,2,Marketing,Married,6285,727,38,3,2,1,2,3,2,2,Yes,1
EMP11196,32,25-34,Female,Sales,Sales Executive,5300,4K-7K,4,3-5,2,2,2,No,2.0,Medium-Low,3,2,Travel_Rarely,24.0,4,Marketing,Single,11066,1115,71,2,4,2,2,3,7,2,No,0
EMP11197,42,35-44,Female,Human Resources,Human Resources,3210,<4K,3,3-5,2,1,3,No,1.0,Low,4,1,Travel_Rarely,5.0,3,Marketing,Married,22741,194,43,3,4,2,0,1,1,2,No,0
EMP11198,55,55+,Male,Human Resources,Human Resources,7840,7K-10K,26,21+,2,10,2,Yes,4.0,High,4,2,Travel_Rarely,12.0,3,Marketing,Married,5556,1369,69,3,2,3,3,3,2,2,No,0
EMP11199,44,35-44,Female,Sales,Sales Representative,8500,7K-10K,4,3-5,2,1,4,Yes,3.0,Medium-High,3,3,Travel_Rarely,14.0,3,Marketing,Single,16976,784,32,3,2,3,0,1,0,2,Yes,1
EMP11200,36,35-44,Female,Research & Development,Laboratory Technician,6440,4K-7K,1,0-2,0,0,1,Yes,4.0,High,4,3,Travel_Rarely,19.0,2,Other,Divorced,4325,896,70,1,3,3,0,3,1,2,No,0
EMP11201,35,35-44,Female,Sales,Sales Representative,8640,7K-10K,10,6-10,5,5,3,No,4.0,High,3,3,Travel_Rarely,5.0,4,Technical Degree,Single,25341,1202,62,3,4,3,3,2,2,2,No,0
EMP11202,34,25-34,Male,Research & Development,Laboratory Technician,5890,4K-7K,7,6-10,1,5,5,No,4.0,High,1,2,Travel_Rarely,18.0,2,Technical Degree,Married,22372,1403,108,1,2,3,1,4,2,2,Yes,1
EMP11203,48,45-54,Female,Research & Development,Healthcare Representative,3340,<4K,5,3-5,1,4,5,No,4.0,High,3,1,Travel_Rarely,29.0,2,Other,Single,20738,468,89,2,4,3,2,3,2,2,No,0
EMP11204,31,25-34,Female,Research & Development,Research Scientist,6690,4K-7K,4,3-5,2,2,4,No,4.0,High,2,3,Travel_Rarely,16.0,4,Life Sciences,Divorced,14159,378,93,3,4,2,0,3,1,2,No,0
EMP11205,37,35-44,Male,Research & Development,Manager,6910,4K-7K,6,6-10,3,5,6,No,3.0,Medium-High,2,3,Travel_Frequently,4.0,3,Life Sciences,Married,12846,450,91,1,2,1,2,5,0,2,No,0
EMP11206,37,35-44,Female,Sales,Sales Executive,4880,4K-7K,10,6-10,3,9,5,No,3.0,Medium-High,3,1,Travel_Frequently,7.0,4,Medical,Married,25077,1349,108,3,4,3,2,2,1,2,No,0
EMP11207,32,25-34,Male,Sales,Sales Executive,4040,4K-7K,7,6-10,3,1,2,No,4.0,High,2,1,Travel_Rarely,10.0,3,Medical,Married,13419,505,36,4,1,3,1,1,1,2,No,0
EMP11208,24,18-24,Male,Research & Development,Research Scientist,11250,10K-15K,6,6-10,4,1,1,Yes,4.0,High,2,4,Travel_Frequently,6.0,3,Human Resources,Single,14587,545,105,3,3,3,2,4,1,2,No,0
EMP11209,40,35-44,Male,Research & Development,Research Scientist,8100,7K-10K,8,6-10,4,6,1,No,4.0,High,2,3,Travel_Rarely,21.0,4,Medical,Divorced,20778,422,79,3,2,2,3,3,4,1,No,0
EMP11210,36,35-44,Male,Human Resources,Human Resources,8450,7K-10K,10,6-10,2,2,6,No,4.0,High,2,3,Travel_Rarely,3.0,2,Marketing,Divorced,7542,729,68,3,3,4,1,2,0,2,No,0
EMP11211,41,35-44,Female,Research & Development,Research Scientist,9300,7K-10K,12,11-20,2,4,4,No,3.0,Medium-High,1,3,Travel_Rarely,5.0,3,Medical,Married,6521,172,100,4,3,4,1,2,1,3,No,0
EMP11212,32,25-34,Male,Research & Development,Research Director,5110,4K-7K,4,3-5,3,1,4,No,4.0,High,3,2,Travel_Rarely,6.0,3,Life Sciences,Single,18425,617,76,1,3,3,2,4,0,2,No,0
EMP11213,48,45-54,Female,Research & Development,Research Scientist,4220,4K-7K,7,6-10,4,4,4,Yes,4.0,High,2,2,Non-Travel,17.0,3,Marketing,Single,16651,1444,99,3,3,4,0,4,1,2,No,0
EMP11214,29,25-34,Male,Sales,Sales Executive,5360,4K-7K,11,11-20,6,4,5,Yes,3.0,Medium-High,4,2,Travel_Rarely,10.0,3,Human Resources,Married,20232,121,55,3,3,3,3,2,2,2,No,0
EMP11215,52,45-54,Male,Sales,Sales Executive,3710,<4K,4,3-5,2,2,4,No,3.0,Medium-High,4,1,Non-Travel,15.0,4,Life Sciences,Single,12316,278,87,4,4,3,0,4,0,2,No,0
EMP11216,21,18-24,Male,Research & Development,Research Scientist,5330,4K-7K,3,3-5,1,1,2,No,4.0,High,3,2,Travel_Rarely,9.0,5,Marketing,Married,6191,807,102,2,3,4,0,3,4,4,Yes,1
EMP11217,41,35-44,Male,Research & Development,Research Scientist,6370,4K-7K,4,3-5,1,2,2,Yes,3.0,Medium-High,2,2,Travel_Rarely,11.0,3,Marketing,Married,25814,1232,80,1,3,3,2,2,2,2,Yes,1
EMP11218,41,35-44,Female,Sales,Sales Executive,5060,4K-7K,7,6-10,4,6,1,Yes,4.0,High,3,2,Travel_Rarely,7.0,3,Life Sciences,Married,21250,1495,81,4,2,3,0,3,1,2,No,0
EMP11219,30,25-34,Female,Sales,Sales Executive,6580,4K-7K,5,3-5,1,1,2,Yes,1.0,Low,1,2,Travel_Rarely,13.0,3,Life Sciences,Single,15024,1352,45,1,1,2,0,2,2,3,No,0
EMP11220,41,35-44,Female,Research & Development,Laboratory Technician,4040,4K-7K,4,3-5,2,3,4,No,3.0,Medium-High,3,2,Non-Travel,16.0,3,Other,Divorced,25277,1037,77,1,1,2,0,5,1,2,No,0
EMP11221,49,45-54,Male,Human Resources,Human Resources,4060,4K-7K,8,6-10,4,2,5,No,3.0,Medium-High,2,1,Travel_Rarely,4.0,3,Life Sciences,Divorced,26780,1118,56,3,3,2,2,2,1,2,No,0
EMP11222,18,18-24,Male,Research & Development,Manufacturing Director,2980,<4K,0,0-2,0,0,0,No,3.0,Medium-High,3,1,Travel_Frequently,7.0,3,Life Sciences,Single,15599,1047,62,3,3,3,1,5,5,2,Yes,1
EMP11223,41,35-44,Male,Research & Development,Research Scientist,4360,4K-7K,5,3-5,2,0,4,No,1.0,Low,3,1,Travel_Rarely,11.0,4,Life Sciences,Married,5334,630,52,4,3,3,0,3,4,2,No,0
EMP11224,18,18-24,Male,Sales,Sales Executive,3810,<4K,0,0-2,0,0,0,Yes,1.0,Low,3,1,Travel_Rarely,12.0,3,Technical Degree,Married,22043,463,74,3,4,2,2,0,0,2,Yes,1
EMP11225,28,25-34,Male,Research & Development,Manager,11690,10K-15K,3,3-5,1,2,3,Yes,4.0,High,3,4,Travel_Rarely,4.0,3,Marketing,Single,25463,524,51,3,2,3,1,0,1,2,No,0
EMP11226,52,45-54,Female,Research & Development,Manufacturing Director,4210,4K-7K,12,11-20,1,5,3,No,2.0,Medium-Low,1,1,Travel_Rarely,23.0,3,Technical Degree,Divorced,19038,1058,71,1,3,3,1,3,2,2,No,0
EMP11227,32,25-34,Male,Research & Development,Healthcare Representative,3390,<4K,6,6-10,5,6,4,No,2.0,Medium-Low,3,1,Travel_Rarely,8.0,4,Life Sciences,Married,20746,1339,62,3,4,3,0,5,1,2,No,0
EMP11228,26,25-34,Female,Research & Development,Laboratory Technician,6200,4K-7K,7,6-10,3,3,5,No,4.0,High,3,2,Non-Travel,7.0,4,Other,Divorced,11584,1171,39,2,3,3,0,5,1,3,No,0
EMP11229,35,35-44,Male,Human Resources,Human Resources,5110,4K-7K,2,0-2,0,1,2,No,3.0,Medium-High,3,2,Travel_Rarely,29.0,3,Life Sciences,Divorced,26459,771,76,1,3,3,1,3,1,2,No,0
EMP11230,56,55+,Male,Research & Development,Healthcare Representative,4450,4K-7K,4,3-5,3,3,4,Yes,4.0,High,2,1,Travel_Rarely,12.0,3,Life Sciences,Married,23755,1396,108,4,4,3,0,2,0,2,Yes,1
EMP11231,20,18-24,Female,Sales,Sales Executive,8060,7K-10K,2,0-2,1,1,2,No,3.0,Medium-High,2,3,Travel_Rarely,14.0,4,Medical,Married,7452,1153,68,1,3,3,0,2,2,2,Yes,1
EMP11232,27,25-34,Male,Research & Development,Manager,7640,7K-10K,9,6-10,4,3,1,No,4.0,High,2,3,Non-Travel,10.0,2,Life Sciences,Divorced,23223,1112,75,3,4,1,0,3,1,2,No,0
EMP11233,51,45-54,Female,Research & Development,Research Scientist,4410,4K-7K,5,3-5,2,2,5,Yes,3.0,Medium-High,3,1,Travel_Rarely,9.0,4,Other,Married,9593,978,101,4,4,3,0,4,1,2,Yes,1
EMP11234,54,45-54,Female,Research & Development,Research Scientist,4620,4K-7K,3,3-5,2,2,3,Yes,4.0,High,3,1,Travel_Rarely,13.0,3,Other,Single,16630,1046,80,1,3,3,2,4,6,2,No,0
EMP11235,36,35-44,Male,Sales,Sales Representative,12800,10K-15K,7,6-10,5,4,5,No,2.0,Medium-Low,1,4,Travel_Rarely,3.0,3,Life Sciences,Married,18668,1087,54,2,1,3,1,4,3,2,No,0
EMP11236,26,25-34,Female,Research & Development,Research Director,7960,7K-10K,8,6-10,3,1,1,Yes,2.0,Medium-Low,1,3,Travel_Rarely,10.0,3,Other,Married,11532,1313,44,3,4,3,0,4,3,3,No,0
EMP11237,56,55+,Male,Sales,Sales Executive,5010,4K-7K,7,6-10,2,3,2,No,4.0,High,3,2,Travel_Rarely,5.0,4,Human Resources,Divorced,2511,251,87,2,4,2,0,4,5,2,No,0
EMP11238,51,45-54,Male,Research & Development,Research Scientist,3710,<4K,5,3-5,1,1,4,No,4.0,High,4,1,Travel_Frequently,6.0,1,Other,Married,13247,1499,88,3,1,3,0,0,1,2,No,0
EMP11239,43,35-44,Female,Human Resources,Human Resources,5750,4K-7K,7,6-10,6,3,4,Yes,4.0,High,1,2,Travel_Frequently,3.0,4,Life Sciences,Single,22508,354,55,2,3,3,1,2,1,2,No,0
EMP11240,30,25-34,Male,Research & Development,Laboratory Technician,5040,4K-7K,3,3-5,2,1,3,No,2.0,Medium-Low,3,2,Travel_Rarely,5.0,3,Marketing,Single,14003,802,70,4,3,4,1,1,0,2,No,0
EMP11241,36,35-44,Female,Sales,Sales Representative,6180,4K-7K,14,11-20,5,1,1,No,3.0,Medium-High,4,1,Travel_Frequently,6.0,3,Life Sciences,Divorced,5078,753,73,4,4,4,0,1,2,2,No,0
EMP11242,35,35-44,Female,Sales,Sales Executive,6630,4K-7K,14,11-20,5,10,3,Yes,2.0,Medium-Low,1,2,Travel_Rarely,1.0,2,Human Resources,Divorced,6637,857,51,4,2,3,1,3,1,2,No,0
EMP11243,40,35-44,Female,Sales,Sales Executive,5400,4K-7K,3,3-5,1,2,3,No,2.0,Medium-Low,2,2,Travel_Rarely,22.0,3,Life Sciences,Married,16299,1157,66,1,3,4,0,1,4,2,No,0
EMP11244,50,45-54,Male,Sales,Sales Executive,6420,4K-7K,13,11-20,11,10,0,No,3.0,Medium-High,4,1,Travel_Rarely,15.0,3,Marketing,Single,14215,286,43,1,3,3,0,1,0,2,No,0
EMP11245,45,45-54,Male,Sales,Sales Executive,7800,7K-10K,7,6-10,3,1,5,Yes,4.0,High,1,3,Travel_Rarely,4.0,3,Life Sciences,Single,10406,978,33,1,3,3,2,3,1,2,No,0
EMP11246,27,25-34,Female,Research & Development,Laboratory Technician,8590,7K-10K,9,6-10,3,3,9,Yes,2.0,Medium-Low,3,3,Travel_Rarely,5.0,4,Life Sciences,Married,12460,1209,53,3,4,3,1,1,0,2,Yes,1
EMP11247,49,45-54,Male,Research & Development,Manufacturing Director,4050,4K-7K,6,6-10,4,1,3,No,2.0,Medium-Low,3,1,Travel_Rarely,4.0,3,Technical Degree,Divorced,7119,772,95,1,4,2,2,2,3,2,No,0
EMP11248,40,35-44,Male,Research & Development,Manager,7740,7K-10K,6,6-10,2,2,5,No,2.0,Medium-Low,1,3,Travel_Frequently,7.0,5,Other,Divorced,21715,975,92,4,1,3,0,4,0,2,No,0
EMP11249,43,35-44,Male,Sales,Sales Representative,5630,4K-7K,4,3-5,2,2,1,No,4.0,High,1,1,Travel_Rarely,6.0,3,Marketing,Divorced,4308,217,94,3,2,1,0,1,1,2,No,0
EMP11250,50,45-54,Male,Research & Development,Research Scientist,8120,7K-10K,3,3-5,1,1,3,Yes,3.0,Medium-High,3,3,Travel_Rarely,29.0,4,Other,Married,20221,1181,95,3,1,3,1,4,4,3,No,0
EMP11251,27,25-34,Male,Sales,Manager,5590,4K-7K,3,3-5,1,2,3,No,2.0,Medium-Low,3,1,Travel_Rarely,7.0,2,Life Sciences,Divorced,26394,1141,42,3,3,3,1,2,1,2,Yes,1
EMP11252,37,35-44,Female,Research & Development,Healthcare Representative,3850,<4K,11,11-20,5,2,7,No,4.0,High,1,1,Travel_Rarely,12.0,3,Medical,Single,18001,970,56,3,3,2,1,3,2,2,Yes,1
EMP11253,32,25-34,Female,Research & Development,Healthcare Representative,5010,4K-7K,7,6-10,3,5,7,No,2.0,Medium-Low,3,2,Travel_Rarely,5.0,3,Medical,Single,7119,1263,46,1,3,4,1,1,1,2,No,0
EMP11254,23,18-24,Male,Research & Development,Laboratory Technician,3910,<4K,3,3-5,1,2,3,No,3.0,Medium-High,3,2,Travel_Rarely,16.0,3,Life Sciences,Divorced,24120,557,98,2,1,4,0,3,4,2,Yes,1
EMP11255,40,35-44,Male,Sales,Sales Executive,9710,7K-10K,6,6-10,4,5,2,No,1.0,Low,2,3,Travel_Frequently,6.0,4,Marketing,Single,2565,805,86,3,1,3,1,2,2,3,No,0
EMP11256,60,55+,Male,Research & Development,Laboratory Technician,4090,4K-7K,2,0-2,1,1,2,No,1.0,Low,3,1,Travel_Frequently,3.0,2,Technical Degree,Married,9639,741,101,3,1,3,2,3,1,2,Yes,1
EMP11257,20,18-24,Female,Research & Development,Research Scientist,3860,<4K,2,0-2,1,1,2,Yes,1.0,Low,1,1,Travel_Rarely,6.0,2,Marketing,Married,14090,1065,102,2,3,3,1,2,5,2,Yes,1
EMP11258,37,35-44,Male,Research & Development,Research Scientist,5680,4K-7K,12,11-20,5,1,1,No,2.0,Medium-Low,3,2,Travel_Frequently,5.0,4,Technical Degree,Single,10992,311,47,4,3,3,0,4,0,3,No,0
EMP11259,43,35-44,Female,Research & Development,Research Scientist,4270,4K-7K,4,3-5,3,1,2,No,3.0,Medium-High,3,2,Non-Travel,13.0,3,Marketing,Single,19662,585,45,4,2,2,0,4,0,2,No,0
EMP11260,38,35-44,Male,Research & Development,Manufacturing Director,4530,4K-7K,11,11-20,6,3,5,No,1.0,Low,3,1,Travel_Rarely,9.0,4,Life Sciences,Married,14933,1243,80,2,1,3,2,3,2,3,No,0
EMP11261,36,35-44,Female,Research & Development,Healthcare Representative,4840,4K-7K,6,6-10,1,2,6,No,1.0,Low,2,2,Travel_Rarely,11.0,3,Life Sciences,Married,25575,990,69,3,4,3,0,2,0,2,No,0
EMP11262,25,25-34,Male,Sales,Sales Executive,6680,4K-7K,7,6-10,4,3,7,No,1.0,Low,3,3,Travel_Rarely,17.0,4,Marketing,Single,7084,1126,68,2,4,3,1,2,1,3,No,0
EMP11263,39,35-44,Female,Research & Development,Research Scientist,6340,4K-7K,3,3-5,1,2,0,No,2.0,Medium-Low,3,3,Travel_Rarely,2.0,2,Life Sciences,Married,21888,1352,85,1,2,3,3,1,0,2,No,0
EMP11264,30,25-34,Male,Research & Development,Manager,11010,10K-15K,8,6-10,7,5,4,No,1.0,Low,3,4,Travel_Rarely,8.0,2,Life Sciences,Married,11183,1352,83,4,3,2,0,3,1,2,No,0
EMP11265,18,18-24,Female,Research & Development,Manager,2500,<4K,0,0-2,0,0,0,Yes,2.0,Medium-Low,4,1,Travel_Rarely,6.0,3,Medical,Single,16062,1101,73,4,1,2,0,4,0,2,No,0
EMP11266,48,45-54,Male,Research & Development,Healthcare Representative,5780,4K-7K,4,3-5,2,1,2,Yes,4.0,High,4,2,Travel_Rarely,13.0,5,Marketing,Single,12717,1084,75,3,2,3,1,5,1,2,No,0
EMP11267,46,45-54,Female,Research & Development,Manager,6700,4K-7K,13,11-20,6,9,0,No,3.0,Medium-High,3,2,Travel_Rarely,12.0,3,Life Sciences,Married,23997,442,61,4,3,1,0,5,2,2,No,0
EMP11268,37,35-44,Female,Research & Development,Manufacturing Director,4860,4K-7K,6,6-10,1,4,3,No,4.0,High,2,2,Non-Travel,2.0,3,Technical Degree,Single,12621,1264,77,3,2,2,0,1,2,2,No,0
EMP11269,39,35-44,Male,Research & Development,Manager,3940,<4K,3,3-5,1,0,1,No,4.0,High,3,2,Travel_Rarely,12.0,3,Technical Degree,Married,24901,1180,90,3,3,3,0,3,5,2,No,0
EMP11270,47,45-54,Female,Research & Development,Research Scientist,14890,10K-15K,12,11-20,6,6,4,Yes,3.0,Medium-High,1,5,Travel_Rarely,5.0,5,Life Sciences,Divorced,12792,1339,95,3,4,2,0,3,1,2,No,0
EMP11271,39,35-44,Male,Sales,Sales Executive,5960,4K-7K,19,11-20,12,11,3,No,4.0,High,3,2,Travel_Rarely,20.0,4,Technical Degree,Single,8905,1237,67,2,3,4,2,5,5,2,No,0
EMP11272,45,45-54,Male,Sales,Sales Executive,12960,10K-15K,5,3-5,4,4,1,Yes,3.0,Medium-High,3,4,Travel_Rarely,8.0,5,Technical Degree,Divorced,15634,393,72,1,3,3,2,2,2,2,Yes,1
EMP11273,34,25-34,Male,Sales,Sales Executive,6220,4K-7K,2,0-2,0,2,2,No,3.0,Medium-High,4,3,Travel_Rarely,5.0,2,Marketing,Married,12331,127,33,3,2,3,0,4,1,1,No,0
EMP11274,49,45-54,Male,Research & Development,Research Scientist,8090,7K-10K,6,6-10,2,3,1,No,4.0,High,4,3,Travel_Rarely,20.0,2,Marketing,Married,2376,958,34,3,1,2,3,1,3,2,No,0
EMP11275,40,35-44,Female,Research & Development,Manufacturing Director,8320,7K-10K,9,6-10,9,7,4,No,1.0,Low,3,3,Travel_Rarely,5.0,3,Life Sciences,Divorced,10142,1444,87,3,3,3,1,3,1,2,Yes,1
EMP11276,39,35-44,Female,Research & Development,Healthcare Representative,4780,4K-7K,5,3-5,0,0,5,No,2.0,Medium-Low,3,2,Travel_Rarely,17.0,4,Technical Degree,Married,19488,672,66,3,1,3,1,2,0,2,Yes,1
EMP11277,25,25-34,Male,Research & Development,Manufacturing Director,2490,<4K,1,0-2,0,0,1,No,1.0,Low,3,1,Travel_Rarely,13.0,3,Life Sciences,Single,25130,1027,55,1,1,4,0,0,0,2,Yes,1
EMP11278,40,35-44,Male,Human Resources,Human Resources,4940,4K-7K,9,6-10,2,1,7,Yes,4.0,High,2,1,Travel_Rarely,21.0,3,Other,Single,12339,1155,38,2,1,3,2,2,1,2,Yes,1
EMP11279,29,25-34,Female,Research & Development,Research Director,3640,<4K,3,3-5,1,1,3,No,3.0,Medium-High,4,1,Travel_Rarely,13.0,4,Human Resources,Married,24058,496,44,3,2,3,0,2,0,2,Yes,1
EMP11280,31,25-34,Female,Research & Development,Manufacturing Director,5450,4K-7K,4,3-5,3,1,3,No,4.0,High,3,2,Travel_Rarely,18.0,2,Marketing,Single,7242,1140,55,1,3,2,0,5,1,3,Yes,1
EMP11281,29,25-34,Male,Research & Development,Laboratory Technician,4380,4K-7K,2,0-2,1,0,2,No,3.0,Medium-High,3,2,Non-Travel,10.0,3,Life Sciences,Married,4847,700,92,4,4,3,0,1,1,2,No,0
EMP11282,27,25-34,Female,Sales,Sales Representative,5280,4K-7K,1,0-2,1,1,1,No,3.0,Medium-High,1,2,Travel_Frequently,24.0,3,Life Sciences,Married,13659,1175,99,3,4,2,0,2,7,4,No,0
EMP11283,56,55+,Male,Research & Development,Research Scientist,10250,10K-15K,2,0-2,1,2,2,No,3.0,Medium-High,2,4,Travel_Rarely,9.0,3,Life Sciences,Single,10214,469,56,1,3,2,2,1,0,2,No,0
EMP11284,49,45-54,Male,Research & Development,Laboratory Technician,11070,10K-15K,4,3-5,3,1,1,No,3.0,Medium-High,3,4,Travel_Rarely,3.0,4,Medical,Married,21087,263,83,3,1,3,0,4,2,3,No,0
EMP11285,54,45-54,Female,Research & Development,Manager,3550,<4K,4,3-5,2,2,4,No,4.0,High,1,1,Travel_Rarely,3.0,3,Life Sciences,Married,23249,1426,60,3,2,2,1,2,1,2,No,0
EMP11286,26,25-34,Male,Research & Development,Laboratory Technician,2550,<4K,8,6-10,4,3,3,No,2.0,Medium-Low,2,1,Travel_Frequently,2.0,3,Medical,Married,8662,549,61,3,1,3,0,2,0,2,Yes,1
EMP11287,38,35-44,Male,Research & Development,Laboratory Technician,6450,4K-7K,3,3-5,1,1,3,Yes,3.0,Medium-High,1,2,Travel_Rarely,29.0,3,Life Sciences,Married,21732,643,31,4,1,4,1,2,5,2,No,0
EMP11288,25,25-34,Male,Research & Development,Manager,4080,4K-7K,7,6-10,5,6,5,No,2.0,Medium-Low,4,1,Travel_Rarely,9.0,3,Other,Single,13961,809,47,3,3,3,0,0,0,2,No,0
EMP11289,31,25-34,Female,Research & Development,Healthcare Representative,7500,7K-10K,6,6-10,1,4,3,Yes,3.0,Medium-High,3,3,Travel_Rarely,2.0,4,Life Sciences,Married,17454,450,57,4,4,3,1,1,1,2,No,0
EMP11290,29,25-34,Female,Research & Development,Research Scientist,4400,4K-7K,11,11-20,6,3,4,Yes,3.0,Medium-High,3,2,Travel_Rarely,13.0,3,Other,Divorced,11110,478,100,4,3,2,0,1,0,2,No,0
EMP11291,48,45-54,Male,Research & Development,Research Scientist,6000,4K-7K,6,6-10,1,3,5,No,4.0,High,1,2,Travel_Rarely,7.0,2,Other,Married,12171,300,54,1,4,3,0,4,1,2,Yes,1
EMP11292,33,25-34,Male,Research & Development,Research Scientist,8540,7K-10K,1,0-2,1,0,1,Yes,4.0,High,2,3,Travel_Rarely,21.0,2,Medical,Divorced,2376,1230,68,1,3,3,0,0,2,3,No,0
EMP11293,47,45-54,Male,Research & Development,Manufacturing Director,7730,7K-10K,5,3-5,2,3,3,Yes,3.0,Medium-High,1,3,Travel_Rarely,14.0,3,Technical Degree,Single,17384,604,78,3,3,3,1,4,2,2,No,0
EMP11294,42,35-44,Male,Sales,Sales Executive,3420,<4K,1,0-2,0,0,1,No,1.0,Low,3,1,Travel_Rarely,13.0,3,Medical,Divorced,8434,1111,33,3,4,3,0,3,1,3,No,0
EMP11295,58,55+,Male,Sales,Sales Executive,4370,4K-7K,2,0-2,0,1,2,No,4.0,High,4,2,Non-Travel,6.0,4,Marketing,Married,11388,1419,81,4,3,3,1,0,1,2,Yes,1
EMP11296,23,18-24,Female,Research & Development,Manager,4930,4K-7K,5,3-5,4,2,5,Yes,1.0,Low,1,2,Non-Travel,29.0,4,Life Sciences,Divorced,26004,1151,97,3,3,2,0,2,4,2,Yes,1
EMP11297,48,45-54,Male,Research & Development,Manufacturing Director,3750,<4K,5,3-5,2,0,5,No,3.0,Medium-High,1,1,Travel_Rarely,11.0,4,Life Sciences,Married,17647,436,86,3,2,3,3,4,2,2,No,0
EMP11298,47,45-54,Male,Research & Development,Research Scientist,3660,<4K,10,6-10,1,2,2,No,1.0,Low,2,1,Travel_Rarely,14.0,3,Marketing,Married,13332,386,42,3,1,4,0,1,6,4,No,0
EMP11299,28,25-34,Male,Research & Development,Manufacturing Director,5050,4K-7K,8,6-10,3,2,8,No,2.0,Medium-Low,3,2,Travel_Frequently,5.0,3,Medical,Divorced,13544,730,94,3,4,1,0,2,4,3,Yes,1
EMP11300,46,45-54,Male,Sales,Sales Representative,4620,4K-7K,14,11-20,13,6,4,Yes,3.0,Medium-High,4,1,Travel_Rarely,8.0,3,Marketing,Married,13102,1466,92,2,1,3,0,6,3,2,No,0
EMP11301,40,35-44,Female,Research & Development,Research Scientist,3930,<4K,10,6-10,3,2,6,No,2.0,Medium-Low,3,1,Travel_Frequently,3.0,2,Life Sciences,Married,24869,1154,100,1,3,3,0,3,1,2,Yes,1
EMP11302,35,35-44,Male,Sales,Sales Executive,3570,<4K,10,6-10,9,2,3,No,4.0,High,3,2,Travel_Rarely,7.0,2,Life Sciences,Married,3356,765,54,3,3,3,3,2,1,2,No,0
EMP11303,29,25-34,Male,Research & Development,Research Director,7680,7K-10K,11,11-20,8,6,4,No,3.0,Medium-High,1,3,Travel_Rarely,12.0,3,Life Sciences,Married,20150,1374,52,3,3,3,0,2,4,2,No,0
EMP11304,30,25-34,Male,Research & Development,Laboratory Technician,3740,<4K,10,6-10,6,6,2,No,3.0,Medium-High,3,1,Travel_Rarely,2.0,5,Life Sciences,Divorced,23889,1486,59,3,1,3,2,3,1,2,No,0
EMP11305,56,55+,Male,Sales,Sales Executive,3920,<4K,13,11-20,3,5,1,Yes,2.0,Medium-Low,1,1,Travel_Rarely,3.0,2,Life Sciences,Married,12556,206,90,2,1,3,0,4,2,2,No,0
EMP11306,37,35-44,Male,Sales,Sales Executive,9170,7K-10K,2,0-2,1,1,2,No,1.0,Low,2,3,Travel_Rarely,5.0,2,Life Sciences,Married,7426,605,36,2,3,3,2,0,1,2,No,0
EMP11307,44,35-44,Male,Sales,Sales Executive,3490,<4K,5,3-5,2,2,5,Yes,4.0,High,2,1,Travel_Rarely,4.0,4,Life Sciences,Divorced,5841,216,83,3,3,3,2,0,1,2,No,0
EMP11308,30,25-34,Male,Sales,Sales Executive,11200,10K-15K,8,6-10,4,6,2,No,4.0,High,2,4,Travel_Rarely,4.0,3,Human Resources,Married,21628,1368,46,4,1,4,3,1,1,2,No,0
EMP11309,30,25-34,Male,Research & Development,Laboratory Technician,5230,4K-7K,6,6-10,2,1,1,Yes,3.0,Medium-High,2,2,Travel_Rarely,6.0,4,Life Sciences,Married,18927,178,89,4,4,3,0,3,5,2,No,0
EMP11310,47,45-54,Male,Sales,Sales Executive,2940,<4K,3,3-5,1,3,3,No,3.0,Medium-High,3,1,Travel_Rarely,12.0,4,Technical Degree,Single,13463,840,95,3,4,4,2,3,0,2,No,0
EMP11311,25,25-34,Male,Research & Development,Research Scientist,3190,<4K,7,6-10,4,2,1,No,3.0,Medium-High,1,1,Travel_Frequently,3.0,5,Life Sciences,Married,13855,122,67,4,3,2,0,0,1,2,Yes,1
EMP11312,33,25-34,Female,Sales,Sales Representative,4290,4K-7K,11,11-20,6,5,4,No,4.0,High,4,1,Travel_Frequently,3.0,3,Other,Married,16410,1320,42,1,3,2,0,3,2,3,Yes,1
EMP11313,37,35-44,Male,Research & Development,Manager,4640,4K-7K,6,6-10,1,2,6,No,4.0,High,4,1,Travel_Rarely,11.0,4,Medical,Single,24431,460,81,4,1,3,1,3,2,2,No,0
EMP11314,38,35-44,Male,Sales,Sales Representative,4780,4K-7K,5,3-5,4,2,5,No,3.0,Medium-High,3,1,Non-Travel,18.0,3,Life Sciences,Married,18351,799,81,3,4,1,1,2,1,2,No,0
EMP11315,35,35-44,Male,Research & Development,Research Director,4320,4K-7K,4,3-5,2,0,3,Yes,4.0,High,1,2,Non-Travel,28.0,4,Medical,Married,3620,316,61,3,4,3,1,2,1,2,Yes,1
EMP11316,41,35-44,Male,Research & Development,Research Scientist,4310,4K-7K,10,6-10,3,3,7,No,3.0,Medium-High,3,1,Travel_Rarely,3.0,3,Life Sciences,Married,6312,1089,38,1,3,2,3,2,1,2,No,0
EMP11317,43,35-44,Female,Research & Development,Manager,5030,4K-7K,5,3-5,4,2,4,No,1.0,Low,4,2,Non-Travel,4.0,2,Marketing,Married,16968,806,46,4,3,3,2,3,1,2,No,0
EMP11318,44,35-44,Male,Sales,Sales Executive,6490,4K-7K,6,6-10,3,5,2,No,3.0,Medium-High,2,2,Travel_Rarely,4.0,3,Life Sciences,Married,10723,727,69,3,3,3,0,3,3,2,Yes,1
EMP11319,28,25-34,Female,Research & Development,Manager,4050,4K-7K,10,6-10,4,5,3,No,3.0,Medium-High,4,1,Non-Travel,29.0,3,Other,Single,9828,1319,104,2,3,3,1,1,1,1,No,0
EMP11320,34,25-34,Male,Research & Development,Manager,4010,4K-7K,7,6-10,4,3,2,Yes,1.0,Low,3,1,Travel_Rarely,7.0,4,Medical,Single,17366,666,83,2,3,2,0,4,1,2,No,0
EMP11321,48,45-54,Male,Research & Development,Healthcare Representative,4780,4K-7K,6,6-10,2,2,6,No,3.0,Medium-High,4,1,Travel_Rarely,29.0,4,Life Sciences,Married,19272,542,83,2,3,4,1,1,2,2,Yes,1
EMP11322,45,45-54,Female,Research & Development,Manager,3360,<4K,4,3-5,0,3,4,No,3.0,Medium-High,4,1,Travel_Rarely,12.0,4,Technical Degree,Single,18776,558,57,3,2,3,1,0,2,2,No,0
EMP11323,24,18-24,Male,Sales,Sales Representative,5720,4K-7K,6,6-10,1,3,2,No,4.0,High,1,2,Travel_Rarely,18.0,2,Life Sciences,Married,11813,243,101,2,3,3,2,2,0,4,No,0
EMP11324,40,35-44,Male,Research & Development,Research Scientist,3470,<4K,3,3-5,2,2,1,No,4.0,High,3,1,Travel_Frequently,12.0,4,Other,Divorced,5457,413,79,3,3,3,3,2,9,2,No,0
EMP11325,19,18-24,Male,Human Resources,Human Resources,7370,7K-10K,1,0-2,0,0,1,No,4.0,High,1,3,Travel_Rarely,8.0,3,Medical,Married,26052,974,47,4,2,3,0,3,3,2,No,0
EMP11326,37,35-44,Female,Research & Development,Manufacturing Director,6120,4K-7K,4,3-5,2,2,2,No,1.0,Low,1,2,Travel_Rarely,7.0,4,Technical Degree,Single,4363,828,42,4,3,3,3,1,2,2,Yes,1
EMP11327,54,45-54,Male,Research & Development,Research Scientist,5450,4K-7K,5,3-5,3,4,1,No,3.0,Medium-High,3,2,Travel_Frequently,1.0,4,Life Sciences,Single,25738,1380,62,2,3,2,1,4,1,2,No,0
EMP11328,28,25-34,Female,Sales,Sales Representative,4270,4K-7K,6,6-10,4,3,2,No,3.0,Medium-High,4,2,Travel_Rarely,14.0,2,Other,Single,2317,738,44,1,3,3,0,5,2,2,No,0
EMP11329,29,25-34,Male,Sales,Manager,8100,7K-10K,11,11-20,5,1,2,No,2.0,Medium-Low,4,2,Travel_Frequently,21.0,4,Technical Degree,Single,24921,573,67,2,1,3,0,3,1,2,No,0
EMP11330,44,35-44,Female,Research & Development,Research Scientist,3050,<4K,7,6-10,2,3,4,No,1.0,Low,2,1,Travel_Rarely,2.0,2,Life Sciences,Single,14666,784,35,1,3,3,1,3,3,2,No,0
EMP11331,23,18-24,Male,Research & Development,Research Director,2660,<4K,2,0-2,1,1,2,No,2.0,Medium-Low,1,1,Travel_Rarely,6.0,3,Life Sciences,Single,10896,705,74,4,3,3,0,0,3,3,Yes,1
EMP11332,31,25-34,Female,Sales,Manager,5180,4K-7K,5,3-5,2,2,4,No,1.0,Low,3,2,Non-Travel,4.0,3,Life Sciences,Divorced,17129,1001,88,3,3,3,0,2,1,2,No,0
EMP11333,42,35-44,Male,Research & Development,Manager,3030,<4K,4,3-5,3,2,2,Yes,4.0,High,1,1,Travel_Rarely,19.0,2,Other,Divorced,15785,1342,107,3,3,2,1,2,3,2,Yes,1
EMP11334,31,25-34,Female,Human Resources,Manager,5530,4K-7K,4,3-5,3,3,2,No,1.0,Low,2,2,Travel_Frequently,3.0,4,Life Sciences,Married,22155,1481,77,1,3,3,0,2,0,2,No,0
EMP11335,35,35-44,Male,Human Resources,Human Resources,6570,4K-7K,4,3-5,1,1,3,Yes,2.0,Medium-Low,4,2,Travel_Rarely,9.0,1,Medical,Single,22628,1360,70,3,2,3,3,2,3,2,No,0
EMP11336,44,35-44,Male,Sales,Manager,6630,4K-7K,5,3-5,3,2,3,No,2.0,Medium-Low,4,2,Travel_Rarely,23.0,2,Life Sciences,Divorced,23037,374,108,4,2,3,2,2,3,2,No,0
EMP11337,41,35-44,Male,Research & Development,Healthcare Representative,6200,4K-7K,4,3-5,2,2,3,No,4.0,High,4,2,Travel_Rarely,7.0,3,Life Sciences,Single,17371,851,103,3,1,3,1,1,2,2,No,0
EMP11338,39,35-44,Male,Sales,Sales Executive,6600,4K-7K,4,3-5,3,3,4,Yes,1.0,Low,3,2,Travel_Rarely,10.0,4,Marketing,Single,8885,316,84,4,3,3,0,2,6,2,No,0
EMP11339,34,25-34,Male,Research & Development,Manufacturing Director,4140,4K-7K,4,3-5,2,1,3,No,1.0,Low,3,2,Non-Travel,3.0,4,Other,Married,12701,1197,90,1,3,3,1,1,1,2,No,0
EMP11340,40,35-44,Female,Research & Development,Healthcare Representative,4300,4K-7K,4,3-5,3,1,4,No,2.0,Medium-Low,3,2,Travel_Frequently,9.0,4,Medical,Married,6006,775,31,1,3,2,1,4,1,2,No,0
EMP11341,36,35-44,Female,Research & Development,Research Scientist,5830,4K-7K,3,3-5,2,0,3,No,2.0,Medium-Low,2,2,Travel_Rarely,5.0,4,Human Resources,Married,14002,809,31,4,2,2,2,3,1,2,Yes,1
EMP11342,41,35-44,Male,Research & Development,Manufacturing Director,5010,4K-7K,9,6-10,6,5,5,Yes,3.0,Medium-High,4,2,Travel_Rarely,8.0,3,Marketing,Single,14982,1022,105,3,2,3,0,3,0,2,No,0
EMP11343,32,25-34,Female,Sales,Sales Representative,6040,4K-7K,4,3-5,3,2,1,No,4.0,High,1,3,Travel_Frequently,29.0,1,Life Sciences,Single,16902,1451,39,1,1,4,2,4,1,2,No,0
EMP11344,35,35-44,Male,Sales,Sales Executive,6050,4K-7K,5,3-5,3,1,1,Yes,1.0,Low,3,2,Travel_Rarely,27.0,2,Life Sciences,Divorced,16601,507,105,2,1,3,1,2,1,2,Yes,1
EMP11345,28,25-34,Male,Sales,Sales Representative,4370,4K-7K,5,3-5,3,3,2,Yes,1.0,Low,3,2,Travel_Rarely,23.0,3,Marketing,Married,23026,247,68,3,3,3,0,3,1,2,Yes,1
EMP11346,37,35-44,Female,Research & Development,Healthcare Representative,8010,7K-10K,4,3-5,0,3,4,Yes,2.0,Medium-Low,2,3,Travel_Rarely,9.0,4,Other,Single,20511,1209,31,3,1,3,0,4,2,2,No,0
EMP11347,30,25-34,Female,Research & Development,Manufacturing Director,5810,4K-7K,3,3-5,2,1,3,Yes,4.0,High,3,2,Travel_Rarely,8.0,3,Other,Married,22997,602,94,4,3,4,2,2,0,2,No,0
EMP11348,27,25-34,Female,Research & Development,Research Scientist,2970,<4K,9,6-10,2,1,2,No,1.0,Low,1,1,Travel_Rarely,4.0,4,Life Sciences,Single,15950,331,95,1,4,3,0,0,4,2,Yes,1
EMP11349,39,35-44,Male,Human Resources,Human Resources,7310,7K-10K,3,3-5,2,2,2,No,4.0,High,3,3,Non-Travel,12.0,3,Life Sciences,Married,21133,597,81,3,1,3,3,2,1,4,No,0
EMP11350,39,35-44,Female,Research & Development,Laboratory Technician,2410,<4K,3,3-5,2,0,3,No,4.0,High,3,1,Travel_Rarely,2.0,2,Life Sciences,Single,26819,522,73,3,4,2,3,4,0,2,No,0
EMP11351,44,35-44,Male,Sales,Manager,6120,4K-7K,11,11-20,8,5,4,No,3.0,Medium-High,3,2,Travel_Rarely,9.0,2,Other,Married,26584,346,63,3,3,3,1,1,2,2,No,0
EMP11352,33,25-34,Male,Research & Development,Research Scientist,6900,4K-7K,4,3-5,2,2,1,No,4.0,High,4,3,Travel_Rarely,11.0,4,Other,Married,17516,1493,102,3,4,2,1,2,3,2,No,0
EMP11353,41,35-44,Male,Research & Development,Manufacturing Director,10880,10K-15K,6,6-10,2,3,1,Yes,3.0,Medium-High,1,4,Travel_Frequently,3.0,4,Technical Degree,Divorced,22038,204,74,3,1,3,0,2,1,2,No,0
EMP11354,42,35-44,Female,Sales,Sales Executive,3140,<4K,5,3-5,1,1,5,No,3.0,Medium-High,3,1,Travel_Rarely,13.0,4,Life Sciences,Single,16799,333,61,2,4,3,3,3,0,2,No,0
EMP11355,41,35-44,Female,Research & Development,Laboratory Technician,5430,4K-7K,6,6-10,3,3,2,No,3.0,Medium-High,4,2,Travel_Rarely,9.0,2,Medical,Married,11515,1380,34,3,4,3,1,1,0,2,No,0
EMP11356,29,25-34,Female,Sales,Sales Representative,7060,7K-10K,11,11-20,7,6,1,Yes,3.0,Medium-High,3,2,Travel_Rarely,8.0,5,Medical,Divorced,7439,574,107,1,4,4,1,1,5,3,No,0
EMP11357,38,35-44,Male,Sales,Sales Representative,4310,4K-7K,3,3-5,1,1,1,No,1.0,Low,4,1,Travel_Rarely,12.0,3,Life Sciences,Married,12488,1103,92,1,3,3,2,2,1,2,No,0
EMP11358,40,35-44,Male,Research & Development,Research Scientist,3310,<4K,9,6-10,6,6,4,No,3.0,Medium-High,3,1,Non-Travel,7.0,1,Medical,Divorced,18380,1295,98,2,1,3,0,2,4,2,Yes,1
EMP11359,37,35-44,Male,Research & Development,Laboratory Technician,7530,7K-10K,9,6-10,1,1,2,Yes,4.0,High,3,2,Non-Travel,7.0,5,Life Sciences,Divorced,20754,1396,83,1,2,2,1,4,1,3,No,0
EMP11360,18,18-24,Male,Research & Development,Research Scientist,5040,4K-7K,0,0-2,0,0,0,Yes,2.0,Medium-Low,4,2,Travel_Rarely,7.0,3,Life Sciences,Married,4603,858,67,3,4,1,1,3,0,2,Yes,1
EMP11361,38,35-44,Male,Sales,Sales Executive,4720,4K-7K,13,11-20,8,10,3,No,4.0,High,4,1,Non-Travel,7.0,4,Other,Single,7747,974,38,1,2,2,0,1,2,2,No,0
EMP11362,57,55+,Female,Research & Development,Healthcare Representative,4470,4K-7K,1,0-2,1,0,1,No,1.0,Low,4,2,Travel_Rarely,9.0,2,Technical Degree,Married,5533,1317,90,3,2,3,0,2,3,2,No,0
EMP11363,34,25-34,Male,Research & Development,Research Scientist,5040,4K-7K,2,0-2,1,0,2,No,4.0,High,1,2,Travel_Rarely,15.0,3,Medical,Married,25949,211,50,4,1,3,1,4,3,2,No,0
EMP11364,30,25-34,Male,Research & Development,Research Scientist,7660,7K-10K,3,3-5,2,2,3,No,3.0,Medium-High,3,3,Travel_Rarely,7.0,4,Medical,Married,10584,122,65,1,3,2,1,2,2,2,No,0
EMP11365,40,35-44,Male,Sales,Sales Executive,9000,7K-10K,4,3-5,0,2,1,No,3.0,Medium-High,1,3,Travel_Rarely,7.0,3,Life Sciences,Married,19635,1036,30,2,3,3,0,1,1,2,No,0
EMP11366,40,35-44,Male,Research & Development,Manager,5590,4K-7K,7,6-10,3,6,7,No,4.0,High,1,2,Travel_Rarely,3.0,4,Technical Degree,Married,4966,414,51,3,4,2,2,3,4,2,No,0
EMP11367,48,45-54,Male,Sales,Manager,11320,10K-15K,3,3-5,1,1,3,No,4.0,High,3,4,Travel_Rarely,4.0,2,Human Resources,Married,13320,301,44,1,4,3,0,2,2,2,No,0
EMP11368,25,25-34,Female,Sales,Sales Executive,7800,7K-10K,3,3-5,0,1,2,No,2.0,Medium-Low,4,3,Travel_Rarely,11.0,4,Technical Degree,Married,12758,717,75,3,3,3,1,3,2,2,Yes,1
EMP11369,44,35-44,Female,Research & Development,Healthcare Representative,4870,4K-7K,6,6-10,0,4,5,No,4.0,High,3,1,Travel_Rarely,6.0,3,Technical Degree,Single,9571,705,94,2,3,3,0,3,1,2,No,0
EMP11370,42,35-44,Female,Research & Development,Laboratory Technician,2640,<4K,8,6-10,4,5,4,No,1.0,Low,4,1,Travel_Rarely,14.0,3,Life Sciences,Divorced,21391,1094,35,2,3,4,0,1,0,2,No,0
EMP11371,36,35-44,Male,Human Resources,Human Resources,4800,4K-7K,6,6-10,1,5,3,Yes,3.0,Medium-High,4,2,Travel_Rarely,9.0,3,Life Sciences,Divorced,26197,124,69,4,1,3,0,5,0,2,No,0
EMP11372,40,35-44,Male,Research & Development,Healthcare Representative,6720,4K-7K,8,6-10,4,2,3,No,4.0,High,1,2,Travel_Frequently,13.0,2,Medical,Married,18306,756,64,2,4,3,1,3,2,2,No,0
EMP11373,46,45-54,Male,Sales,Manager,5880,4K-7K,2,0-2,1,1,2,No,2.0,Medium-Low,1,2,Non-Travel,5.0,4,Life Sciences,Single,9206,1489,90,2,3,2,2,0,2,4,Yes,1
EMP11374,45,45-54,Female,Research & Development,Manager,5230,4K-7K,4,3-5,2,3,3,No,1.0,Low,2,2,Travel_Rarely,12.0,3,Technical Degree,Single,10384,630,52,1,3,3,1,3,5,2,No,0
EMP11375,26,25-34,Female,Research & Development,Manufacturing Director,4960,4K-7K,3,3-5,3,1,2,No,3.0,Medium-High,3,2,Travel_Rarely,3.0,3,Life Sciences,Single,10518,145,49,2,1,3,0,0,1,2,No,0
EMP11376,44,35-44,Male,Sales,Sales Executive,6420,4K-7K,4,3-5,1,3,3,No,2.0,Medium-Low,1,2,Travel_Rarely,15.0,3,Life Sciences,Single,6120,1158,57,2,3,4,1,4,4,2,Yes,1
EMP11377,36,35-44,Male,Research & Development,Healthcare Representative,4040,4K-7K,6,6-10,4,2,1,No,2.0,Medium-Low,3,1,Travel_Rarely,10.0,3,Life Sciences,Married,22581,301,66,2,2,4,0,3,0,4,Yes,1
EMP11378,38,35-44,Male,Research & Development,Research Scientist,7410,7K-10K,1,0-2,1,0,1,Yes,3.0,Medium-High,1,3,Travel_Rarely,29.0,4,Other,Single,14504,464,36,3,2,3,0,3,1,2,Yes,1
EMP11379,38,35-44,Female,Research & Development,Manufacturing Director,3970,<4K,4,3-5,2,2,4,No,3.0,Medium-High,1,1,Travel_Rarely,10.0,5,Life Sciences,Single,6837,569,78,3,4,3,3,3,1,2,Yes,1
EMP11380,36,35-44,Female,Research & Development,Laboratory Technician,9510,7K-10K,3,3-5,2,1,1,No,3.0,Medium-High,2,4,Travel_Frequently,8.0,3,Marketing,Married,6025,1423,53,3,1,3,1,4,2,2,Yes,1
EMP11381,48,45-54,Male,Research & Development,Healthcare Representative,3780,<4K,2,0-2,1,1,2,No,3.0,Medium-High,3,1,Travel_Rarely,9.0,4,Medical,Divorced,6257,876,109,3,3,3,0,2,0,2,No,0
EMP11382,36,35-44,Male,Research & Development,Research Scientist,11590,10K-15K,8,6-10,3,5,0,No,4.0,High,4,4,Travel_Frequently,13.0,3,Life Sciences,Single,16622,515,42,4,4,2,2,3,1,3,No,0
EMP11383,27,25-34,Male,Human Resources,Human Resources,3380,<4K,6,6-10,5,1,3,Yes,4.0,High,4,1,Travel_Frequently,6.0,2,Medical,Married,23157,1469,36,4,4,2,2,3,1,2,Yes,1
EMP11384,33,25-34,Male,Research & Development,Manager,2890,<4K,4,3-5,1,2,4,No,4.0,High,4,1,Travel_Rarely,11.0,4,Technical Degree,Divorced,11077,1472,44,3,4,3,2,0,1,2,No,0
EMP11385,39,35-44,Male,Sales,Sales Executive,5280,4K-7K,15,11-20,3,8,1,No,1.0,Low,1,1,Travel_Rarely,10.0,3,Medical,Divorced,5953,798,52,4,4,2,1,4,1,2,Yes,1
EMP11386,48,45-54,Male,Research & Development,Manufacturing Director,5110,4K-7K,2,0-2,1,1,2,Yes,2.0,Medium-Low,3,2,Travel_Rarely,18.0,4,Other,Married,20678,909,98,3,1,4,1,4,7,2,No,0
EMP11387,42,35-44,Female,Sales,Sales Executive,8220,7K-10K,15,11-20,9,6,5,No,4.0,High,3,3,Travel_Rarely,7.0,4,Life Sciences,Single,8317,289,89,3,4,3,2,3,0,2,No,0
EMP11388,29,25-34,Female,Research & Development,Research Scientist,4430,4K-7K,5,3-5,2,1,3,No,3.0,Medium-High,1,2,Travel_Rarely,12.0,3,Life Sciences,Single,5467,448,39,3,1,3,2,3,4,3,Yes,1
EMP11389,60,55+,Male,Human Resources,Human Resources,11620,10K-15K,3,3-5,1,1,2,No,4.0,High,3,4,Travel_Rarely,14.0,4,Other,Single,19416,472,80,4,2,1,1,5,0,2,No,0
EMP11390,39,35-44,Female,Research & Development,Research Scientist,5920,4K-7K,4,3-5,2,3,3,Yes,3.0,Medium-High,2,2,Travel_Frequently,19.0,4,Life Sciences,Married,3471,1414,93,3,1,3,1,3,2,2,No,0
EMP11391,49,45-54,Male,Research & Development,Research Director,4760,4K-7K,4,3-5,1,2,4,No,4.0,High,2,2,Non-Travel,5.0,3,Marketing,Married,7113,1084,100,3,4,3,0,3,0,2,No,0
EMP11392,36,35-44,Male,Research & Development,Research Scientist,8480,7K-10K,17,11-20,9,8,2,No,1.0,Low,1,3,Travel_Rarely,13.0,3,Human Resources,Married,24074,1086,85,3,3,3,0,2,1,2,No,0
EMP11393,42,35-44,Male,Research & Development,Manager,4020,4K-7K,7,6-10,2,3,3,No,3.0,Medium-High,4,1,Travel_Rarely,8.0,3,Life Sciences,Single,25189,210,61,4,2,3,3,0,2,2,No,0
EMP11394,45,45-54,Male,Research & Development,Manufacturing Director,2800,<4K,3,3-5,1,1,1,No,4.0,High,3,1,Travel_Frequently,3.0,5,Technical Degree,Married,22455,1424,52,4,1,3,3,3,2,2,No,0
EMP11395,48,45-54,Male,Research & Development,Laboratory Technician,8580,7K-10K,9,6-10,3,5,6,No,4.0,High,2,3,Travel_Frequently,10.0,4,Life Sciences,Single,9739,745,83,2,1,3,2,2,1,2,Yes,1
EMP11396,47,45-54,Male,Sales,Sales Representative,6770,4K-7K,4,3-5,2,3,4,Yes,3.0,Medium-High,4,3,Travel_Rarely,2.0,2,Life Sciences,Married,3148,1136,102,3,3,3,0,0,2,2,No,0
EMP11397,45,45-54,Male,Research & Development,Manufacturing Director,10270,10K-15K,0,0-2,0,0,0,No,1.0,Low,4,4,Non-Travel,17.0,3,Life Sciences,Married,26616,622,99,1,1,2,0,3,2,2,No,0
EMP11398,34,25-34,Female,Research & Development,Healthcare Representative,9120,7K-10K,9,6-10,0,3,2,Yes,4.0,High,4,3,Travel_Rarely,5.0,4,Human Resources,Married,24864,1225,90,1,3,3,0,3,4,2,Yes,1
EMP11399,32,25-34,Male,Research & Development,Research Scientist,3750,<4K,9,6-10,4,2,7,No,3.0,Medium-High,3,1,Travel_Frequently,7.0,2,Life Sciences,Single,22140,296,108,4,3,4,2,2,1,3,No,0
EMP11400,40,35-44,Male,Sales,Sales Executive,9550,7K-10K,5,3-5,3,1,5,Yes,1.0,Low,2,3,Travel_Rarely,17.0,2,Technical Degree,Single,13948,154,49,3,3,3,0,3,6,2,Yes,1
EMP11401,45,45-54,Male,Research & Development,Manager,4860,4K-7K,4,3-5,3,3,4,Yes,3.0,Medium-High,3,2,Travel_Rarely,9.0,3,Other,Single,17545,282,82,2,4,1,2,0,2,2,No,0
EMP11402,35,35-44,Female,Research & Development,Manager,16930,15K+,10,6-10,5,7,1,No,3.0,Medium-High,3,5,Travel_Rarely,21.0,3,Medical,Married,9408,1142,44,3,2,3,2,4,3,2,No,0
EMP11403,47,45-54,Male,Research & Development,Manager,4640,4K-7K,4,3-5,1,3,0,No,3.0,Medium-High,4,2,Non-Travel,13.0,3,Marketing,Single,13602,462,58,3,1,2,1,3,4,2,No,0
EMP11404,50,45-54,Female,Sales,Sales Executive,5340,4K-7K,11,11-20,9,4,3,No,4.0,High,3,2,Travel_Rarely,15.0,3,Medical,Married,25645,572,99,2,3,3,3,4,1,2,No,0
EMP11405,29,25-34,Male,Sales,Sales Representative,5610,4K-7K,4,3-5,2,1,4,No,3.0,Medium-High,2,2,Travel_Frequently,7.0,2,Life Sciences,Single,13158,108,109,2,4,3,3,2,6,2,No,0
EMP11406,29,25-34,Male,Research & Development,Manufacturing Director,2670,<4K,5,3-5,2,2,2,No,3.0,Medium-High,3,1,Travel_Frequently,13.0,4,Medical,Married,15303,759,94,3,3,3,2,3,3,2,Yes,1
EMP11407,36,35-44,Male,Sales,Sales Executive,4230,4K-7K,7,6-10,2,5,6,Yes,2.0,Medium-Low,3,1,Travel_Frequently,8.0,3,Marketing,Married,17068,124,91,1,4,3,0,0,1,2,No,0
EMP11408,40,35-44,Male,Sales,Sales Executive,8060,7K-10K,6,6-10,4,2,2,No,3.0,Medium-High,4,3,Travel_Rarely,12.0,3,Other,Married,25047,1429,99,1,3,3,3,2,2,3,Yes,1
EMP11409,32,25-34,Male,Research & Development,Manufacturing Director,7910,7K-10K,3,3-5,2,0,1,No,2.0,Medium-Low,1,3,Travel_Rarely,22.0,3,Other,Single,5796,1180,45,2,1,3,0,1,1,2,No,0
EMP11410,49,45-54,Male,Sales,Sales Executive,4340,4K-7K,7,6-10,1,2,2,No,2.0,Medium-Low,3,1,Travel_Frequently,14.0,3,Other,Married,5447,923,83,4,3,3,0,3,2,2,No,0
EMP11411,41,35-44,Male,Research & Development,Laboratory Technician,6860,4K-7K,9,6-10,6,2,4,Yes,2.0,Medium-Low,2,3,Non-Travel,13.0,2,Other,Married,10276,1302,36,1,2,3,2,1,2,2,No,0
EMP11412,37,35-44,Male,Research & Development,Research Director,4780,4K-7K,3,3-5,2,1,1,No,1.0,Low,1,2,Travel_Frequently,20.0,2,Medical,Single,13610,167,89,4,3,3,0,2,1,2,Yes,1
EMP11413,24,18-24,Male,Research & Development,Research Scientist,4360,4K-7K,6,6-10,3,1,4,No,1.0,Low,3,2,Travel_Rarely,10.0,2,Technical Degree,Single,26216,1124,39,3,1,3,1,3,5,2,No,0
EMP11414,25,25-34,Female,Research & Development,Research Scientist,4260,4K-7K,5,3-5,2,1,3,No,3.0,Medium-High,2,1,Travel_Frequently,5.0,4,Other,Married,14737,147,82,1,1,3,1,2,1,2,No,0
EMP11415,39,35-44,Male,Research & Development,Research Scientist,7190,7K-10K,3,3-5,2,1,3,No,1.0,Low,3,3,Travel_Rarely,20.0,4,Life Sciences,Divorced,12355,1044,37,3,4,1,1,1,9,2,Yes,1
EMP11416,18,18-24,Female,Sales,Manager,6470,4K-7K,0,0-2,0,0,0,Yes,1.0,Low,1,2,Travel_Rarely,21.0,4,Other,Single,6457,1320,66,3,1,2,3,5,1,3,Yes,1
EMP11417,46,45-54,Female,Research & Development,Manufacturing Director,5100,4K-7K,9,6-10,1,6,9,No,4.0,High,4,2,Travel_Rarely,19.0,4,Medical,Married,23754,1171,33,4,2,3,2,3,2,2,No,0
EMP11418,35,35-44,Male,Research & Development,Laboratory Technician,3980,<4K,4,3-5,2,1,1,Yes,3.0,Medium-High,3,2,Travel_Rarely,2.0,4,Marketing,Divorced,13151,454,52,4,4,3,0,5,3,2,No,0
EMP11419,60,55+,Male,Research & Development,Research Director,3530,<4K,7,6-10,2,2,7,No,3.0,Medium-High,2,1,Travel_Rarely,13.0,3,Technical Degree,Married,12422,1357,38,2,3,2,0,1,1,2,No,0
EMP11420,58,55+,Male,Sales,Sales Representative,4860,4K-7K,4,3-5,3,3,0,No,2.0,Medium-Low,3,2,Travel_Rarely,12.0,4,Other,Single,12915,1109,67,3,3,1,3,2,1,2,No,0
EMP11421,35,35-44,Female,Research & Development,Laboratory Technician,6070,4K-7K,8,6-10,3,5,6,No,3.0,Medium-High,1,1,Travel_Rarely,8.0,2,Life Sciences,Married,17687,536,74,2,4,3,1,3,1,2,No,0
EMP11422,36,35-44,Female,Research & Development,Healthcare Representative,3360,<4K,10,6-10,4,5,1,Yes,3.0,Medium-High,3,1,Travel_Rarely,10.0,4,Technical Degree,Single,4639,799,74,2,3,3,0,5,2,2,Yes,1
EMP11423,46,45-54,Female,Research & Development,Healthcare Representative,4640,4K-7K,7,6-10,1,5,5,No,3.0,Medium-High,1,2,Non-Travel,14.0,4,Medical,Married,9687,725,47,1,2,1,1,5,1,2,No,0
EMP11424,52,45-54,Female,Research & Development,Healthcare Representative,12440,10K-15K,9,6-10,5,3,4,No,3.0,Medium-High,2,4,Travel_Frequently,13.0,3,Life Sciences,Single,15698,189,75,3,3,3,0,2,3,2,No,0
EMP11425,22,18-24,Female,Human Resources,Human Resources,5760,4K-7K,4,3-5,3,2,4,Yes,4.0,High,4,2,Travel_Rarely,2.0,3,Technical Degree,Single,19314,468,31,2,3,3,0,2,1,2,Yes,1
EMP11426,21,18-24,Male,Human Resources,Manager,3470,<4K,3,3-5,1,1,0,No,4.0,High,1,1,Travel_Frequently,14.0,3,Marketing,Single,15681,1038,77,3,4,3,1,3,1,2,Yes,1
EMP11427,31,25-34,Male,Research & Development,Manufacturing Director,4230,4K-7K,4,3-5,1,1,4,No,4.0,High,3,2,Non-Travel,5.0,4,Technical Degree,Married,15050,1292,46,4,2,4,0,4,1,2,No,0
EMP11428,42,35-44,Female,Human Resources,Human Resources,7290,7K-10K,7,6-10,1,4,1,No,1.0,Low,1,3,Travel_Frequently,24.0,4,Life Sciences,Divorced,16414,1486,45,4,2,3,0,3,0,2,Yes,1
EMP11429,41,35-44,Male,Research & Development,Laboratory Technician,5050,4K-7K,12,11-20,6,11,9,No,3.0,Medium-High,3,2,Travel_Rarely,12.0,4,Medical,Married,20205,1054,74,4,2,4,1,3,2,2,No,0
EMP11430,47,45-54,Male,Sales,Sales Executive,9800,7K-10K,2,0-2,1,2,2,No,1.0,Low,2,3,Travel_Rarely,16.0,3,Marketing,Single,7902,1300,77,1,3,2,2,4,2,2,Yes,1
EMP11431,26,25-34,Female,Research & Development,Research Scientist,5560,4K-7K,8,6-10,4,2,2,No,3.0,Medium-High,2,2,Travel_Rarely,7.0,4,Life Sciences,Married,15532,599,53,3,2,2,2,4,2,2,No,0
EMP11432,18,18-24,Male,Research & Development,Healthcare Representative,7090,7K-10K,0,0-2,0,0,0,No,3.0,Medium-High,2,3,Travel_Frequently,16.0,3,Life Sciences,Married,24211,803,94,4,4,3,1,4,2,3,Yes,1
EMP11433,45,45-54,Female,Research & Development,Research Scientist,2020,<4K,5,3-5,3,1,3,No,3.0,Medium-High,1,1,Travel_Rarely,5.0,4,Other,Married,22193,232,62,1,4,3,1,4,1,2,Yes,1
EMP11434,29,25-34,Female,Sales,Sales Executive,4460,4K-7K,6,6-10,2,1,3,No,3.0,Medium-High,4,1,Travel_Rarely,6.0,3,Medical,Married,11785,271,33,4,3,3,2,5,2,2,No,0
EMP11435,19,18-24,Male,Research & Development,Manufacturing Director,4090,4K-7K,1,0-2,1,0,1,No,4.0,High,4,2,Travel_Frequently,7.0,3,Technical Degree,Divorced,16306,862,30,2,4,3,2,1,2,2,No,0
EMP11436,38,35-44,Female,Research & Development,Research Scientist,6050,4K-7K,5,3-5,1,2,1,No,4.0,High,4,2,Travel_Rarely,27.0,3,Medical,Single,23915,540,62,3,2,3,0,6,0,2,No,0
EMP11437,44,35-44,Male,Research & Development,Manager,11320,10K-15K,3,3-5,2,1,2,No,1.0,Low,1,4,Travel_Rarely,7.0,4,Life Sciences,Single,17017,1084,103,3,4,4,0,4,0,2,Yes,1
EMP11438,36,35-44,Male,Sales,Sales Executive,9130,7K-10K,5,3-5,2,0,4,No,4.0,High,2,3,Travel_Rarely,9.0,5,Life Sciences,Married,11312,211,91,4,3,4,2,3,4,2,No,0
EMP11439,33,25-34,Male,Research & Development,Laboratory Technician,3980,<4K,3,3-5,2,1,3,No,4.0,High,3,1,Travel_Rarely,2.0,2,Life Sciences,Married,3924,1163,32,3,2,3,0,4,1,2,No,0
EMP11440,35,35-44,Male,Sales,Sales Executive,5400,4K-7K,8,6-10,5,4,5,No,1.0,Low,4,1,Travel_Rarely,29.0,2,Marketing,Divorced,4440,201,74,4,2,3,1,2,2,2,No,0
EMP11441,34,25-34,Male,Human Resources,Human Resources,3660,<4K,1,0-2,0,0,1,No,2.0,Medium-Low,3,1,Travel_Rarely,5.0,5,Marketing,Divorced,25397,1492,50,1,3,3,0,3,2,2,No,0
EMP11442,25,25-34,Male,Research & Development,Research Scientist,3930,<4K,7,6-10,3,6,7,No,4.0,High,2,1,Travel_Rarely,15.0,3,Medical,Divorced,5442,1297,93,3,4,3,0,4,2,2,No,0
EMP11443,30,25-34,Male,Sales,Sales Representative,4810,4K-7K,10,6-10,9,8,6,Yes,3.0,Medium-High,4,2,Travel_Rarely,15.0,3,Life Sciences,Single,19591,440,102,3,4,4,1,4,6,2,No,0
EMP11444,42,35-44,Male,Research & Development,Manager,7350,7K-10K,6,6-10,3,1,5,No,3.0,Medium-High,1,3,Travel_Rarely,9.0,3,Medical,Married,7582,1019,86,3,3,3,3,2,2,2,No,0
EMP11445,40,35-44,Female,Sales,Sales Executive,11470,10K-15K,15,11-20,6,6,3,No,3.0,Medium-High,4,4,Travel_Rarely,6.0,2,Life Sciences,Married,10253,913,69,3,3,3,2,4,1,2,No,0
EMP11446,38,35-44,Female,Research & Development,Healthcare Representative,6320,4K-7K,7,6-10,6,1,1,No,4.0,High,4,2,Travel_Frequently,18.0,4,Life Sciences,Divorced,10354,295,91,4,2,3,0,2,4,2,Yes,1
EMP11447,28,25-34,Male,Sales,Sales Representative,7980,7K-10K,7,6-10,4,1,2,No,4.0,High,4,3,Travel_Rarely,10.0,4,Other,Single,6647,1305,72,1,3,3,2,4,1,2,No,0
EMP11448,35,35-44,Male,Sales,Sales Representative,5150,4K-7K,1,0-2,1,1,1,Yes,2.0,Medium-Low,1,2,Travel_Frequently,7.0,3,Marketing,Single,16514,1446,75,2,3,4,1,3,2,2,Yes,1
EMP11449,18,18-24,Male,Sales,Sales Executive,3290,<4K,0,0-2,0,0,0,No,2.0,Medium-Low,3,1,Travel_Frequently,7.0,3,Technical Degree,Divorced,25786,1236,101,4,2,3,0,0,2,2,Yes,1
EMP11450,39,35-44,Male,Sales,Sales Executive,6550,4K-7K,3,3-5,2,1,0,No,3.0,Medium-High,3,2,Travel_Rarely,18.0,4,Life Sciences,Married,18251,1358,53,3,4,1,1,2,4,2,No,0
EMP11451,50,45-54,Female,Research & Development,Laboratory Technician,4430,4K-7K,3,3-5,1,2,3,No,1.0,Low,1,2,Travel_Frequently,15.0,2,Other,Divorced,11275,604,53,3,3,3,0,4,2,2,Yes,1
EMP11452,23,18-24,Female,Research & Development,Healthcare Representative,5490,4K-7K,5,3-5,4,1,0,No,3.0,Medium-High,3,2,Travel_Rarely,9.0,4,Marketing,Single,15539,1194,39,1,4,4,0,2,1,2,No,0
EMP11453,32,25-34,Male,Sales,Sales Representative,2610,<4K,3,3-5,1,2,3,No,4.0,High,3,1,Travel_Frequently,18.0,3,Technical Degree,Divorced,18622,318,97,2,3,3,2,4,2,3,Yes,1
EMP11454,40,35-44,Male,Research & Development,Research Scientist,3750,<4K,5,3-5,2,1,5,No,4.0,High,2,1,Travel_Rarely,12.0,3,Life Sciences,Married,12807,264,86,1,4,2,1,1,3,3,No,0
EMP11455,48,45-54,Male,Research & Development,Laboratory Technician,4210,4K-7K,11,11-20,7,2,5,No,4.0,High,2,1,Travel_Rarely,13.0,5,Other,Married,12985,480,73,1,1,1,1,4,4,2,No,0
EMP11456,33,25-34,Female,Sales,Manager,12080,10K-15K,14,11-20,10,3,2,No,1.0,Low,1,4,Travel_Rarely,11.0,4,Human Resources,Married,16419,1307,102,3,3,3,0,3,2,2,No,0
EMP11457,31,25-34,Male,Sales,Sales Representative,5480,4K-7K,4,3-5,3,3,4,No,4.0,High,4,2,Travel_Rarely,6.0,3,Other,Married,5786,468,104,3,1,3,0,2,3,3,No,0
EMP11458,19,18-24,Female,Sales,Manager,8290,7K-10K,1,0-2,1,1,1,Yes,3.0,Medium-High,3,3,Travel_Rarely,8.0,4,Life Sciences,Married,13304,107,77,4,1,2,3,1,3,2,Yes,1
EMP11459,38,35-44,Female,Research & Development,Healthcare Representative,8300,7K-10K,19,11-20,13,13,1,No,2.0,Medium-Low,3,3,Travel_Rarely,2.0,3,Life Sciences,Single,10629,547,106,2,2,4,0,3,1,2,No,0
EMP11460,55,55+,Male,Sales,Sales Executive,5110,4K-7K,14,11-20,1,4,2,Yes,3.0,Medium-High,1,1,Travel_Rarely,12.0,3,Life Sciences,Married,10296,1277,56,2,3,3,1,1,1,2,No,0
EMP11461,39,35-44,Male,Research & Development,Manufacturing Director,6380,4K-7K,10,6-10,3,1,6,No,4.0,High,3,2,Travel_Rarely,5.0,5,Life Sciences,Married,16872,133,59,3,4,3,1,2,1,2,No,0
EMP11462,37,35-44,Female,Sales,Sales Representative,6970,4K-7K,3,3-5,2,1,3,No,3.0,Medium-High,1,3,Travel_Rarely,14.0,4,Other,Single,14669,596,75,1,3,3,0,3,1,2,No,0
EMP11463,40,35-44,Male,Research & Development,Research Scientist,6040,4K-7K,4,3-5,1,2,4,No,4.0,High,3,2,Travel_Rarely,7.0,4,Life Sciences,Single,9260,963,41,4,3,3,3,2,1,2,No,0
EMP11464,37,35-44,Male,Sales,Sales Executive,12720,10K-15K,10,6-10,7,1,6,Yes,3.0,Medium-High,3,4,Travel_Rarely,29.0,3,Life Sciences,Married,12456,121,89,3,4,3,0,4,1,2,No,0
EMP11465,30,25-34,Male,Human Resources,Human Resources,3530,<4K,1,0-2,1,0,1,No,3.0,Medium-High,4,1,Travel_Rarely,11.0,2,Life Sciences,Single,25016,1271,48,4,3,3,1,0,2,1,No,0
EMP11466,44,35-44,Female,Research & Development,Research Scientist,2350,<4K,11,11-20,2,8,3,No,2.0,Medium-Low,2,1,Travel_Frequently,3.0,2,Life Sciences,Single,26726,762,97,1,1,4,2,3,0,2,No,0
EMP11467,39,35-44,Female,Human Resources,Manager,7720,7K-10K,12,11-20,4,2,3,No,1.0,Low,1,3,Travel_Frequently,3.0,3,Life Sciences,Divorced,15685,689,83,1,1,2,2,2,3,2,No,0
EMP11468,37,35-44,Female,Research & Development,Manufacturing Director,7290,7K-10K,5,3-5,2,5,2,No,3.0,Medium-High,4,3,Travel_Rarely,6.0,4,Human Resources,Single,3793,776,63,2,1,3,2,3,1,3,No,0
EMP11469,28,25-34,Female,Sales,Manager,16230,15K+,10,6-10,6,6,1,Yes,3.0,Medium-High,4,5,Travel_Frequently,5.0,3,Marketing,Married,8956,1222,36,2,1,3,2,2,1,2,No,0
EMP11470,49,45-54,Female,Sales,Sales Executive,4830,4K-7K,8,6-10,3,4,4,No,3.0,Medium-High,3,2,Travel_Frequently,29.0,4,Life Sciences,Married,17808,370,71,3,2,3,1,4,1,2,No,0
