EmployeeID,Age,Gender,Department,JobRole,MonthlyIncome,YearsAtCompany,YearsInCurrentRole,YearsWithCurrentManager,YearsSinceLastPromotion,Overtime,JobSatisfaction,WorkLifeBalance,JobLevel,BusinessTravel,DistanceFromHome,Education,EducationField,MaritalStatus,MonthlyRate,DailyRate,HourlyRate,EnvironmentSatisfaction,RelationshipSatisfaction,JobInvolvement,StockOptionLevel,TrainingTimesLastYear,NumCompaniesWorked,PerformanceRating,Attrition
EMP10001,43,Male,Research & Development,Manufacturing Director,5350,7,2,2,4,No,1.0,3,2,Travel_Frequently,13.0,4,Life Sciences,Married,11524,521,30,1,4,3,2,2,1,2,No
EMP10002,23,Male,Human Resources,Human Resources,5580,5,2,3,2,No,4.0,4,2,Travel_Frequently,4.0,2,Life Sciences,Single,16416,745,60,3,1,2,0,0,2,2,No
EMP10003,46,Male,Sales,Manager,5220,13,1,7,7,No,1.0,2,1,Travel_Rarely,8.0,3,Life Sciences,Single,21128,306,81,3,2,3,0,0,0,2,No
EMP10004,28,Female,Research & Development,Laboratory Technician,3430,1,1,1,1,No,4.0,3,2,Travel_Rarely,25.0,4,Medical,Married,4260,874,72,4,2,3,0,3,1,2,Yes
EMP10005,33,Male,Research & Development,Laboratory Technician,4390,4,2,2,3,No,1.0,3,2,Travel_Rarely,13.0,4,Life Sciences,Married,8120,933,75,3,3,3,1,2,1,2,No
EMP10006,39,Female,Research & Development,Healthcare Representative,4830,6,4,4,2,No,4.0,1,2,Travel_Rarely,19.0,3,Other,Married,5498,687,79,1,3,4,3,2,0,2,Yes
EMP10007,55,Male,Research & Development,Research Director,4400,3,2,1,3,No,2.0,4,2,Travel_Frequently,12.0,2,Life Sciences,Divorced,21797,663,49,3,3,4,0,3,6,2,No
EMP10008,60,Male,Sales,Sales Representative,5640,7,3,3,1,Yes,3.0,3,1,Travel_Rarely,6.0,4,Other,Single,7478,325,91,1,3,3,1,4,2,2,No
EMP10009,42,Male,Research & Development,Research Director,10930,4,1,1,2,No,3.0,1,4,Travel_Rarely,6.0,4,Medical,Married,7798,903,72,1,3,3,2,3,2,2,No
EMP10010,35,Male,Sales,Sales Executive,8460,7,1,5,7,Yes,2.0,4,3,Travel_Rarely,12.0,2,Other,Married,10097,789,34,2,3,3,3,4,3,2,No
EMP10011,42,Male,Research & Development,Research Director,8840,4,1,1,1,No,2.0,4,3,Travel_Rarely,29.0,3,Marketing,Married,18589,205,108,1,4,3,1,1,2,2,Yes
EMP10012,45,Male,Human Resources,Human Resources,3700,4,1,0,4,No,1.0,3,1,Travel_Rarely,8.0,2,Other,Divorced,17695,1199,95,4,2,3,2,2,5,2,No
EMP10013,34,Male,Sales,Sales Executive,11370,7,3,3,1,No,1.0,3,4,Travel_Frequently,10.0,3,Life Sciences,Single,7380,615,41,3,1,3,0,4,1,2,No
EMP10014,53,Male,Research & Development,Research Scientist,8300,10,3,3,2,Yes,2.0,4,3,Travel_Rarely,3.0,1,Technical Degree,Married,20193,1047,86,3,2,3,0,3,0,1,No
EMP10015,39,Male,Research & Development,Laboratory Technician,6480,9,7,7,2,No,3.0,1,3,Travel_Rarely,14.0,3,Other,Married,10939,286,89,3,1,4,0,3,1,2,No
EMP10016,41,Male,Research & Development,Laboratory Technician,4100,6,3,4,6,Yes,4.0,3,1,Travel_Rarely,7.0,3,Life Sciences,Divorced,15164,631,84,4,2,1,1,4,0,2,Yes
EMP10017,43,Female,Research & Development,Laboratory Technician,4490,1,1,0,1,No,4.0,1,2,Travel_Frequently,11.0,3,Life Sciences,Married,12634,374,100,4,2,3,1,3,1,2,No
EMP10018,41,Female,Research & Development,Healthcare Representative,11500,4,2,1,3,No,1.0,3,4,Travel_Rarely,6.0,4,Life  Sciences,Married,18302,638,95,4,1,3,0,5,1,2,No
EMP10019,45,Male,Research & Development,Laboratory Technician,6240,4,2,4,1,Yes,2.0,4,2,Non-Travel,18.0,4,Other,Single,16036,747,101,2,3,3,0,2,3,2,No
EMP10020,31,Male,Research & Development,Laboratory Technician,6270,9,7,3,2,No,4.0,3,2,Non-Travel,16.0,3,Marketing,Married,25326,117,102,1,3,2,0,2,3,2,No
EMP10021,32,Male,Research & Development,Research Scientist,11080,6,5,5,2,No,3.0,3,4,Travel_Rarely,4.0,2,Medical,Married,11953,384,56,3,2,3,0,0,0,2,No
EMP10022,27,Female,Research & Development,Laboratory Technician,5350,7,0,5,2,Yes,1.0,2,2,Travel_Rarely,3.0,4,Life Sciences,Married,15068,1425,57,3,3,3,3,4,1,2,No
EMP10023,41,Male,Research & Development,Research Scientist,5260,3,1,1,3,No,3.0,4,2,Travel_Rarely,8.0,2,Life Sciences,Married,14566,1031,66,2,3,3,3,2,1,2,No
EMP10024,44,Male,Research & Development,Research Scientist,6160,13,1,8,2,Yes,2.0,2,2,Travel_Rarely,5.0,5,Human Resources,Married,20680,1113,108,1,1,3,0,5,1,2,No
EMP10025,41,Male,Research & Development,Manufacturing Director,10950,7,4,4,1,No,1.0,1,4,Travel_Rarely,12.0,4,Life Sciences,Single,6928,1004,48,3,4,3,0,3,0,2,Yes
EMP10026,52,Male,Sales,Sales Representative,3860,3,2,2,1,No,4.0,3,1,Travel_Frequently,15.0,3,Marketing,Single,23533,749,80,3,1,3,2,2,1,3,No
EMP10027,37,Male,Research & Development,Manufacturing Director,5160,3,1,2,3,No,2.0,2,2,Non-Travel,29.0,5,Other,Single,22382,951,42,3,3,3,0,1,2,2,No
EMP10028,43,Female,Research & Development,Laboratory Technician,4730,7,5,5,4,No,4.0,1,2,Travel_Rarely,8.0,2,Life Sciences,Divorced,7934,356,74,3,4,4,3,4,0,2,Yes
EMP10029,27,Male,Research & Development,Laboratory Technician,8410,3,1,2,3,No,4.0,4,3,Travel_Rarely,3.0,3,Technical Degree,Divorced,19322,1342,35,3,3,3,0,3,3,2,No
EMP10030,33,Female,Research & Development,Research Director,4390,4,1,1,4,No,4.0,3,2,Travel_Rarely,6.0,4,Life Sciences,Divorced,23634,743,30,2,3,2,1,3,1,2,Yes
EMP10031,43,Male,Research & Development,Manufacturing Director,6190,2,1,1,2,Yes,2.0,4,3,Travel_Rarely,2.0,3,Marketing,Divorced,14811,456,54,3,4,3,2,4,7,2,No
EMP10032,45,Male,Research & Development,Manufacturing Director,10930,9,2,8,3,No,2.0,3,4,Travel_Rarely,5.0,5,Life Sciences,Single,6555,355,55,4,2,1,0,3,0,2,No
EMP10033,34,Female,Research & Development,Research Scientist,3800,3,2,2,3,No,3.0,1,1,Travel_Rarely,11.0,2,Technical Degree,Married,8538,707,42,1,2,3,0,2,2,2,No
EMP10034,36,Male,Sales,Sales Executive,7350,15,13,12,2,Yes,2.0,1,2,Non-Travel,9.0,3,Life Sciences,Divorced,26079,1397,48,3,3,3,2,4,9,2,No
EMP10035,23,Female,Human Resources,Human Resources,4510,5,3,0,3,No,4.0,4,1,Travel_Frequently,14.0,3,Medical,Married,8556,433,39,2,4,3,3,4,1,3,No
EMP10036,34,Male,Sales,Sales Executive,2830,2,1,1,2,No,1.0,1,1,Travel_Frequently,6.0,4,Marketing,Single,20548,1491,74,1,3,2,1,3,1,3,No
EMP10037,45,Male,Research & Development,Manufacturing Director,5710,9,6,8,1,No,4.0,3,2,Travel_Rarely,2.0,3,Life Sciences,Married,23652,114,100,3,4,3,2,4,3,2,No
EMP10038,42,Female,Research & Development,Manufacturing Director,11810,13,5,6,13,No,3.0,2,4,Travel_Frequently,28.0,3,Technical Degree,Single,24636,278,44,3,2,2,3,4,3,2,No
EMP10039,41,Male,Sales,Sales Representative,8220,6,4,5,5,No,4.0,3,3,Travel_Rarely,7.0,4,Life Sciences,Single,8121,187,60,3,4,4,0,2,3,2,No
EMP10040,37,Female,Research & Development,Healthcare Representative,4270,14,5,6,2,No,3.0,2,1,Travel_Rarely,1.0,2,Technical Degree,Married,21257,193,37,1,4,3,0,2,4,2,Yes
EMP10041,37,Male,Research & Development,Research Director,3950,8,3,2,2,No,3.0,1,1,Travel_Rarely,10.0,4,Life Sciences,Divorced,3450,944,59,3,3,3,0,6,0,2,No
EMP10042,31,Female,Research & Development,Healthcare Representative,4970,4,2,2,4,No,4.0,3,2,Travel_Frequently,12.0,3,Technical Degree,Married,7105,127,30,2,4,3,0,5,2,3,No
EMP10043,43,Male,Research & Development,Manager,6790,20,8,3,7,No,1.0,2,2,Travel_Rarely,2.0,4,Life Sciences,Married,7636,796,45,2,2,3,2,3,4,2,No
EMP10044,41,Male,Sales,Sales Executive,4120,2,1,1,1,No,1.0,3,1,Non-Travel,8.0,4,Medical,Married,3203,174,40,2,4,4,0,4,1,2,No
EMP10045,41,Female,Research & Development,Research Scientist,8260,5,2,1,3,Yes,3.0,3,3,Travel_Rarely,12.0,3,Life Sciences,Divorced,9052,153,56,4,4,3,0,1,2,2,No
EMP10046,32,Female,Sales,Sales Executive,11230,6,4,4,3,Yes,3.0,3,4,Non-Travel,18.0,3,Technical Degree,Single,22875,420,69,1,1,3,0,2,2,1,No
EMP10047,18,Female,Research & Development,Manufacturing Director,4230,0,0,0,0,No,2.0,2,2,Travel_Rarely,20.0,4,Life Sciences,Married,21408,859,73,2,3,3,0,1,1,2,No
EMP10048,47,Female,Research & Development,Manager,9670,9,6,5,4,Yes,1.0,3,3,Travel_Rarely,13.0,3,Other,Single,24528,1357,99,2,3,4,0,3,1,3,No
EMP10049,33,Female,Research & Development,Research Scientist,5510,8,2,7,3,No,1.0,4,2,Travel_Rarely,17.0,5,Other,Married,20439,729,86,3,1,2,0,3,0,2,No
EMP10050,29,Male,Research & Development,Manager,5340,3,1,2,3,No,4.0,3,2,Non-Travel,18.0,3,Life Sciences,Single,4191,1353,77,3,1,3,2,4,1,2,Yes
EMP10051,43,Male,Human Resources,Human Resources,5920,5,3,4,3,No,3.0,3,2,Travel_Rarely,11.0,2,Marketing,Divorced,16610,431,69,3,1,3,2,3,4,2,No
EMP10052,33,Male,Sales,Manager,3880,4,3,3,1,No,4.0,4,1,Travel_Rarely,23.0,3,Life Sciences,Single,26216,416,68,3,3,1,2,4,4,2,Yes
EMP10053,47,Male,Sales,Sales Executive,11610,8,3,7,8,Yes,2.0,4,4,Travel_Rarely,22.0,5,Life Sciences,Single,14574,200,32,1,3,3,2,4,1,2,No
EMP10054,43,Male,Sales,Sales Executive,6610,12,10,11,6,Yes,4.0,2,2,Travel_Rarely,2.0,3,Technical Degree,Married,12729,347,84,4,4,3,3,6,0,3,Yes
EMP10055,43,Male,Research & Development,Manufacturing Director,6610,23,5,5,7,No,3.0,4,2,Travel_Rarely,11.0,4,Technical Degree,Married,11857,960,30,3,2,2,0,5,1,2,No
EMP10056,24,Male,Sales,Sales Executive,3790,4,2,1,4,Yes,3.0,1,1,Travel_Rarely,9.0,4,Marketing,Married,23112,969,52,1,3,3,3,5,0,2,Yes
EMP10057,48,Female,Research & Development,Research Scientist,4420,2,1,1,2,No,2.0,4,1,Travel_Rarely,4.0,3,Life Sciences,Single,7690,320,96,3,1,3,1,4,1,2,No
EMP10058,39,Male,Research & Development,Laboratory Technician,3200,5,4,1,0,No,1.0,2,1,Travel_Frequently,11.0,2,Life Sciences,Single,23208,1462,91,3,3,3,0,2,3,2,Yes
EMP10059,34,Male,Research & Development,Research Director,5920,11,5,5,4,No,4.0,3,2,Travel_Rarely,21.0,4,Life Sciences,Divorced,21395,247,63,1,4,2,1,3,1,2,No
EMP10060,38,Male,Research & Development,Manufacturing Director,6390,3,0,2,2,Yes,4.0,4,2,Travel_Rarely,6.0,3,Technical Degree,Married,9619,1112,46,4,2,3,0,6,2,2,Yes
EMP10061,21,Female,Research & Development,Laboratory Technician,2840,3,1,3,3,No,2.0,2,1,Travel_Frequently,8.0,4,Medical,Divorced,26819,1419,77,3,2,4,0,4,0,2,Yes
EMP10062,41,Female,Research & Development,Manufacturing Director,5140,8,2,3,8,No,4.0,2,2,Travel_Rarely ,12.0,3,Technical Degree,Married,10331,680,82,3,3,2,0,2,3,2,No
EMP10063,28,Female,Sales,Sales Representative,7360,4,2,3,4,Yes,2.0,3,2,Non-Travel,13.0,3,Life Sciences,Married,4448,577,90,2,2,2,0,3,1,2,Yes
EMP10064,25,Male,Research & Development,Research Scientist,5170,7,3,5,3,No,3.0,3,2,Travel_Frequently,13.0,4,Life Sciences,Married,2724,1147,40,2,3,4,2,1,3,2,No
EMP10065,23,Male,Research & Development,Laboratory Technician,5020,3,1,2,3,No,4.0,1,2,Non-Travel,2.0,3,Life Sciences,Married,14451,982,44,4,2,4,0,2,3,2,No
EMP10066,47,Male,Research & Development,Research Scientist,11910,13,8,11,6,Yes,2.0,3,4,Travel_Rarely,27.0,3,Life Sciences,Divorced,18487,1309,40,3,2,3,2,3,1,3,No
EMP10067,31,Male,Research & Development,Research Scientist,5060,5,3,1,5,Yes,2.0,3,2,Travel_Rarely,14.0,3,Life Sciences,Single,6047,269,36,3,3,2,0,4,0,2,No
EMP10068,51,Male,Sales,Sales Representative,4240,7,4,1,5,No,3.0,2,2,Travel_Rarely,29.0,3,Human Resources,Married,2062,537,76,3,4,2,0,2,1,2,No
EMP10069,32,Male,Research & Development,Research Scientist,3110,1,1,0,1,No,3.0,3,1,Travel_Rarely,14.0,3,Other,Married,4062,1116,37,4,3,2,0,2,0,2,Yes
EMP10070,21,Male,Human Resources,Human Resources,3950,3,1,2,2,Yes,1.0,1,1,Travel_Rarely,6.0,4,Medical,Married,21949,400,34,3,1,3,2,1,1,2,No
EMP10071,27,Female,Sales,Sales Representative,5210,9,4,5,2,Yes,1.0,2,1,Travel_Rarely,10.0,3,Medical,Married,8584,787,95,1,2,3,3,3,1,2,Yes
EMP10072,48,Female,Research & Development,Research Scientist,3980,4,2,1,1,Yes,4.0,3,2,Travel_Frequently,6.0,3,Life Sciences,Single,25052,1487,92,3,4,1,0,0,1,2,Yes
EMP10073,35,Male,Research & Development,Manufacturing Director,3690,3,1,2,2,Yes,2.0,4,1,Non-Travel,18.0,4,Other,Single,23206,1087,50,3,4,3,3,2,0,4,No
EMP10074,32,Male,Sales,Sales Executive,2790,2,1,2,2,Yes,1.0,3,1,Travel_Frequently,14.0,3,Life Sciences,Single,17847,1300,100,4,1,3,2,3,3,3,Yes
EMP10075,38,Male,Sales,Manager,7840,12,8,5,3,No,4.0,1,3,Travel_Rarely,14.0,3,Other,Divorced,16646,243,41,3,4,3,0,0,1,2,No
EMP10076,41,Male,Sales,Sales Executive,3980,9,5,5,9,No,2.0,3,1,Non-Travel,2.0,5,Medical,Divorced,14264,622,40,2,4,3,1,1,3,2,Yes
EMP10077,47,Female,Sales,Sales Representative,5140,9,3,4,2,No,1.0,4,1,Travel_Frequently,27.0,4,Life Sciences,Single,6833,758,83,1,2,2,2,3,3,2,Yes
EMP10078,50,Male,Research & Development,Manufacturing Director,5410,16,4,15,7,Yes,4.0,3,1,Travel_Rarely,15.0,3,Other,Single,22030,584,39,3,3,4,1,3,3,2,No
EMP10079,34,Female,Research & Development,Research Scientist,7170,5,1,1,5,No,4.0,3,3,Travel_Rarely,1.0,4,Life Sciences,Single,11982,921,45,3,3,3,1,3,6,2,Yes
EMP10080,25,Male,Research & Development,Manufacturing Director,2350,2,1,2,2,Yes,1.0,4,1,Travel_Rarely,10.0,2,Marketing,Single,16291,294,44,1,2,3,1,3,1,2,No
EMP10081,33,Female,Sales,Manager,5690,6,2,2,3,Yes,4.0,3,2,Travel_Rarely,15.0,3,Marketing,Married,18513,565,87,3,1,4,0,0,1,2,No
EMP10082,39,Male,Research & Development,Manufacturing Director,5460,17,13,5,2,No,4.0,3,2,Travel_Rarely,10.0,3,Life Sciences,Single,5015,1077,108,4,2,1,0,4,3,2,No
EMP10083,28,Female,Research & Development,Research Director,4420,6,2,1,6,Yes,3.0,3,2,Travel_Rarely,23.0,3,Medical,Divorced,17825,1199,33,1,4,3,1,2,1,2,No
EMP10084,28,Male,Research & Development,Research Director,6360,10,3,7,3,No,3.0,2,2,Travel_Frequently,6.0,3,Technical Degree,Married,26053,1283,51,3,4,3,2,2,1,2,No
EMP10085,40,Female,Research & Development,Research Scientist,7270,2,0,1,2,Yes,2.0,2,3,Non-Travel,12.0,2,Technical Degree,Single,7290,589,64,1,2,2,2,0,2,2,No
EMP10086,36,Male,Research & Development,Research Scientist,3050,3,2,1,3,No,1.0,3,1,Travel_Rarely,5.0,2,Life Sciences,Married,19310,199,43,1,3,3,1,2,3,2,Yes
EMP10087,37,Male,Sales,Sales Representative,3840,10,3,7,5,No,3.0,3,1,Non-Travel,7.0,5,Other,Married,3980,215,60,1,3,4,0,4,1,2,No
EMP10088,30,Female,Research & Development,Laboratory Technician,4330,7,4,2,2,No,4.0,2,1,Non-Travel,1.0,3,Life Sciences,Single,7525,479,103,3,3,2,0,3,0,2,No
EMP10089,35,Female,Sales,Sales Representative,4210,5,2,3,4,No,3.0,1,1,Travel_Frequently,10.0,3,Life Sciences,Married,3819,923,99,4,3,3,3,3,3,2,Yes
EMP10090,28,Female,Research & Development,Manager,4650,10,6,8,8,Yes,1.0,4,1,Travel_Frequently,7.0,2,Life Sciences,Single,7107,162,40,3,3,3,0,2,3,2,No
EMP10091,45,Female,Research & Development,Laboratory Technician,3310,10,7,4,1,Yes,2.0,4,1,Travel_Rarely,14.0,2,Life Sciences,Single,14736,231,65,2,1,3,1,3,1,3,No
EMP10092,46,Female,Sales,Sales Executive,5590,7,2,3,7,No,3.0,3,2,Travel_Rarely,16.0,4,Life Sciences,Single,13480,1371,103,1,2,3,0,1,2,2,No
EMP10093,20,Male,Sales,Sales Representative,4480,1,1,1,1,No,3.0,3,2,Travel_Frequently,2.0,3,Other,Divorced,6783,494,109,3,3,2,0,3,4,2,Yes
EMP10094,28,Male,Research & Development,Research Scientist,4930,6,2,5,6,No,1.0,1,2,Non-Travel,5.0,3,Life Sciences,Married,4895,742,53,1,3,2,0,2,3,2,No
EMP10095,23,Male,Sales,Sales Representative,5830,5,4,3,5,No,3.0,3,2,Travel_Rarely,9.0,3,Life Sciences,Married,20140,1075,69,4,3,4,2,1,3,2,Yes
EMP10096,31,Female,Research & Development,Laboratory Technician,2620,1,1,0,1,Yes,4.0,3,1,Travel_Rarely,23.0,4,Life Sciences,Divorced,20711,1013,71,2,3,3,1,4,2,3,No
EMP10097,36,Male,Research & Development,Healthcare Representative,4030,8,2,3,7,No,1.0,3,1,Travel_Frequently,6.0,2,Technical Degree,Single,12320,769,50,2,3,3,1,1,7,2,No
EMP10098,24,Male,Research & Development,Research Scientist,4690,6,3,4,4,Yes,2.0,3,2,Travel_Rarely,1.0,2,Other,Divorced,21580,827,80,2,3,3,3,4,2,2,No
EMP10099,29,Male,Research & Development,Manufacturing Director,4280,6,2,4,2,Yes,2.0,3,1,Travel_Rarely,20.0,3,Life Sciences,Married,5653,1449,84,3,4,3,0,4,0,3,No
EMP10100,28,Female,Research & Development,Laboratory Technician,2620,3,2,1,2,No,4.0,2,1,Travel_Rarely,13.0,3,Life Sciences,Married,17949,645,33,2,2,3,0,2,1,2,No
EMP10101,39,Male,Research & Development,Manufacturing Director,5660,1,0,1,1,Yes,3.0,1,2,Travel_Rarely,13.0,3,Life Sciences,Divorced,13353,474,91,2,4,3,0,4,1,2,No
EMP10102,38,Male,Research & Development,Research Scientist,11850,8,5,5,6,No,3.0,4,4,Travel_Frequently,20.0,4,Life Sciences,Married,12619,943,54,3,2,1,0,2,2,2,No
EMP10103,30,Male,Research & Development,Healthcare Representative,3840,1,1,0,1,Yes,4.0,1,2,Travel_Rarely,11.0,4,Life Sciences,Divorced,15147,397,99,3,3,4,2,2,1,2,No
EMP10104,39,Male,Research & Development,Research Director,5570,9,6,5,3,Yes,2.0,2,1,Travel_Rarely,24.0,4,Medical,Divorced,8254,1402,43,4,3,3,2,1,1,2,Yes
EMP10105,32,Male,Sales,Sales Executive ,9840,14,1,9,7,Yes,1.0,3,3,Travel_Rarely,15.0,3,Life Sciences,Single,6259,1095,70,2,2,4,1,3,3,1,No
EMP10106,34,Female,Research & Development,Research Scientist,5410,3,2,2,3,No,3.0,2,2,Travel_Rarely,14.0,2,Medical,Single,2414,395,86,1,4,3,1,1,6,2,No
EMP10107,52,Female,Research & Development,Research Scientist,5330,5,2,3,1,No,3.0,3,2,Travel_Rarely,4.0,3,Life Sciences,Single,8337,214,67,3,2,3,3,2,0,3,No
EMP10108,49,Female,Sales,Sales Representative,9390,17,4,10,1,Yes,2.0,3,3,Travel_Rarely,3.0,5,Other,Single,10146,592,91,1,3,3,1,3,1,2,Yes
EMP10109,25,Male,Research & Development,Manufacturing Director,5070,6,2,2,1,Yes,1.0,2,2,Travel_Rarely,22.0,3,Other,Married,15787,1180,70,3,4,3,0,3,0,2,No
EMP10110,44,Female,Research & Development,Manufacturing Director,4560,4,2,2,3,Yes,3.0,1,1,Non-Travel,3.0,4,Marketing,Single,17020,978,74,1,1,3,2,5,1,2,No
EMP10111,44,Male,Research & Development,Research Scientist,3890,11,6,1,1,Yes,4.0,1,2,Travel_Frequently,28.0,1,Life Sciences,Single,12260,1265,109,4,4,3,2,4,1,2,Yes
EMP10112,26,Male,Research & Development,Laboratory Technician,4520,4,2,0,3,No,1.0,3,2,Travel_Frequently,18.0,3,Life Sciences,Married,21254,818,45,2,3,3,1,4,2,2,No
EMP10113,44,Female,Sales,Sales Representative,4350,3,2,0,2,No,3.0,4,2,Travel_Rarely,7.0,2,Medical,Divorced,8252,751,48,3,4,3,0,3,2,2,No
EMP10114,51,Male,Sales,Sales Executive,6050,9,5,6,1,No,4.0,1,2,Travel_Rarely,6.0,3,Technical Degree,Single,2398,718,66,4,3,3,0,2,1,2,No
EMP10115,27,Male,Research & Development,Manager,10590,9,7,5,1,Yes,1.0,3,4,Travel_Rarely,7.0,5,Medical,Single,22354,508,108,4,3,3,1,3,1,2,No
EMP10116,29,Female,Sales,Sales Executive,8460,3,1,2,3,Yes,3.0,3,3,Travel_Rarely,4.0,5,Other,Single,10320,1201,90,3,2,3,0,2,1,2,No
EMP10117,46,Male,Sales,Sales Representative,8130,7,5,1,3,No,3.0,2,3,Travel_Rarely,16.0,3,Other,Divorced,24954,1125,55,4,3,1,1,2,2,2,No
EMP10118,39,Female,Research & Development,Laboratory Technician,7340,5,1,2,2,No,2.0,3,3,Non-Travel,15.0,3,Life Sciences,Married,19434,885,108,3,1,4,0,3,2,2,No
EMP10119,42,Male,Sales,Sales Executive,9750,6,2,3,2,No,4.0,3,4,Travel_Frequently,9.0,5,Marketing,Divorced,4952,134,93,1,3,3,1,2,2,2,No
EMP10120,40,Female,Research & Development,Healthcare Representative,4010,3,1,2,3,No,4.0,3,1,Travel_Rarely,3.0,4,Life Sciences,Divorced,18727,494,42,4,1,3,0,2,0,1,No
EMP10121,40,Male,Sales,Sales Representative,4380,9,7,4,3,No,4.0,4,1,Travel_Frequently,27.0,2,Life Sciences,Divorced,11616,1341,63,3,2,2,3,4,0,2,No
EMP10122,25,Male,Sales,Manager,4530,7,2,2,7,Yes,2.0,2,2,Travel_Rarely,4.0,3,Medical,Single,2603,1190,52,1,1,3,0,1,0,2,Yes
EMP10123,46,Female,Research & Development,Research Scientist,7250,3,1,2,3,No,4.0,2,3,Travel_Rarely,8.0,3,Life Sciences,Married,15606,1192,49,4,4,1,1,1,6,2,No
EMP10124,48,Male,Research & Development,Research Scientist,5780,9,0,8,9,No,3.0,3,2,Travel_Rarely,6.0,3,Other,Divorced,11782,1347,83,3,3,3,0,5,1,2,No
EMP10125,35,Male,Research & Development,Healthcare Representative,7030,11,5,4,6,No,2.0,1,2,Travel_Rarely,4.0,3,Life Sciences,Single,9036,460,102,4,3,2,0,2,6,2,No
EMP10126,37,Male,Research & Development,Manufacturing Director,3830,7,3,0,5,No,1.0,2,1,Travel_Frequently,2.0,3,Medical,Married,6828,557,87,4,4,3,2,5,2,3,Yes
EMP10127,23,Male,Sales,Sales Executive,3190,5,0,3,1,No,4.0,4,1,Travel_Frequently,3.0,3,Marketing,Married,24316,393,88,2,3,3,0,1,0,2,Yes
EMP10128,42,Male,Sales,Sales Executive,4950,4,2,1,1,No,3.0,3,2,Travel_Frequently,6.0,2,Technical Degree,Married,22635,1449,49,2,1,3,1,3,2,2,No
EMP10129,42,Male,Research & Development,Research Scientist,3580,14,9,7,1,No,4.0,3,1,Travel_Rarely,10.0,3,Life Sciences,Divorced,8583,1326,68,3,3,2,0,4,1,2,Yes
EMP10130,36,Female,Research & Development,Manager,4860,12,5,7,3,No,1.0,2,1,Travel_Rarely,22.0,4,Other,Married,4148,692,107,3,4,2,1,2,6,2,Yes
EMP10131,47,Male,Research & Development,Research Scientist,4790,13,2,2,6,No,4.0,2,1,Travel_Rarely,6.0,4,Marketing,Married,8044,1054,61,1,2,2,2,5,1,2,No
EMP10132,34,Male,Research & Development,Laboratory Technician,3570,2,1,1,2,Yes,1.0,2,1,Travel_Frequently,6.0,3,Medical,Married,19131,396,70,1,3,3,3,2,0,2,Yes
EMP10133,42,Male,Research & Development,Research Scientist,5490,8,4,4,2,No,1.0,4,2,Travel_Rarely,3.0,5,Life Sciences,Married,5356,1045,98,1,3,2,1,4,2,2,No
EMP10134,28,Male,Research & Development,Laboratory Technician,3410,4,2,3,4,No,4.0,4,1,Travel_Rarely,6.0,4,Medical,Divorced,7188,360,97,3,2,2,2,2,1,2,Yes
EMP10135,37,Female,Sales,Sales Executive,6570,15,10,11,2,No,1.0,3,2,Travel_Rarely,9.0,3,Human Resources,Divorced,24282,888,50,1,4,3,2,5,3,2,Yes
EMP10136,35,Male,Research & Development,Manufacturing Director,3970,3,1,2,3,No,3.0,1,1,Travel_Frequently,7.0,2,Marketing,Divorced,2385,1255,53,2,2,3,0,3,3,3,No
EMP10137,39,Female,Research & Development,Research Scientist,7350,7,3,4,1,No,4.0,3,3,Travel_Rarely,6.0,4,Other,Married,17811,1448,45,3,1,3,2,6,1,2,No
EMP10138,34,Male,Sales,Sales Representative,4390,1,1,0,1,Yes,4.0,4,1,Travel_Rarely,12.0,4,Medical,Married,6233,1191,61,1,4,4,1,4,1,3,No
EMP10139,36,Female,Research & Development,Research Scientist,5710,7,4,3,4,No,3.0,4,2,Travel_Rarely,15.0,5,Life Sciences,Single,8246,1249,55,2,3,3,0,4,3,2,No
EMP10140,44,Male,Human Resources,Human Resources,6390,2,1,2,0,Yes,3.0,3,2,Travel_Frequently,14.0,4,Life Sciences,Single,3735,501,32,4,2,3,3,1,4,2,No
EMP10141,33,Female,Human Resources,Manager,3090,8,5,4,2,No,3.0,3,1,Travel_Rarely,8.0,3,Life Sciences,Single,20941,926,36,3,2,3,0,3,2,2,Yes
EMP10142,22,Male,Research & Development,Healthcare Representative,7290,4,0,3,4,No,1.0,3,3,Travel_Rarely,17.0,3,Technical Degree,Married,15686,435,45,2,4,3,1,2,2,2,No
EMP10143,53,Male,Research & Development,Manufacturing Director,4690,5,4,4,1,No,2.0,1,2,Travel_Rarely,8.0,2,Human Resources,Single,6822,1061,82,4,2,3,1,3,2,2,No
EMP10144,49,Male,Research & Development,Laboratory Technician,5910,15,13,4,3,No,2.0,3,2,Travel_Frequently,18.0,3,Life Sciences,Single,3178,128,33,2,3,4,1,3,2,2,Yes
EMP10145,25,Male,Research & Development,Laboratory Technician,3610,7,5,3,1,No,2.0,3,1,Travel_Frequently,27.0,3,Medical,Single,16422,903,74,3,2,3,1,2,1,2,No
EMP10146,43,Female,Research & Development,Healthcare Representative,11340,2,1,1,2,No,2.0,3,4,Travel_Frequently,11.0,4,Medical,Married,2879,943,61,2,4,3,0,3,9,2,Yes
EMP10147,32,Male,Research & Development,Manager,6640,5,2,4,4,No,2.0,3,3,Non-Travel,23.0,3,Medical,Single,19889,144,107,3,3,3,0,3,2,2,No
EMP10148,39,Male,Research & Development,Healthcare Representative,5870,10,2,5,4,Yes,2.0,3,1,Travel_Rarely,11.0,4,Life Sciences,Married,23712,1224,87,2,3,3,0,1,0,3,Yes
EMP10149,40,Female,Research & Development,Manufacturing Director,4020,8,6,4,4,No,2.0,3,1,Travel_Frequently,23.0,3,Life Sciences,Married,19390,1349,42,2,3,3,0,4,1,2,No
EMP10150,35,Male,Research & Development,Healthcare Representative,8450,10,3,6,4,Yes,3.0,1,3,Travel_Frequently,16.0,3,Life Sciences,Married,7297,518,51,3,4,2,2,3,1,2,Yes
EMP10151,30,Female,Sales,Sales Executive,5290,6,1,6,3,No,1.0,4,2,Travel_Rarely,7.0,2,Life Sciences,Divorced,5657,715,73,3,4,4,2,4,0,2,No
EMP10152,31,Female,Research & Development,Research Scientist,8400,12,10,11,6,No,4.0,3,3,Non-Travel,17.0,3,Life Sciences,Single,23493,361,73,3,3,3,1,3,2,3,No
EMP10153,29,Male,Research & Development,Manufacturing Director,5290,7,1,3,1,Yes,4.0,3,2,Travel_Rarely,2.0,4,Life Sciences,Divorced,12497,864,59,3,4,3,0,0,0,2,Yes
EMP10154,29,Female,Research & Development,Manager,6350,8,2,7,8,No,2.0,2,2,Travel_Rarely,8.0,4,Marketing,Married,18656,391,52,3,2,4,1,2,1,2,No
EMP10155,36,Male,Human Resources,Human Resources,4900,2,1,1,2,No,1.0,4,2,Travel_Rarely,10.0,5,Life Sciences,Single,4895,1335,41,4,2,4,0,5,1,2,No
EMP10156,30,Male,Research & Development,Healthcare Representative,4680,6,2,4,1,No,4.0,3,1,Non-Travel,8.0,3,Other,Single,5095,1359,43,3,4,3,2,4,1,2,No
EMP10157,43,Male,Sales,Sales Executive,5820,10,7,10,8,No,4.0,3,2,Travel_Rarely,3.0,3,Life Sciences,Divorced,19990,633,65,1,3,3,0,1,1,2,No
EMP10158,50,Male,Sales,Sales Executive,11810,7,2,1,3,Yes,1.0,4,4,Travel_Frequently,10.0,3,Life Sciences,Married,4447,1192,74,4,4,3,1,3,1,2,No
EMP10159,32,Female,Research & Development,Research Scientist,3790,6,2,2,2,Yes,1.0,4,1,Travel_Rarely,8.0,3,Life Sciences,Single,8496,1369,101,4,1,3,1,2,0,2,Yes
EMP10160,39,Female,Sales,Sales Executive,5520,8,1,6,1,No,1.0,3,2,Travel_Rarely,4.0,4,Life Sciences,Divorced,3324,674,53,4,3,2,3,0,5,2,No
EMP10161,41,Male,Research & Development,Healthcare Representative,6030,7,4,3,2,No,3.0,1,2,Travel_Rarely,28.0,4,Other,Married,12249,336,32,3,3,4,0,5,3,4,No
EMP10162,41,Male,Research & Development,Laboratory Technician,6410,6,5,4,6,No,4.0,4,2,Travel_Rarely,6.0,4,Life Sciences,Married,22286,1454,107,3,4,3,0,3,1,2,No
EMP10163,38,Female,Research & Development,Healthcare Representative,7890,10,6,3,2,No,4.0,4,3,Non-Travel,7.0,3,Other,Divorced,25594,462,80,4,1,3,3,3,2,2,No
EMP10164,44,Male,Research & Development,Research Director,8580,5,4,2,5,Yes,3.0,1,3,Travel_Rarely,12.0,4,Other,Married,21506,630,104,1,4,3,0,1,5,2,Yes
EMP10165,41,Male,Research & Development,Manager,2940,2,0,1,2,No,4.0,3,1,Travel_Rarely,7.0,2,Marketing,Single,23250,842,84,4,2,3,2,1,0,2,Yes
EMP10166,26,Male,Sales,Sales Executive,15530,8,4,5,1,No,2.0,3,5,Travel_Frequently,9.0,4,Marketing,Married,20113,564,67,2,3,4,2,1,1,2,No
EMP10167,45,Female,Research & Development,Laboratory Technician,8620,4,2,1,2,Yes,3.0,1,3,Travel_Rarely,16.0,3,Technical Degree,Divorced,7354,1352,49,1,3,3,0,5,1,2,No
EMP10168,45,Male,Research & Development,Research Scientist,7860,2,1,1,2,No,2.0,1,3,Non-Travel,2.0,3,Life Sciences,Single,22969,481,31,2,3,3,0,0,1,3,Yes
EMP10169,30,Female,Research & Development,Manager,6060,9,9,4,4,Yes,2.0,3,2,Travel_Frequently,23.0,3,Technical Degree,Single,21106,226,55,3,3,3,0,5,4,2,No
EMP10170,37,Female,Research & Development,Manager,8430,16,3,10,10,No,2.0,4,3,Non-Travel,7.0,5,Life Sciences,Single,23060,757,31,1,4,4,2,1,1,2,No
EMP10171,43,Male,Sales,Sales Executive,4140,9,5,5,3,No,3.0,1,1,Travel_Frequently,3.0,2,Life Sciences,Single,4894,1237,96,1,2,3,2,1,5,2,No
EMP10172,35,Male,Research & Development,Research Director,5280,13,10,7,6,No,4.0,4,1,Travel_Rarely,8.0,3,Medical,Single,26032,342,103,3,3,4,2,3,1,2,No
EMP10173,47,Female,Research & Development,Manufacturing Director,7370,3,0,1,3,No,3.0,4,3,Travel_Rarely,9.0,4,Marketing,Divorced,18128,1268,71,3,2,2,1,2,1,2,No
EMP10174,58,Male,Research & Development,Manufacturing Director,3550,2,0,0,2,Yes,1.0,4,1,Non-Travel,2.0,3,Other,Divorced,16795,652,69,4,4,2,0,3,1,1,No
EMP10175,30,Female,Research & Development,Research Scientist,3610,5,4,2,1,Yes,1.0,2,1,Travel_Rarely,15.0,2,Life Sciences,Single,3961,538,38,2,3,2,0,2,1,2,Yes
EMP10176,24,Female,Research & Development,Healthcare Representative,8990,6,5,4,3,No,2.0,3,3,Travel_Rarely,3.0,3,Human Resources,Married,24952,1461,31,2,3,2,3,2,2,2,Yes
EMP10177,40,Female,Sales,Sales Executive,8500,8,1,3,3,No,2.0,2,3,Travel_Rarely,12.0,3,Life Sciences,Married,14616,507,57,1,3,2,2,2,0,2,No
EMP10178,43,Female,Research & Development,Research Director,4300,9,6,8,8,Yes,3.0,4,1,Non-Travel,12.0,4,Life Sciences,Single,6862,688,32,3,3,2,0,4,3,2,Yes
EMP10179,35,Female,Sales,Sales Representative,6810,6,2,4,6,Yes,1.0,3,3,Travel_Frequently,8.0,4,Life Sciences,Single,21059,1291,45,2,2,4,0,4,0,3,No
EMP10180,50,Female,Research & Development,Healthcare Representative,6390,5,1,3,5,No,4.0,1,2,Travel_Frequently,6.0,3,Life Sciences,Single,20323,895,33,2,4,3,2,3,1,3,No
EMP10181,25,Male,Research & Development,Research Scientist,4740,7,5,4,2,No,4.0,2,2,Travel_Rarely,18.0,5,Life Sciences,Married,18397,1290,52,3,3,3,0,4,0,2,No
EMP10182,43,Male,Research & Development,Laboratory Technician,7210,5,1,1,2,No,2.0,3,3,Travel_Rarely,7.0,3,Medical,Single,17225,1288,106,4,3,3,1,3,1,2,No
EMP10183,31,Male,Sales,Sales Executive,5730,4,1,1,2,No,3.0,4,2,Travel_Rarely,9.0,2,Human Resources,Single,15014,741,35,1,3,2,0,3,2,2,No
EMP10184,53,Female,Sales,Sales Executive,5270,8,4,4,3,Yes,1.0,3,1,Travel_Rarely,6.0,3,Medical,Single,19129,1385,103,3,4,3,0,3,3,2,Yes
EMP10185,55,Male,Research & Development,Research Scientist,1900,5,3,3,1,No,3.0,3,1,Travel_Frequently,6.0,3,Medical,Divorced,26546,663,84,1,1,2,0,2,3,2,No
EMP10186,30,Female,Sales,Manager,4800,7,6,5,1,No,4.0,1,2,Travel_Rarely,5.0,2,Other,Married,16515,1384,37,2,1,2,0,2,0,2,No
EMP10187,32,Male,Sales,Sales Representative,5410,1,0,1,1,No,3.0,4,2,Travel_Rarely,9.0,5,Technical Degree,Married,12202,1298,102,2,2,4,0,3,2,2,Yes
EMP10188,45,Female,Research & Development,Laboratory Technician,7640,7,2,3,4,No,1.0,3,3,Travel_Rarely,9.0,4,Medical,Divorced,16640,910,93,3,3,3,0,4,2,3,Yes
EMP10189,33,Male,Research & Development,Laboratory Technician,7220,5,2,0,2,Yes,4.0,4,3,Travel_Rarely,6.0,3,Life Sciences,Single,6570,1219,96,3,2,4,0,4,2,2,No
EMP10190,36,Female,Research & Development,Laboratory Technician,5190,14,5,3,1,Yes,3.0,3,2,Travel_Frequently,6.0,3,Other,Married,9709,1480,70,4,3,3,0,4,1,2,No
EMP10191,37,Male,Research & Development,Manufacturing Director,7030,2,1,1,2,Yes,3.0,3,3,Travel_Rarely,21.0,4,Marketing,Single,4946,469,69,4,1,2,0,1,1,2,No
EMP10192,19,Male,Sales,Sales Executive,3450,1,0,0,1,No,3.0,3,1,Travel_Rarely,10.0,5,Life Sciences,Single,14811,1006,56,3,4,3,0,4,1,2,No
EMP10193,37,Male,Sales,Manager,4410,10,2,1,1,No,1.0,1,1,Travel_Rarely,19.0,4,Life Sciences,Divorced,5182,1265,68,2,3,3,1,2,1,2,Yes
EMP10194,31,Female,Research & Development,Manufacturing Director,8710,5,3,4,5,Yes,3.0,2,3,Non-Travel,11.0,3,Human Resources,Married,21870,869,82,4,2,4,3,3,0,2,Yes
EMP10195,32,Male,Research & Development,Manager,3080,5,1,3,2,No,3.0,1,1,Travel_Rarely,5.0,4,Life Sciences,Single,8564,1290,69,4,2,2,0,4,0,2,Yes
EMP10196,50,Male,Research & Development,Research Director,5050,10,6,5,4,No,4.0,3,1,Travel_Frequently,10.0,3,Other,Single,22890,1442,81,4,4,3,0,1,3,1,No
EMP10197,25,Female,Sales,Sales Executive,6980,7,1,2,7,Yes,1.0,3,2,Travel_Rarely,12.0,3,Life Sciences,Married,22462,757,66,1,3,3,0,3,4,3,No
EMP10198,44,Female,Sales,Manager,5290,9,7,5,5,No,2.0,2,2,Travel_Rarely,4.0,2,Human Resources,Married,3907,1092,96,3,4,2,2,3,1,2,No
EMP10199,34,Female,Sales,Sales Executive,7250,4,1,2,1,No,4.0,3,3,Travel_Rarely,3.0,2,Life Sciences,Single,5991,1458,48,4,2,3,0,4,1,2,No
EMP10200,34,Male,Sales,Sales Representative,4620,4,3,3,4,Yes,2.0,3,1,Travel_Rarely,8.0,3,Medical,Married,20031,1088,63,3,4,2,0,2,1,2,Yes
EMP10201,44,Male,Research & Development,Laboratory Technician,3670,7,5,3,2,No,4.0,3,1,Travel_Frequently,3.0,3,Other,Divorced,23160,1268,107,3,3,3,3,3,5,2,No
EMP10202,40,Female,Research & Development,Research Director,4790,11,3,4,5,No,1.0,1,1,Travel_Rarely,11.0,2,Medical,Single,4663,1177,95,3,1,3,0,3,2,2,Yes
EMP10203,42,Male,Research & Development,Research Director,5210,2,1,2,2,Yes,1.0,3,2,Travel_Rarely,3.0,4,Marketing,Divorced,10127,221,39,3,3,2,3,2,1,2,No
EMP10204,46,Female,Sales,Sales Representative,3990,6,4,4,4,No,2.0,2,1,Travel_Rarely,9.0,2,Life Sciences,Single,3882,1247,81,4,3,2,2,2,6,2,Yes
EMP10205,34,Male,Research & Development,Research Director,4500,4,1,2,1,Yes,4.0,2,2,Travel_Rarely,6.0,3,Life Sciences,Married,18712,266,71,4,1,4,2,2,3,2,No
EMP10206,31,Male,Research & Development,Laboratory Technician,7170,6,4,3,0,No,1.0,3,3,Travel_Frequently,4.0,3,Life Sciences,Divorced,6367,1043,89,4,4,3,1,3,3,2,No
EMP10207,27,Male,Research & Development,Research Scientist,10940,9,4,5,7,No,2.0,1,4,Non-Travel,17.0,5,Technical Degree,Married,14462,933,31,4,3,3,0,5,1,2,Yes
EMP10208,29,Male,Sales,Sales Executive,4580,3,0,1,3,No,1.0,4,1,Travel_Rarely,13.0,3,Life Sciences,Single,12397,121,30,3,1,3,2,3,3,2,No
EMP10209,60,Male,Research & Development,Research Scientist,5040,9,2,4,2,No,2.0,4,2,Travel_Rarely,16.0,2,Life Sciences,Divorced,23101,1399,79,1,4,1,0,3,1,3,No
EMP10210,48,Male,Research & Development,Healthcare Representative,4340,5,2,2,0,No,3.0,3,2,Travel_Rarely,22.0,3,Medical,Single,14428,507,65,1,3,1,1,3,1,3,No
EMP10211,25,Female,Research & Development,Laboratory Technician,10590,7,2,1,1,No,2.0,2,4,Travel_Rarely,14.0,4,Technical Degree,Married,7600,581,51,4,3,2,0,2,3,2,No
EMP10212,25,Male,Sales,Manager,15750,3,1,2,2,No,2.0,3,5,Travel_Frequently,6.0,5,Technical Degree,Married,20550,398,65,2,3,3,0,3,3,2,Yes
EMP10213,41,Female,Sales,Sales Representative,4550,11,3,1,6,No,3.0,3,1,Travel_Rarely,5.0,3,Life Sciences,Married,2381,376,32,2,3,3,1,4,3,2,Yes
EMP10214,42,Female,Research & Development,Research Director,2950,2,1,1,0,No,4.0,2,2,Travel_Rarely,5.0,3,Life Sciences,Married,13784,915,73,3,3,2,1,3,0,2,No
EMP10215,42,Male,Sales,Sales Executive,3290,7,4,3,7,No,1.0,2,1,Travel_Rarely,21.0,4,Other,Married,17024,421,45,2,2,2,0,3,1,2,No
EMP10216,35,Male,Research & Development,Research Director,3540,9,3,6,7,No,3.0,1,1,Travel_Rarely,4.0,2,Life Sciences,Single,11625,214,40,3,3,3,1,2,1,2,No
EMP10217,36,Female,Research & Development,Manager,3460,3,1,0,3,Yes,2.0,1,1,Travel_Rarely,3.0,3,Other,Married,22528,371,39,3,3,3,2,1,3,2,No
EMP10218,40,Female,Sales,Sales Executive,5430,1,0,1,1,No,2.0,3,2,Travel_Frequently,12.0,3,Other,Single,5881,1291,80,2,3,4,1,4,1,2,No
EMP10219,38,Female,Research & Development,Manufacturing Director,4400,4,2,2,4,No,4.0,4,2,Travel_Rarely,6.0,2,Technical Degree,Single,10108,363,71,3,3,2,1,2,0,2,No
EMP10220,18,Female,Sales,Sales Representative,3100,0,0,0,0,No,4.0,2,1,Non-Travel,5.0,3,Life Sciences,Married,14436,349,54,3,3,3,2,5,2,2,No
EMP10221,35,Female,Sales,Sales Executive,5900,5,2,1,1,No,2.0,1,2,Travel_Frequently,7.0,3,Human Resources,Married,12396,977,35,3,3,3,2,3,3,2,No
EMP10222,29,Male,Research & Development,Manufacturing Director,3510,4,2,1,4,Yes,3.0,1,1,Non-Travel,5.0,4,Technical Degree,Single,8747,538,73,2,3,4,1,5,0,3,Yes
EMP10223,38,Male,Research & Development,Laboratory Technician,5500,10,5,5,3,Yes,3.0,2,2,Travel_Rarely,29.0,5,Marketing,Married,20583,1465,37,4,2,3,3,3,1,2,No
EMP10224,60,Female,Research & Development,Research Scientist,4880,12,6,8,1,No,4.0,2,1,Travel_Rarely,17.0,3,Life Sciences,Married,21916,1181,63,3,1,2,0,2,1,2,No
EMP10225,40,Male,Research & Development,Laboratory Technician,4820,12,9,3,5,No,4.0,2,1,Non-Travel,20.0,4,Life Sciences,Married,4729,104,70,2,3,2,0,4,1,2,No
EMP10226,34,Female,Research & Development,Research Scientist,5410,8,6,3,3,Yes,3.0,2,2,Travel_Rarely,16.0,2,Life Sciences,Married,10787,962,30,3,1,3,2,2,2,2,Yes
EMP10227,45,Male,Human Resources,Human Resources,5600,9,8,8,2,No,4.0,3,1,Travel_Rarely,9.0,3,Medical,Divorced,10038,364,32,4,1,3,0,5,2,4,No
EMP10228,41,Male,Research & Development,Research Scientist,5130,3,1,1,2,No,4.0,3,2,Travel_Rarely,27.0,2,Marketing,Married,5910,1372,81,3,2,3,3,4,1,3,No
EMP10229,41,Female,Sales,Manager,2530,6,1,3,4,Yes,3.0,4,1,Travel_Rarely,8.0,5,Life Sciences,Married,5496,194,106,3,1,1,0,5,1,2,Yes
EMP10230,42,Male,Research & Development,Manufacturing Director,6230,6,3,3,2,No,3.0,3,2,Non-Travel,8.0,4,Medical,Single,13311,918,72,3,2,3,2,1,2,2,No
EMP10231,56,Male,Sales,Manager,3330,7,2,6,0,Yes,3.0,1,1,Travel_Rarely,23.0,4,Life Sciences,Married,9502,796,76,2,2,3,1,4,4,2,Yes
EMP10232,27,Male,Research & Development,Laboratory Technician,5130,7,4,6,1,No,2.0,3,2,Travel_Frequently,22.0,4,Technical Degree,Married,5800,840,48,1,1,3,0,2,4,2,Yes
EMP10233,41,Female,Research & Development,Laboratory Technician,7360,6,2,5,3,No,3.0,1,3,Non-Travel,5.0,4,Other,Married,10162,416,99,1,2,3,2,0,3,2,Yes
EMP10234,28,Male,Research & Development,Manufacturing Director,5660,8,1,5,2,No,3.0,3,1,Travel_Rarely,21.0,5,Life Sciences,Divorced,21020,873,76,1,1,3,2,4,1,2,No
EMP10235,42,Female,Research & Development,Laboratory Technician,4870,7,4,3,2,No,1.0,1,2,Travel_Rarely,13.0,4,Life Sciences,Single,13262,218,107,3,2,3,3,3,0,2,No
EMP10236,29,Male,Sales,Sales Executive,3990,7,6,5,1,No,4.0,1,1,Travel_Rarely,4.0,5,Life Sciences,Married,4823,893,34,1,4,1,0,4,2,2,No
EMP10237,33,Female,Research & Development,Manufacturing Director,5350,4,2,3,1,Yes,4.0,3,2,Travel_Rarely,3.0,3,Marketing,Single,3492,301,93,4,2,3,1,3,1,4,Yes
EMP10238,34,Female,Research & Development,Research Scientist,3480,3,1,1,3,No,1.0,1,1,Travel_Rarely,4.0,2,Technical Degree,Married,21700,1176,74,4,3,2,2,3,4,2,Yes
EMP10239,46,Male,Research & Development,Manufacturing Director,5400,7,4,5,4,Yes,4.0,2,2,Travel_Frequently,16.0,3,Other,Divorced,25159,416,93,3,1,3,0,5,0,2,No
EMP10240,45,Male,Research & Development,Healthcare Representative,5190,4,2,2,2,No,2.0,2,2,Travel_Rarely,5.0,2,Life Sciences,Married,22286,1367,74,3,1,3,0,3,1,3,No
EMP10241,26,Male,Sales,Sales Executive,10390,4,3,1,2,No,3.0,3,4,Travel_Rarely,11.0,3,Other,Married,12501,1217,65,2,3,3,0,2,6,2,No
EMP10242,37,Female,Human Resources,Human Resources,5220,9,5,3,6,No,3.0,2,2,Travel_Rarely,12.0,3,Life Sciences,Married,6937,1403,38,3,3,3,3,3,2,2,Yes
EMP10243,30,Male,Sales,Sales Representative,5200,6,6,3,1,No,3.0,3,2,Travel_Rarely,5.0,4,Marketing,Single,25801,1215,52,3,1,2,0,3,0,2,No
EMP10244,25,Female,Research & Development,Laboratory Technician,5640,7,4,5,6,No,3.0,3,2,Travel_Rarely,9.0,1,Life Sciences,Single,17856,912,61,2,2,3,2,0,0,2,No
EMP10245,35,Male,Research & Development,Research Scientist,12040,9,2,5,3,Yes,4.0,1,4,Travel_Rarely,4.0,2,Other,Married,15363,137,74,2,1,4,1,3,2,2,No
EMP10246,34,Male,Sales,Manager,8610,3,1,2,2,No,3.0,3,3,Travel_Rarely,8.0,3,Medical,Married,22968,512,57,3,4,3,0,5,3,2,No
EMP10247,59,Male,Research & Development,Research Scientist,4530,9,2,2,1,No,3.0,4,1,Travel_Rarely,6.0,5,Technical Degree,Married,14052,342,81,3,2,3,3,3,5,2,No
EMP10248,41,Male,Human Resources,Human Resources,8500,8,8,4,8,Yes,3.0,4,3,Travel_Rarely,13.0,3,Other,Single,15683,1487,40,3,2,3,1,2,0,2,No
EMP10249,24,Male,Human Resources,Manager,4720,3,1,2,3,Yes,4.0,3,2,Travel_Rarely,18.0,3,Life Sciences,Married,8394,1187,48,4,4,3,1,3,3,2,No
EMP10250,32,Female,Sales,Sales Executive,7540,4,3,2,0,Yes,1.0,2,3,Travel_Frequently,2.0,4,Life Sciences,Divorced,10172,954,93,3,1,3,0,5,0,2,No
EMP10251,46,Female,Research & Development,Research Scientist,7820,9,2,3,4,No,2.0,3,3,Travel_Frequently,4.0,3,Other,Single,8457,300,94,2,2,2,0,3,2,2,No
EMP10252,56,Male,Research & Development,Research Scientist,3300,1,0,0,1,No,4.0,1,1,Travel_Rarely,18.0,3,Life Sciences,Married,5296,406,102,3,2,3,2,3,0,3,Yes
EMP10253,22,Female,Sales,Sales Executive,5460,1,0,0,1,No,4.0,1,2,Travel_Rarely,6.0,3,Life Sciences,Married,24168,274,86,3,2,3,0,2,2,2,Yes
EMP10254,20,Female,Research & Development,Research Scientist,1900,2,1,1,2,No,4.0,2,1,Travel_Rarely,25.0,3,Medical,Divorced,9223,1071,95,3,1,4,1,1,0,2,Yes
EMP10255,54,Female,Research & Development,Healthcare Representative,4300,6,4,4,2,Yes,1.0,3,1,Travel_Rarely,20.0,5,Marketing,Married,17698,1115,33,4,4,1,0,3,3,2,No
EMP10256,40,Male,Research & Development,Research Scientist,4620,7,4,3,2,No,4.0,1,1,Travel_Rarely,4.0,2,Life Sciences,Married,13784,1093,58,2,4,2,2,3,2,2,Yes
EMP10257,29,Male,Sales,Sales Executive,6110,6,4,6,3,Yes,4.0,3,2,Travel_Frequently,12.0,3,Life Sciences,Married,26548,696,33,2,3,4,2,0,2,2,No
EMP10258,42,Male,Sales,Manager,4630,8,5,1,3,Yes,4.0,2,1,Travel_Rarely,8.0,2,Life Sciences,Single,14451,771,30,3,3,3,2,2,1,2,No
EMP10259,18,Female,Research & Development,Research Director,4500,0,0,0,0,Yes,3.0,3,1,Travel_Rarely,2.0,3,Medical,Married,7560,793,47,1,3,4,0,4,1,2,Yes
EMP10260,37,Male,Research & Development,Manufacturing Director,5580,6,3,1,3,Yes,1.0,3,2,Travel_Frequently,4.0,4,Other,Married,19358,647,42,3,3,3,1,2,2,2,No
EMP10261,40,Male,Research & Development,Laboratory Technician,2010,2,0,0,1,No,3.0,1,1,Travel_Frequently,7.0,3,Other,Married,8276,1222,99,3,3,3,0,0,2,2,Yes
EMP10262,45,Male,Human Resources,Human Resources,2580,1,1,1,1,No,3.0,2,1,Travel_Rarely,1.0,2,Marketing,Single,8224,1349,78,2,3,3,0,5,5,2,Yes
EMP10263,28,Male,Research & Development,Manufacturing Director,3130,5,3,4,2,No,3.0,1,1,Travel_Rarely,4.0,3,Life Sciences,Single,24877,648,76,3,1,2,0,2,2,2,Yes
EMP10264,38,Female,Research & Development,Laboratory Technician,3620,5,2,2,5,No,4.0,1,1,Travel_Rarely,11.0,1,Other,Single,20054,372,59,3,1,3,3,2,5,2,No
EMP10265,28,Male,Sales,Sales Executive,4740,2,0,1,2,Yes,3.0,3,2,Travel_Rarely,4.0,2,Medical,Married,9118,1075,56,1,4,1,3,4,4,2,Yes
EMP10266,39,Male,Sales,Manager,4230,1,1,0,1,No,2.0,4,1,Travel_Rarely,10.0,4,Life Sciences,Divorced,10184,883,101,3,1,3,1,2,1,2,No
EMP10267,29,Female,Sales,Sales Executive,11440,4,3,1,1,No,3.0,3,4,Travel_Rarely,8.0,4,Other,Single,23555,1309,57,3,4,3,1,0,0,2,No
EMP10268,33,Female,Sales,Sales Executive,6500,15,13,1,3,No,1.0,4,2,Travel_Rarely,3.0,4,Technical Degree,Single,25021,1039,31,3,3,3,1,3,1,2,No
EMP10269,28,Female,Research & Development,Laboratory Technician,4090,8,3,5,4,Yes,1.0,4,1,Travel_Frequently,18.0,4,Technical Degree,Divorced,6805,551,49,3,3,2,0,4,0,2,No
EMP10270,43,Female,Research & Development,Laboratory Technician,4220,7,4,5,2,No,3.0,3,1,Travel_Rarely,1.0,4,Technical Degree,Married,25145,660,104,3,1,4,2,2,1,3,No
EMP10271,45,Female,Sales,Sales Representative,6730,5,4,2,5,No,4.0,2,2,Travel_Rarely,18.0,2,Life Sciences,Divorced,21187,193,107,1,2,2,2,3,1,2,Yes
EMP10272,35,Male,Sales,Sales Representative,5170,5,4,1,1,Yes,4.0,4,2,Travel_Rarely,5.0,4,Life Sciences,Single,22200,1430,53,3,3,3,1,1,2,2,Yes
EMP10273,37,Male,Sales,Sales Representative,3990,8,6,5,5,Yes,3.0,3,1,Travel_Frequently,6.0,4,Technical Degree,Divorced,17308,616,106,3,3,3,2,1,1,2,No
EMP10274,24,Female,Sales,Sales Executive,3960,2,0,1,1,No,4.0,4,1,Travel_Rarely,9.0,4,Life Sciences,Divorced,7133,1053,101,3,3,2,3,2,3,2,No
EMP10275,34,Female,Research & Development,Laboratory Technician,9060,16,7,10,1,No,1.0,3,3,Travel_Rarely,9.0,3,Medical,Single,15696,273,73,2,3,3,0,4,4,3,No
EMP10276,36,Female,Research & Development,Manufacturing Director,3120,3,1,1,3,No,4.0,3,1,Travel_Rarely,11.0,3,Human Resources,Single,16048,794,50,2,2,3,0,3,3,2,No
EMP10277,60,Male,Sales,Sales Executive,6860,9,6,4,0,No,4.0,4,2,Travel_Frequently,13.0,4,Human Resources,Single,17560,1196,51,4,3,3,3,4,3,2,No
EMP10278,27,Male,Research & Development,Research Scientist,8080,3,1,3,3,No,3.0,3,3,Travel_Rarely,10.0,4,Medical,Single,12404,1268,102,2,4,3,1,5,1,4,No
EMP10279,50,Male,Sales,Sales Representative,6520,7,2,2,2,No,1.0,3,2,Travel_Frequently,11.0,5,Human Resources,Divorced,14848,1007,87,3,4,3,2,4,4,2,Yes
EMP10280,46,Male,Sales,Sales Executive,5540,9,6,7,3,Yes,3.0,3,1,Travel_Rarely,23.0,2,Other,Married,22463,155,40,3,3,3,0,1,3,2,Yes
EMP10281,39,Male,Sales,Sales Executive,5420,2,1,1,2,No,1.0,4,2,Travel_Rarely,2.0,3,Technical Degree,Married,26459,794,109,3,1,3,0,2,1,2,No
EMP10282,53,Female,Research & Development,Research Scientist,5180,3,1,2,3,No,3.0,3,1,Non-Travel,7.0,3,Life Sciences,Divorced,10773,733,82,1,1,3,0,4,4,2,No
EMP10283,40,Male,Research & Development,Research Scientist,3590,3,0,2,3,Yes,1.0,2,2,Travel_Rarely,9.0,4,Life Sciences,Married,18243,343,38,2,3,3,0,3,0,2,Yes
EMP10284,40,Male,Research & Development,Research Scientist,3790,5,2,4,5,No,3.0,3,2,Travel_Rarely,1.0,2,Life Sciences,Married,8262,993,96,1,3,2,2,1,2,2,Yes
EMP10285,36,Male,Research & Development,Manager,5470,7,4,4,1,No,2.0,3,3,Travel_Frequently,2.0,2,Life Sciences,Single,9818,303,81,3,3,2,1,2,3,3,No
EMP10286,48,Female,Research & Development,Research Director,11940,16,9,3,5,No,1.0,1,4,Travel_Rarely,2.0,5,Life Sciences,Married,18114,115,42,4,3,3,3,0,1,2,No
EMP10287,47,Male,Research & Development,Manager,10860,4,1,0,4,No,2.0,2,4,Travel_Rarely,4.0,2,Life Sciences,Divorced,17028,225,30,2,4,2,0,2,1,2,No
EMP10288,31,Male,Research & Development,Manufacturing Director,8140,13,6,9,13,No,1.0,2,3,Travel_Rarely,13.0,4,Medical,Single,21941,698,73,3,1,2,0,2,5,2,No
EMP10289,25,Male,Research & Development,Research Scientist,3950,7,4,2,1,Yes,4.0,4,2,Travel_Rarely,3.0,3,Other,Married,25734,565,104,2,4,3,0,2,0,2,No
EMP10290,35,Male,Research & Development,Manufacturing Director,4720,3,1,2,3,No,2.0,2,1,Travel_Rarely,5.0,4,Life Sciences,Divorced,4382,889,53,4,2,3,0,4,3,2,No
EMP10291,30,Female,Research & Development,Laboratory Technician,4710,5,2,1,2,No,3.0,3,2,Travel_Frequently,9.0,3,Technical Degree,Married,24065,1474,34,3,1,2,1,1,1,2,No
EMP10292,36,Female,Research & Development,Research Director,5260,2,0,0,2,No,3.0,4,2,Travel_Rarely,7.0,4,Technical Degree,Married,18614,178,95,2,4,3,0,2,1,2,No
EMP10293,48,Male,Sales,Sales Executive,6950,5,3,3,1,No,1.0,2,3,Travel_Rarely,8.0,5,Life Sciences,Divorced,8454,888,49,3,4,3,0,1,1,2,No
EMP10294,33,Male,Research & Development,Manufacturing Director,3760,5,3,4,5,Yes,2.0,1,1,Travel_Rarely,16.0,1,Other,Single,20267,363,93,3,3,3,2,4,1,2,Yes
EMP10295,37,Female,Research & Development,Research Scientist,11940,7,5,3,1,Yes,3.0,4,4,Travel_Rarely,13.0,2,Marketing,Married,12103,404,44,2,4,3,0,4,1,2,No
EMP10296,37,Male,Research & Development,Laboratory Technician,7990,9,3,7,4,Yes,4.0,3,3,Travel_Frequently,22.0,3,Life Sciences,Divorced,8031,839,97,1,4,4,0,3,5,2,Yes
EMP10297,45,Male,Sales,Sales Representative,11090,6,4,1,2,Yes,3.0,1,4,Travel_Frequently,3.0,4,Technical Degree,Single,6176,224,83,1,3,3,1,3,2,2,No
EMP10298,18,Male,Research & Development,Manufacturing Director,8220,0,0,0,0,No,3.0,4,3,Travel_Rarely,14.0,4,Life Sciences,Married,12147,717,40,3,3,1,2,1,2,2,No
EMP10299,31,Female,Research & Development,Laboratory Technician,6160,13,3,7,1,No,4.0,3,1,Travel_Rarely,2.0,3,Technical Degree,Married,6483,841,52,4,2,3,3,3,2,2,No
EMP10300,39,Male,Research & Development,Laboratory Technician,5120,17,11,7,2,Yes,4.0,4,1,Travel_Frequently,1.0,3,Life Sciences,Single,23306,180,30,1,2,3,1,1,0,2,No
EMP10301,48,Male,Research & Development,Laboratory Technician,3780,5,2,2,2,No,4.0,2,1,Travel_Rarely,13.0,2,Other,Married,3368,971,71,3,3,3,3,3,1,2,No
EMP10302,32,Female,Research & Development,Healthcare Representative,4570,7,4,4,3,No,3.0,3,1,Travel_Frequently,12.0,4,Medical,Married,4266,274,76,1,3,3,0,2,2,2,No
EMP10303,20,Male,Research & Development,Manager,5960,2,2,1,2,No,2.0,3,2,Travel_Rarely,4.0,5,Marketing,Divorced,19035,775,97,2,2,3,0,2,1,2,Yes
EMP10304,43,Male,Research & Development,Manager,7670,7,5,2,3,Yes,4.0,2,3,Non-Travel,4.0,3,Life Sciences,Married,4110,1248,67,3,3,3,2,3,0,2,No
EMP10305,31,Female,Sales,Sales Representative,9020,7,2,5,2,Yes,1.0,1,3,Travel_Rarely,12.0,3,Technical Degree,Divorced,16775,447,31,3,4,4,2,4,0,3,No
EMP10306,26,Male,Human Resources,Human Resources,6180,2,1,1,2,No,3.0,1,2,Travel_Rarely,3.0,2,Technical Degree,Single,5098,1490,74,1,3,3,1,5,1,2,No
EMP10307,31,Female,Research & Development,Healthcare Representative,4060,5,4,3,5,Yes,3.0,3,1,Travel_Frequently,3.0,3,Medical,Single,4755,977,56,3,4,3,1,4,1,2,Yes
EMP10308,35,Male,Research & Development,Laboratory Technician,3310,11,3,10,2,Yes,3.0,2,1,Travel_Rarely,8.0,3,Marketing,Divorced,9548,942,106,2,4,4,0,6,2,2,No
EMP10309,31,Male,Sales,Sales Executive,3950,11,8,4,3,Yes,4.0,1,1,Travel_Rarely,22.0,2,Medical,Divorced,22432,673,90,3,3,3,0,3,0,2,Yes
EMP10310,18,Male,Research & Development,Research Director,3710,0,0,0,0,Yes,2.0,3,1,Travel_Frequently,9.0,3,Other,Single,15559,823,40,3,1,3,0,5,0,3,Yes
EMP10311,45,Male,Research & Development,Research Scientist,5660,7,6,5,2,No,4.0,2,2,Non-Travel,5.0,3,Medical,Married,19561,1375,98,2,2,3,0,3,1,3,Yes
EMP10312,49,Male,Research & Development,Manager,3800,5,2,3,1,No,1.0,2,1,Travel_Rarely,,3,Other,Married,17381,707,58,3,3,3,2,3,2,2,Yes
EMP10313,43,Female,Research & Development,Laboratory Technician,4060,9,3,7,3,No,1.0,3,1,Travel_Rarely,25.0,3,Human Resources,Married,9749,668,54,2,3,3,0,3,0,2,No
EMP10314,27,Male,Human Resources,Human Resources,3690,2,1,1,2,Yes,3.0,3,1,Non-Travel,13.0,1,Medical,Divorced,20940,333,107,2,2,4,0,3,1,2,No
EMP10315,35,Male,Sales,Sales Representative,5920,8,6,4,4,No,4.0,3,2,Non-Travel,5.0,4,Life Sciences,Married,13876,457,83,1,4,1,3,3,4,2,Yes
EMP10316,37,Male,Sales,Manager,5680,14,6,10,3,Yes,3.0,1,2,Travel_Rarely,4.0,4,Life Sciences,Single,17009,1449,77,2,3,3,0,1,0,2,No
EMP10317,42,Female,Research & Development,Manufacturing Director,4640,4,1,1,3,No,3.0,1,2,Travel_Rarely,29.0,3,Human Resources,Single,25178,1188,75,1,2,3,0,4,3,2,No
EMP10318,43,Male,Research & Development,Manufacturing Director,5800,13,10,6,1,No,3.0,3,2,Travel_Rarely,6.0,2,Life Sciences,Single,13127,392,70,3,3,3,2,1,1,1,Yes
EMP10319,30,Male,Research & Development,Research Scientist,10710,7,3,2,7,Yes,1.0,4,4,Travel_Rarely,11.0,4,Medical,Married,11815,1447,70,1,2,1,2,4,0,2,No
EMP10320,38,Male,Research & Development,Manufacturing Director,3640,6,3,4,4,Yes,3.0,2,1,Travel_Rarely,17.0,5,Human Resources,Married,9596,1090,90,1,1,3,0,4,1,3,No
EMP10321,41,Male,Research & Development,Research Scientist,6830,5,1,1,5,No,2.0,3,2,Travel_Rarely,6.0,3,Life Sciences,Divorced,20468,1454,40,4,1,3,2,5,3,2,No
EMP10322,50,Male,Sales,Sales Representative,3530,13,4,11,2,Yes,4.0,1,2,Travel_Rarely,7.0,3,Technical Degree,Divorced,20855,628,73,4,1,2,0,2,1,2,Yes
EMP10323,43,Female,Sales,Sales Executive,6000,5,3,4,5,Yes,1.0,2,2,Travel_Rarely,27.0,2,Life Sciences,Single,23162,234,61,2,4,4,2,1,3,2,Yes
EMP10324,44,Male,Research & Development,Healthcare Representative,12600,15,4,2,10,No,2.0,1,4,Travel_Rarely,9.0,3,Life Sciences,Married,20769,919,78,3,3,2,0,4,1,3,No
EMP10325,38,Male,Human Resources,Human Resources,4740,14,2,4,8,Yes,3.0,4,1,Travel_Rarely,16.0,2,Human Resources,Married,10157,229,35,3,3,3,0,1,0,2,No
EMP10326,50,Male,Sales,Sales Executive,5770,4,2,1,0,No,3.0,2,2,Travel_Frequently,19.0,3,Life Sciences,Single,11486,668,86,1,3,2,1,1,1,2,No
EMP10327,41,Female,Research & Development,Healthcare Representative,3310,5,5,3,5,Yes,3.0,2,1,Travel_Rarely,13.0,4,Life Sciences,Married,14260,1480,35,2,3,3,2,3,1,3,No
EMP10328,29,Male,Research & Development,Research Scientist,5690,1,0,1,1,No,2.0,3,2,Travel_Rarely,5.0,3,Other,Divorced,2918,621,76,4,3,3,1,3,1,2,Yes
EMP10329,50,Male,Research & Development,Research Scientist,3730,6,4,3,1,No,1.0,1,1,Travel_Rarely,4.0,3,Life Sciences,Married,17102,559,92,3,4,3,2,3,1,2,No
EMP10330,43,Male,Research & Development,Research Scientist,3200,6,4,6,1,No,4.0,2,1,Travel_Rarely,24.0,3,Other,Married,6747,692,78,3,3,3,0,4,0,2,No
EMP10331,33,Male,Research & Development,Manager,5240,12,4,5,4,No,3.0,1,2,Travel_Frequently,7.0,3,Other,Married,11795,1041,51,3,4,3,1,4,1,3,No
EMP10332,33,Male,Sales,Sales Representative,6370,15,4,8,3,No,3.0,4,2,Travel_Rarely,2.0,1,Life Sciences,Married,24120,1000,96,3,3,3,0,3,1,2,No
EMP10333,40,Male,Research & Development,Laboratory Technician,3820,9,2,4,5,No,3.0,2,1,Non-Travel,29.0,2,Life Sciences,Divorced,23965,713,48,3,1,3,1,3,0,3,No
EMP10334,41,Male,Research & Development,Laboratory Technician,7190,11,4,9,3,No,3.0,4,2,Travel_Rarely,14.0,4,Technical Degree,Divorced,19465,638,84,3,3,3,1,3,2,2,No
EMP10335,39,Male,Research & Development,Laboratory Technician,6220,5,3,2,1,No,4.0,1,2,Travel_Rarely,5.0,2,Medical,Single,10567,360,63,3,4,3,0,3,3,2,No
EMP10336,40,Male,Research & Development,Healthcare Representative,3810,2,0,1,2,Yes,3.0,1,1,Travel_Rarely,8.0,4,Life Sciences,Single,9866,1259,70,1,4,2,0,1,4,2,No
EMP10337,52,Male,Sales,Sales Representative,6470,7,5,4,2,No,2.0,4,2,Travel_Frequently,3.0,5,Technical Degree,Married,26007,708,36,3,1,2,2,4,2,3,Yes
EMP10338,47,Male,Sales,Sales Executive,6660,12,6,3,5,Yes,3.0,3,2,Travel_Rarely,5.0,3,Life Sciences,Single,8550,1350,86,3,2,3,0,4,2,2,No
EMP10339,39,Female,Research & Development,Research Scientist,4470,0,0,0,0,No,2.0,2,2,Travel_Rarely,2.0,3,Other,Married,11600,327,45,1,3,3,0,4,2,1,No
EMP10340,45,Female,Research & Development,Research Scientist,4010,6,3,2,3,Yes,3.0,3,2,Travel_Rarely,1.0,3,Life Sciences,Single,20487,860,88,3,1,3,1,4,2,1,No
EMP10341,28,Female,Research & Development,Healthcare Representative,3780,1,0,1,1,No,3.0,2,1,Travel_Frequently,9.0,4,Life Sciences,Divorced,24019,357,67,4,2,3,0,1,2,2,No
EMP10342,41,Female,Research & Development,Healthcare Representative,4770,3,2,2,0,No,1.0,3,2,Travel_Rarely,16.0,5,Life Sciences,Married,24300,925,38,4,2,3,0,1,0,2,No
EMP10343,53,Female,Research & Development,Research Scientist,10200,7,3,5,1,No,4.0,3,4,Travel_Frequently,25.0,4,Other,Single,26592,1343,106,3,2,3,0,4,0,2,No
EMP10344,35,Female,Research & Development,Research Scientist,5940,15,12,11,2,No,2.0,1,2,Travel_Rarely,24.0,2,Technical Degree,Married,2432,1359,63,1,2,3,0,3,3,2,No
EMP10345,29,Male,Research & Development,Research Scientist,3790,6,4,2,5,No,4.0,4,1,Travel_Frequently,13.0,4,Human Resources,Single,22434,1143,75,2,4,3,3,3,6,2,No
EMP10346,31,Female,Research & Development,Manager,6210,9,1,4,2,No,2.0,3,2,Travel_Frequently,12.0,3,Life Sciences,Single,2236,523,66,1,2,2,3,3,1,2,No
EMP10347,27,Male,Research & Development,Laboratory Technician,7840,7,3,1,3,No,4.0,1,3,Travel_Rarely,19.0,3,Life Sciences,Married,2306,512,72,3,3,3,1,3,3,2,No
EMP10348,30,Male,Research & Development,Healthcare Representative,4560,4,3,4,1,No,3.0,2,1,Travel_Rarely,3.0,2,Life Sciences,Married,24265,444,76,3,3,3,0,4,2,2,No
EMP10349,34,Female,Research & Development,Manufacturing Director,16070,8,4,3,5,No,1.0,4,5,Travel_Rarely,3.0,2,Medical,Married,14720,749,35,4,4,3,1,3,1,2,No
EMP10350,24,Male,Research & Development,Laboratory Technician,9650,2,1,1,1,Yes,1.0,2,4,Travel_Rarely,6.0,4,Marketing,Married,2023,566,67,4,2,3,0,0,3,2,Yes
EMP10351,37,Male,Research & Development,Research Scientist,4790,6,3,1,2,No,1.0,3,1,Travel_Rarely,6.0,3,Marketing,Single,23803,288,90,1,2,1,0,4,1,2,No
EMP10352,45,Female,Sales,Sales Executive,14100,13,7,6,0,No,1.0,4,4,Travel_Rarely,6.0,3,Life Sciences,Married,13501,1491,33,1,4,2,0,4,2,2,No
EMP10353,29,Male,Sales,Sales Representative,4760,7,2,1,6,Yes,2.0,3,1,Travel_Rarely,7.0,3,Other,Married,11205,1221,34,4,4,2,2,1,2,3,No
EMP10354,51,Male,Research & Development,Healthcare Representative,8610,7,5,6,1,No,2.0,3,3,Travel_Rarely,9.0,4,Life Sciences,Single,19064,1052,99,4,3,1,0,1,2,2,No
EMP10355,42,Female,Research & Development,Manufacturing Director,6150,5,2,2,2,Yes,1.0,2,2,Travel_Rarely,12.0,4,Other,Married,3515,369,89,3,1,3,1,4,3,2,No
EMP10356,46,Female,Research & Development,Manufacturing Director,6130,2,1,1,2,No,3.0,3,2,Travel_Frequently,9.0,3,Life Sciences,Single,19335,764,106,3,1,4,0,4,0,3,Yes
EMP10357,31,Male,Research & Development,Research Scientist,5290,5,0,3,5,No,2.0,2,2,Travel_Rarely,6.0,2,Medical,Single,7407,1341,106,3,1,1,1,0,0,2,Yes
EMP10358,45,Male,Research & Development,Manager,9120,10,5,2,4,Yes,3.0,4,3,Travel_Rarely,4.0,3,Life Sciences,Married,2414,120,85,3,1,2,0,3,1,3,No
EMP10359,27,Male,Sales,Sales Representative,4050,8,5,3,8,Yes,2.0,1,1,Travel_Rarely,11.0,5,Medical,Married,6848,1395,88,2,1,3,3,2,1,2,No
EMP10360,45,Female,Research & Development,Laboratory Technician,6740,2,1,1,1,No,4.0,2,2,Travel_Rarely,21.0,3,Marketing,Married,22895,813,36,3,2,3,1,3,1,2,No
EMP10361,38,Male,Research & Development,Manager,4070,1,1,0,1,Yes,3.0,1,1,Travel_Rarely,8.0,3,Medical,Married,6971,1283,97,3,2,3,0,3,1,2,Yes
EMP10362,42,Male,Research & Development,Manufacturing Director,3230,4,2,2,4,No,3.0,2,1,Travel_Frequently,6.0,3,Medical,Single,17145,528,60,2,3,4,0,2,1,2,No
EMP10363,26,Male,Research & Development,Manufacturing Director,4130,5,1,0,5,Yes,1.0,1,1,Travel_Rarely,8.0,3,Technical Degree,Married,6985,675,77,4,3,3,0,4,3,2,Yes
EMP10364,29,Male,Research & Development,Healthcare Representative,5740,5,4,3,3,No,3.0,4,2,Travel_Rarely,11.0,4,Technical Degree,Married,26353,695,71,2,1,3,1,2,1,2,Yes
EMP10365,42,Female,Sales,Sales Representative,2310,5,4,3,1,No,2.0,4,1,Travel_Rarely,4.0,3,Other,Married,9650,684,59,3,4,3,0,4,0,2,Yes
EMP10366,28,Male,Research & Development,Healthcare Representative,3560,6,3,5,4,No,4.0,3,1,Non-Travel,3.0,2,Life Sciences,Divorced,23754,1117,80,3,3,2,1,4,2,2,No
EMP10367,41,Female,Human Resources,Human Resources,4030,8,1,0,1,Yes,4.0,1,1,Travel_Rarely,4.0,2,Marketing,Single,14964,1090,64,3,1,3,0,2,0,2,Yes
EMP10368,24,Male,Sales,Sales Executive,3830,5,3,4,5,Yes,3.0,2,1,Travel_Rarely,8.0,3,Marketing,Divorced,12639,758,91,2,1,2,2,2,5,2,No
EMP10369,45,Female,Research & Development,Manager,4540,3,1,0,3,No,4.0,4,2,Travel_Rarely,5.0,5,Life Sciences,Married,24905,1170,80,3,1,3,1,3,4,1,No
EMP10370,26,Female,Research & Development,Research Scientist,12100,8,3,5,4,No,3.0,1,4,Non-Travel,4.0,3,Medical,Married,23841,322,79,1,3,1,2,5,5,2,No
EMP10371,42,Male,Research & Development,Laboratory Technician,4540,10,7,1,10,No,1.0,3,1,Travel_Rarely,6.0,4,Life Sciences,Divorced,18833,1059,59,2,2,3,3,2,0,2,No
EMP10372,43,Male,Research & Development,Laboratory Technician,10630,4,1,1,4,No,4.0,2,4,Travel_Rarely,21.0,4,Life Sciences,Married,13127,257,48,2,1,3,3,2,2,2,No
EMP10373,31,Male,Research & Development,Laboratory Technician,6430,13,7,1,1,No,1.0,4,2,Travel_Rarely,7.0,3,Life Sciences,Single,9328,1170,79,1,3,3,0,3,0,3,No
EMP10374,42,Female,Sales,Sales Representative,6610,14,7,4,3,No,3.0,2,2,Travel_Frequently,4.0,2,Life Sciences,Married,15137,900,83,4,3,2,2,4,5,2,No
EMP10375,39,Male,Research & Development,Manager,5510,3,0,2,2,No,1.0,1,2,Non-Travel,21.0,2,Technical Degree,Single,26667,821,33,3,2,3,1,4,1,2,No
EMP10376,32,Female,Research & Development,Research Scientist,7490,1,1,1,1,No,2.0,3,3,Travel_Rarely,16.0,4,Technical Degree,Married,25012,1474,41,1,3,3,0,3,2,2,Yes
EMP10377,28,Female,Sales,Sales Executive,6050,5,2,2,2,No,3.0,2,1,Travel_Rarely,10.0,2,Other,Married,25970,418,44,4,1,3,2,2,1,2,No
EMP10378,19,Female,Research & Development,Research Scientist,5540,1,1,1,1,No,2.0,3,2,Travel_Frequently,21.0,3,Technical Degree,Married,14708,1354,44,2,3,3,0,3,2,3,Yes
EMP10379,40,Female,Sales,Manager,6200,18,2,3,3,No,3.0,1,2,Travel_Rarely,12.0,3,Life Sciences,Single,17051,397,39,2,2,2,1,0,1,3,No
EMP10380,23,Male,Research & Development,Manufacturing Director,4460,5,3,1,1,No,3.0,3,2,Travel_Frequently,12.0,4,Other,Married,21335,544,90,1,3,3,1,5,2,2,No
EMP10381,38,Male,Research & Development,Research Scientist,8310,9,6,1,3,No,4.0,2,3,Travel_Rarely,8.0,2,Other,Single,21509,204,48,3,3,3,0,3,2,2,Yes
EMP10382,35,Male,Sales,Sales Representative,3970,5,3,2,5,No,2.0,3,1,Travel_Frequently,19.0,3,Medical,Married,25128,982,82,3,1,3,2,3,3,1,No
EMP10383,43,Female,Research & Development,Research Director,6070,12,2,1,9,No,4.0,4,2,Travel_Frequently,3.0,3,Marketing,Married,13910,1422,101,1,1,3,0,6,3,2,No
EMP10384,34,Female,Sales,Sales Representative,5470,6,2,3,2,No,4.0,4,2,Travel_Rarely,16.0,3,Other,Married,3537,1191,86,1,2,3,1,2,5,2,No
EMP10385,34,Female,Sales,Manager,5600,2,1,1,2,No,2.0,3,1,Travel_Frequently,29.0,4,Marketing,Married,5168,637,38,3,1,3,3,6,1,2,Yes
EMP10386,44,Male,Sales,Sales Executive,3620,2,1,1,2,Yes,4.0,3,1,Travel_Frequently,19.0,2,Other,Single,7687,772,58,3,2,3,2,4,3,2,Yes
EMP10387,40,Male,Research & Development,Healthcare Representative,5610,5,2,1,2,No,3.0,3,2,Travel_Frequently,15.0,4,Life Sciences,Divorced,18352,900,36,4,1,2,2,3,1,2,No
EMP10388,40,Female,Research & Development,Laboratory Technician,7560,11,4,7,3,No,1.0,1,3,Travel_Frequently,5.0,4,Life Sciences,Married,20279,916,101,3,2,3,0,4,3,2,Yes
EMP10389,41,Male,Sales,Sales Representative,4890,3,3,2,3,Yes,1.0,3,2,Travel_Rarely,29.0,3,Medical,Single,9803,1164,46,3,2,2,1,2,1,2,Yes
EMP10390,23,Male,Sales,Sales Representative,8300,5,1,2,2,No,4.0,1,3,Travel_Frequently,5.0,4,Marketing,Divorced,10376,1323,108,3,4,2,1,0,0,2,No
EMP10391,44,Female,Human Resources,Human Resources,6060,14,5,4,2,Yes,1.0,2,2,Travel_Rarely,9.0,3,Human Resources,Divorced,3456,1067,45,3,4,2,2,1,2,2,Yes
EMP10392,42,Male,Research & Development,Healthcare Representative,4260,8,4,5,4,No,1.0,3,1,Travel_Rarely,10.0,2,Other,Single,3494,962,100,2,2,3,0,4,1,2,No
EMP10393,28,Male,Research & Development,Research Scientist,4310,8,5,7,0,No,3.0,3,1,Travel_Rarely,1.0,4,Life Sciences,Married,7060,1498,67,1,3,3,1,1,1,2,Yes
EMP10394,35,Male,Sales,Sales Executive,5640,11,7,4,1,No,2.0,2,1,Travel_Rarely,11.0,3,Life Sciences,Married,11479,1357,105,3,4,2,0,0,1,2,No
EMP10395,37,Male,Research & Development,Manager,5170,5,2,1,5,Yes,3.0,3,2,Travel_Rarely,5.0,4,Human Resources,Single,12065,341,76,3,3,3,0,3,2,2,No
EMP10396,36,Female,Sales,Manager,5930,15,8,3,0,Yes,1.0,4,1,Travel_Rarely,1.0,3,Marketing,Single,3750,1042,39,1,4,2,1,4,5,2,Yes
EMP10397,40,Male,Sales,Sales Executive,5260,9,1,4,4,No,1.0,3,2,Travel_Frequently,16.0,4,Life Sciences,Married,12438,1462,53,3,4,2,1,3,1,2,Yes
EMP10398,50,Male,Research & Development,Research Scientist,4530,6,2,4,3,Yes,3.0,3,2,Travel_Rarely,8.0,3,Medical,Married,24871,119,79,2,4,4,3,4,1,2,No
EMP10399,47,Male,Sales,Sales Executive,5110,13,4,2,2,No,3.0,2,1,Travel_Rarely,3.0,2,Technical Degree,Divorced,18557,993,97,2,2,1,2,4,1,2,No
EMP10400,25,Female,Sales,Sales Representative,2910,7,4,3,2,No,4.0,4,1,Non-Travel,16.0,3,Technical Degree,Single,6312,1294,72,2,1,2,1,4,1,2,No
EMP10401,43,Male,Research & Development,Research Director,3720,6,1,3,3,Yes,3.0,2,1,Travel_Rarely,4.0,4,Medical,Divorced,21661,1339,66,2,1,2,0,3,1,3,No
EMP10402,49,Male,Sales,Sales Executive,6810,8,5,4,4,No,4.0,4,2,Travel_Rarely,5.0,4,Life Sciences,Divorced,20405,940,74,3,3,3,0,2,2,2,No
EMP10403,40,Male,Research & Development,Manufacturing Director,2820,3,1,2,3,Yes,2.0,4,1,Travel_Rarely,13.0,3,Other,Married,24082,843,83,2,3,3,1,4,1,2,No
EMP10404,47,Male,Sales,Sales Representative,6490,12,6,5,7,No,3.0,3,1,Travel_Rarely,2.0,4,Technical Degree,Single,3396,1139,72,3,2,2,0,3,3,2,No
EMP10405,55,Male,Research & Development,Healthcare Representative,12760,18,7,3,4,No,3.0,4,4,Travel_Rarely,9.0,3,Life Sciences,Married,2173,1406,97,1,2,3,2,2,2,2,No
EMP10406,46,Female,Sales,Sales Executive,9220,2,1,0,2,No,4.0,3,3,Travel_Rarely,13.0,3,Life Sciences,Married,24605,400,66,3,3,3,0,5,1,2,No
EMP10407,39,Female,Research & Development,Manufacturing Director,2820,4,2,1,0,No,4.0,4,1,Travel_Rarely,3.0,4,Technical Degree,Married,13586,264,70,1,2,3,0,3,2,2,No
EMP10408,46,Male,Research & Development,Manufacturing Director,5820,4,2,3,4,Yes,3.0,3,2,Travel_Rarely,5.0,4,Life Sciences,Single,17913,880,30,2,3,3,2,4,4,2,Yes
EMP10409,38,Male,Sales,Sales Executive,4160,10,8,2,2,No,2.0,2,1,Non-Travel,11.0,4,Life Sciences,Divorced,25935,1381,45,3,3,3,2,2,4,2,No
EMP10410,37,Female,Research & Development,Manufacturing Director,8690,7,5,3,4,No,4.0,1,3,Travel_Rarely,17.0,4,Medical,Single,13080,452,66,3,3,3,0,4,2,2,Yes
EMP10411,34,Male,Research & Development,Healthcare Representative,5180,4,2,2,4,Yes,1.0,3,2,Travel_Rarely,28.0,2,Life Sciences,Married,16772,1210,66,3,1,3,0,1,5,2,No
EMP10412,51,Female,Human Resources,Manager,5320,5,2,5,1,No,1.0,4,1,Travel_Rarely,21.0,4,Marketing,Divorced,4246,1120,36,1,4,1,3,5,5,2,No
EMP10413,29,Male,Human Resources,Human Resources,4730,4,2,3,3,No,3.0,4,2,Travel_Rarely,18.0,3,Life Sciences,Married,25129,970,69,3,1,3,2,0,1,2,No
EMP10414,51,Female,Research & Development,Healthcare Representative,5260,9,6,5,7,No,2.0,4,2,Travel_Frequently,13.0,2,Technical Degree,Single,21462,858,80,2,4,3,2,1,2,2,Yes
EMP10415,41,Female,Research & Development,Research Scientist,4480,7,2,3,7,No,3.0,1,1,Non-Travel,5.0,3,Life Sciences,Single,21435,977,93,3,4,1,0,3,5,2,No
EMP10416,24,Female,Research & Development,Laboratory Technician,4580,5,4,2,2,No,4.0,3,1,Travel_Rarely,16.0,3,Life Sciences,Married,23113,852,51,2,3,2,0,2,1,2,No
EMP10417,40,Female,Research & Development,Research Scientist,4270,4,2,2,4,No,2.0,3,2,Travel_Rarely,8.0,3,Life Sciences,Married,3699,965,72,3,3,3,0,2,2,2,No
EMP10418,18,Male,Research & Development,Research Scientist,4070,0,0,0,0,No,4.0,3,1,Non-Travel,4.0,3,Other,Single,16963,1132,91,3,2,3,0,2,1,2,No
EMP10419,43,Female,Sales,Sales Representative,5410,12,8,5,1,No,2.0,2,1,Non-Travel,9.0,2,Other,Single,25052,1420,83,3,4,3,0,2,0,3,No
EMP10420,45,Male,Sales,Manager,3030,9,1,7,8,Yes,2.0,3,2,Travel_Rarely,22.0,3,Life Sciences,Married,21475,1340,56,4,2,3,0,3,1,2,Yes
EMP10421,32,Male,Sales,Sales Executive,5470,11,9,1,1,No,2.0,3,1,Travel_Frequently,3.0,3,Technical Degree,Single,22168,327,58,4,3,2,3,3,1,2,Yes
EMP10422,38,Female,Sales,Sales Executive,8560,2,1,0,2,No,3.0,3,3,Non-Travel,29.0,3,Marketing,Divorced,3844,1155,45,3,1,3,0,4,3,2,No
EMP10423,55,Female,Research & Development,Research Director,2790,3,2,3,1,No,2.0,3,1,Travel_Rarely,7.0,3,Other,Married,8397,530,40,4,4,3,2,3,4,2,Yes
EMP10424,32,Female,Research & Development,Research Scientist,3440,2,1,1,2,No,4.0,3,1,Travel_Rarely,4.0,4,Life Sciences,Married,14885,888,50,1,4,3,3,2,1,2,No
EMP10425,27,Male,Research & Development,Manufacturing Director,5430,6,3,4,6,No,3.0,1,2,Travel_Rarely,7.0,4,Technical Degree,Single,21635,269,38,1,3,2,0,4,0,2,No
EMP10426,50,Female,Research & Development,Healthcare Representative,10220,11,8,6,2,Yes,3.0,4,3,Non-Travel,29.0,4,Life Sciences,Divorced,18108,1354,56,3,3,1,0,0,4,2,No
EMP10427,55,Female,Research & Development,Manufacturing Director,7620,4,1,1,4,No,1.0,2,3,Travel_Frequently,6.0,3,Life Sciences,Single,9520,169,108,4,1,3,0,0,0,2,Yes
EMP10428,37,Male,Sales,Sales Executive,7730,12,8,7,2,Yes,1.0,3,2,Travel_Rarely,4.0,4,Other,Single,11942,1234,52,3,3,2,2,1,2,2,No
EMP10429,46,Male,Research & Development,Laboratory Technician,4730,4,2,1,1,Yes,3.0,1,1,Travel_Rarely,16.0,2,Marketing,Single,2892,1212,80,2,4,3,1,2,5,2,No
EMP10430,49,Male,Research & Development,Healthcare Representative,6240,5,2,3,4,Yes,4.0,3,2,Travel_Rarely,17.0,2,Life Sciences,Single,10406,101,109,3,3,3,1,3,0,2,No
EMP10431,30,Male,Research & Development,Manufacturing Director,5840,4,1,1,4,No,3.0,4,2,Travel_Rarely,1.0,3,Life Sciences,Married,21813,1179,32,1,3,4,2,0,3,2,No
EMP10432,32,Female,Sales,Sales Executive,2530,5,0,4,2,No,3.0,1,1,Travel_Rarely,20.0,4,Technical Degree,Married,15171,769,45,3,4,3,0,3,1,3,No
EMP10433,48,Female,Research & Development,Healthcare Representative,8660,6,3,1,6,No,4.0,4,3,Non-Travel,10.0,3,Technical Degree,Single,25129,370,37,2,2,3,0,2,2,2,No
EMP10434,52,Female,Research & Development,Research Scientist,2410,1,1,0,1,No,2.0,1,1,Travel_Frequently,8.0,2,Life Sciences,Married,22028,1397,71,1,4,3,1,3,1,2,Yes
EMP10435,42,Female,Research & Development,Healthcare Representative,16710,8,3,6,3,No,2.0,1,5,Travel_Rarely,6.0,2,Other,Married,23723,643,102,2,3,3,2,0,0,2,No
EMP10436,29,Male,Sales,Sales Executive,8420,6,3,2,3,Yes,3.0,4,3,Travel_Frequently,5.0,4,Life Sciences,Divorced,18989,369,64,3,1,2,0,6,3,2,No
EMP10437,55,Female,Research & Development,Manager,7300,15,3,7,8,Yes,2.0,3,2,Travel_Rarely,11.0,4,Life Sciences,Single,16672,289,100,3,3,4,0,3,1,2,No
EMP10438,32,Male,Sales,Sales Executive,12170,9,1,6,2,No,4.0,1,4,Travel_Rarely,5.0,3,Other,Single,22798,821,101,1,4,3,1,1,0,2,No
EMP10439,34,Female,Sales,Sales Executive,5650,7,2,3,3,No,3.0,4,2,Travel_Frequently,20.0,3,Life Sciences,Single,18312,1431,77,3,3,1,0,3,7,2,No
EMP10440,40,Male,Research & Development,Research Scientist,4290,14,9,4,8,No,1.0,3,1,Travel_Rarely,29.0,3,Life Sciences,Married,20897,121,83,3,3,3,2,5,1,2,No
EMP10441,51,Female,Research & Development,Laboratory Technician,7240,13,7,4,8,No,1.0,1,2,Travel_Rarely,8.0,4,Marketing,Married,9043,113,65,4,4,2,1,1,1,2,No
EMP10442,45,Male,Human Resources,Manager,5120,15,4,3,6,No,3.0,4,1,Non-Travel,29.0,3,Human Resources,Married,19561,667,35,4,4,2,1,1,2,3,No
EMP10443,41,Male,Research & Development,Manager,4570,4,1,3,1,No,3.0,3,2,Travel_Frequently,11.0,4,Life Sciences,Single,14638,674,100,1,4,2,2,3,0,2,No
EMP10444,41,Female,Research & Development,Laboratory Technician,4400,2,2,1,2,Yes,4.0,2,2,Non-Travel,9.0,3,Other,Married,23565,691,41,2,2,2,2,3,0,2,No
EMP10445,37,Male,Sales,Sales Executive,4180,1,0,0,1,No,3.0,4,2,Travel_Rarely,13.0,4,Human Resources,Married,19867,651,88,2,3,3,0,4,2,2,No
EMP10446,42,Female,Sales,Sales Representative,5710,11,5,4,3,No,3.0,3,1,Travel_Rarely,11.0,1,Life Sciences,Married,21695,905,94,3,4,3,0,5,1,3,No
EMP10447,18,Male,Human Resources,Manager,5530,0,0,0,0,No,2.0,3,2,Non-Travel,14.0,3,Technical Degree,Single,22669,1013,79,3,3,3,0,4,1,2,Yes
EMP10448,34,Female,Sales,Sales Representative,7240,7,0,4,4,Yes,1.0,4,3,Non-Travel,14.0,3,Life Sciences,Married,25697,378,72,1,3,3,2,1,1,3,No
EMP10449,39,Male,Research & Development,Laboratory Technician,4000,2,1,1,2,No,3.0,4,1,Travel_Frequently,6.0,3,Life Sciences,Married,11737,867,72,4,3,1,2,1,3,3,No
EMP10450,26,Male,Research & Development,Laboratory Technician,6200,8,2,3,8,No,4.0,2,2,Travel_Rarely,10.0,2,Human Resources,Married,15953,1233,78,3,2,2,1,2,1,3,No
EMP10451,40,Male,Sales,Sales Representative,4060,8,2,5,3,No,3.0,4,1,Travel_Rarely,14.0,4,Other,Divorced,17419,147,105,3,1,3,2,4,1,2,No
EMP10452,35,Male,Research & Development,Research Scientist,5460,12,4,8,4,No,3.0,2,2,Travel_Rarely,16.0,3,Life Sciences,Married,11688,843,84,3,1,3,0,4,1,2,No
EMP10453,53,Male,Research & Development,Manufacturing Director,3450,7,3,6,7,No,3.0,3,1,Travel_Rarely,4.0,4,Medical,Single,14974,1205,79,3,3,2,2,5,2,2,No
EMP10454,51,Male,Sales,Sales Executive,5590,3,2,0,3,No,3.0,4,2,Travel_Rarely,7.0,4,Medical,Single,26648,785,50,3,2,3,0,4,1,2,Yes
EMP10455,33,Male,Research & Development,Research Director,3570,4,2,4,4,No,1.0,3,1,Travel_Rarely,6.0,3,Life Sciences,Divorced,7358,724,42,4,4,4,0,2,2,2,No
EMP10456,36,Male,Research & Development,Research Scientist,4220,10,4,8,2,No,4.0,2,1,Travel_Rarely,2.0,4,Life Sciences,Divorced,24943,1401,71,2,2,3,2,3,1,2,No
EMP10457,36,Male,Research & Development,Manufacturing Director,11160,2,1,1,2,No,3.0,3,4,Travel_Rarely,10.0,4,Life Sciences,Married,12418,480,44,3,2,2,0,1,1,2,No
EMP10458,33,Female,Research & Development,Manufacturing Director,4460,4,1,3,4,Yes,3.0,3,1,Travel_Frequently,11.0,3,Technical Degree,Married,19474,409,79,1,4,3,2,4,0,2,Yes
EMP10459,39,Male,Research & Development,Manufacturing Director,5420,4,3,1,4,No,3.0,1,2,Non-Travel,24.0,4,Medical,Single,11808,651,30,3,3,4,2,2,0,2,No
EMP10460,30,Male,Research & Development,Research Scientist,3610,6,4,4,3,No,2.0,4,1,Non-Travel,5.0,3,Life Sciences,Divorced,16583,641,80,3,2,2,1,5,1,2,No
EMP10461,27,Female,Research & Development,Manufacturing Director,5330,9,2,2,2,Yes,3.0,4,2,Travel_Frequently,8.0,3,Human Resources,Single,23186,866,63,1,4,3,2,4,1,2,No
EMP10462,43,Male,Research & Development,Manufacturing Director,6120,12,5,6,7,No,3.0,3,2,Travel_Rarely,19.0,4,Human Resources,Married,3591,1363,71,1,3,3,1,6,0,2,No
EMP10463,43,Female,Sales,Sales Representative,3470,2,0,1,2,Yes,2.0,3,1,Travel_Rarely,14.0,3,Medical,Married,17458,1306,91,1,3,3,3,3,3,2,No
EMP10464,30,Male,Research & Development,Manufacturing Director,3660,3,2,2,3,No,4.0,2,1,Travel_Rarely,29.0,3,Life Sciences,Married,7901,283,61,2,4,2,1,3,0,2,No
EMP10465,45,Male,Human Resources,Human Resources,2980,2,2,1,0,Yes,3.0,4,1,Travel_Rarely,12.0,3,Marketing,Married,10079,565,90,3,1,3,1,3,1,2,No
EMP10466,31,Male,Research & Development,Research Director,6040,6,2,1,6,No,4.0,2,2,Non-Travel,9.0,4,Life Sciences,Married,10779,738,83,4,2,2,1,2,0,2,No
EMP10467,39,Female,Research & Development,Research Scientist,7460,2,1,2,1,Yes,4.0,1,3,Travel_Rarely,6.0,5,Life Sciences,Married,11034,693,103,2,4,3,3,2,3,3,No
EMP10468,44,Female,Sales,Sales Representative,5470,8,4,5,5,No,3.0,4,2,Travel_Rarely,4.0,3,Technical Degree,Married,5649,1356,87,1,2,3,0,4,0,2,No
EMP10469,37,Male,Research & Development,Manufacturing Director,5380,13,4,6,1,Yes,2.0,4,2,Travel_Rarely,10.0,4,Life Sciences,Single,17116,803,53,3,4,2,2,1,3,2,No
EMP10470,41,Male,Human Resources,Human Resources,3030,1,1,1,1,Yes,4.0,3,1,Travel_Rarely,7.0,4,Life Sciences,Married,19949,100,56,1,1,3,0,3,6,2,Yes
EMP10471,32,Female,Research & Development,Research Scientist,3950,3,3,2,3,No,3.0,1,1,Travel_Rarely,9.0,2,Life Sciences,Divorced,21993,1107,50,1,2,4,0,0,3,2,Yes
EMP10472,35,Male,Human Resources,Human Resources,4620,15,6,6,1,Yes,3.0,2,1,Non-Travel,25.0,3,Life Sciences,Married,4929,461,47,3,3,3,3,3,2,2,No
EMP10473,35,Male,Research & Development,Healthcare Representative,4040,7,3,3,4,No,1.0,3,1,Travel_Frequently,12.0,4,Life Sciences,Married,2721,818,84,4,3,2,0,2,1,2,Yes
EMP10474,30,Female,Sales,Sales Representative,3740,4,3,2,1,No,3.0,3,1,Travel_Rarely,2.0,4,Other,Married,3804,382,97,4,1,3,2,4,2,2,Yes
EMP10475,35,Female,Research & Development,Healthcare Representative,5910,17,7,9,6,Yes,2.0,3,2,Travel_Rarely,4.0,4,Life Sciences,Single,14611,930,76,1,1,3,0,2,0,2,Yes
EMP10476,23,Male,Human Resources,Human Resources,4530,5,3,3,5,Yes,2.0,3,2,Travel_Rarely,8.0,3,Life Sciences,Married,2654,268,83,1,4,3,2,2,1,2,No
EMP10477,32,Female,Research & Development,Laboratory Technician,10640,9,2,8,2,Yes,4.0,3,4,Travel_Frequently,7.0,2,Life Sciences,Single,10336,988,47,3,4,3,2,4,2,2,Yes
EMP10478,34,Female,Research & Development,Research Scientist,3810,3,1,2,3,No,3.0,3,1,Travel_Rarely,23.0,3,Other,Married,17109,1309,102,2,2,4,0,3,1,2,No
EMP10479,35,Male,Human Resources,Human Resources,4810,3,1,1,3,No,3.0,4,2,Travel_Rarely,9.0,3,Medical,Married,26068,221,93,3,3,3,1,5,1,2,No
EMP10480,35,Male,Research & Development,Laboratory Technician,8630,9,3,2,1,No,3.0,3,3,Travel_Rarely,6.0,3,Life Sciences,Single,11888,540,78,3,3,3,0,2,0,3,No
EMP10481,36,Male,Research & Development,Research Scientist,6470,16,5,4,1,No,1.0,4,2,Travel_Frequently,19.0,4,Other,Married,24837,738,64,1,4,2,0,2,0,2,No
EMP10482,41,Female,Sales,Sales Executive,3800,4,2,3,4,No,4.0,4,1,Travel_Rarely,9.0,2,Life Sciences,Divorced,22623,573,68,2,3,3,2,5,2,2,Yes
EMP10483,45,Female,Research & Development,Manufacturing Director,2760,3,2,1,2,No,2.0,1,1,Non-Travel,1.0,4,Life Sciences,Married,15229,1245,87,4,4,3,0,2,0,2,No
EMP10484,31,Male,Research & Development,Healthcare Representative,3820,11,6,4,2,No,4.0,4,1,Travel_Rarely,7.0,3,Life Sciences,Divorced,19276,831,86,3,4,3,2,2,1,2,No
EMP10485,26,Female,Research & Development,Manager,3250,4,0,3,2,No,3.0,1,1,Travel_Rarely,13.0,3,Life Sciences,Divorced,6290,1040,35,4,3,3,0,3,1,2,Yes
EMP10486,27,Male,Sales,Manager,5500,8,2,6,7,No,2.0,4,2,Travel_Frequently,6.0,2,Life Sciences,Married,20044,759,107,3,2,3,0,3,1,2,No
EMP10487,32,Male,Research & Development,Manufacturing Director,4070,4,2,0,4,Yes,2.0,3,1,Travel_Frequently,14.0,3,Technical Degree,Divorced,15899,391,107,3,3,3,0,2,2,2,Yes
EMP10488,34,Male,Research & Development,Laboratory Technician,3870,5,3,1,4,No,4.0,3,1,Travel_Rarely,18.0,2,Life Sciences,Married,6913,1037,49,1,4,4,0,2,0,2,No
EMP10489,30,Male,Human Resources,Human Resources,6550,3,0,2,1,Yes,3.0,2,2,Travel_Frequently,15.0,5,Marketing,Married,25720,346,79,3,3,2,1,5,1,2,No
EMP10490,25,Female,Sales,Sales Representative,8230,7,5,3,7,No,3.0,1,3,Travel_Rarely,10.0,4,Life Sciences,Divorced,12968,287,38,3,4,4,0,3,2,2,No
EMP10491,33,Male,Research & Development,Research Scientist,6820,8,3,3,5,No,1.0,1,2,Travel_Rarely,10.0,3,Life Sciences,Married,9350,1407,105,1,4,2,3,2,1,2,No
EMP10492,39,Female,Research & Development,Laboratory Technician,4510,8,2,3,5,Yes,4.0,4,2,Travel_Rarely,6.0,3,Life Sciences,Single,22304,656,43,1,2,3,3,2,2,2,No
EMP10493,42,Male,Research & Development,Research Director,5840,4,2,3,1,No,2.0,3,2,Non-Travel,5.0,5,Other,Single,11328,1247,52,3,3,2,1,3,3,2,No
EMP10494,32,Male,Research & Development,Laboratory Technician,3180,7,1,5,1,No,3.0,3,1,Travel_Frequently,13.0,3,Life Sciences,Married,19683,989,77,3,3,3,1,5,0,2,No
EMP10495,33,Female,Research & Development,Manufacturing Director,6440,15,3,6,4,No,1.0,4,2,Travel_Frequently,7.0,2,Technical Degree,Married,4523,346,109,3,1,3,3,3,1,2,No
EMP10496,28,Male,Research & Development,Manufacturing Director,4380,3,1,2,3,No,2.0,2,2,Travel_Frequently,5.0,3,Life Sciences,Single,3660,1460,85,3,3,1,2,2,1,3,Yes
EMP10497,37,Male,Research & Development,Research Scientist,10650,3,1,1,1,No,3.0,3,4,Travel_Rarely,8.0,5,Life Sciences,Divorced,9630,1058,69,3,1,4,0,5,2,2,No
EMP10498,29,Male,Research & Development,Laboratory Technician,2390,3,2,1,1,Yes,2.0,3,1,Travel_Rarely,8.0,1,Life Sciences,Married,6512,1282,98,3,4,3,2,3,1,2,No
EMP10499,42,Female,Human Resources,Human Resources,4730,6,1,3,2,No,4.0,1,2,Travel_Rarely,11.0,3,Life Sciences,Married,3858,1390,68,3,4,3,0,3,5,2,No
EMP10500,21,Male,Human Resources,Human Resources,5420,3,2,1,3,Yes,3.0,4,1,Travel_Rarely,3.0,5,Life Sciences,Single,10329,391,103,1,1,3,1,3,1,2,Yes
EMP10501,34,Male,Sales,Sales Executive,4800,8,3,5,1,No,4.0,3,2,Travel_Rarely,8.0,2,Life Sciences,Single,13752,994,72,1,3,3,1,1,2,2,No
EMP10502,40,Male,Research & Development,Research Director,3280,1,0,1,1,Yes,3.0,1,1,Travel_Rarely,7.0,2,Technical Degree,Single,20137,250,60,3,3,3,2,3,1,1,Yes
EMP10503,39,Male,Research & Development,Research Scientist,4180,10,4,3,5,No,1.0,3,1,Travel_Rarely,14.0,3,Life Sciences,Married,13048,1408,99,3,3,2,0,4,2,3,No
EMP10504,60,Female,Sales,Sales Executive,8000,7,6,3,5,No,3.0,4,3,Travel_Rarely,15.0,4,Marketing,Married,9335,250,32,4,3,3,0,5,1,2,No
EMP10505,40,Male,Sales,Sales Executive,7250,17,6,11,1,No,2.0,1,2,Travel_Rarely,9.0,3,Life Sciences,Married,24661,223,33,3,2,3,2,2,3,2,Yes
EMP10506,28,Male,Research & Development,Manager,5450,3,2,2,2,No,3.0,2,2,Travel_Rarely,12.0,5,Medical,Single,19568,371,56,3,2,4,2,3,2,3,No
EMP10507,36,Male,Sales,Sales Executive,4800,11,2,7,6,No,3.0,3,1,Travel_Rarely,8.0,4,Marketing,Divorced,25311,1463,56,2,1,3,1,5,0,1,Yes
EMP10508,21,Male,Sales,Sales Executive,1970,3,1,2,3,Yes,4.0,4,1,Travel_Rarely,19.0,2,Life Sciences,Single,16071,758,76,3,4,3,1,3,2,2,No
EMP10509,36,Female,Sales,Manager,5370,5,3,2,5,No,1.0,3,2,Travel_Frequently,19.0,5,Life Sciences,Single,19117,707,89,1,3,3,2,4,1,2,No
EMP10510,29,Male,Sales,Sales Representative,7580,3,1,1,3,No,4.0,2,3,Travel_Rarely,5.0,3,Technical Degree,Divorced,20235,1080,65,3,4,3,1,3,0,2,Yes
EMP10511,45,Female,Research & Development,Research Scientist,10110,4,2,1,3,No,3.0,3,4,Non-Travel,3.0,3,Other,Single,8520,654,75,1,3,3,0,2,2,2,No
EMP10512,32,Male,Research & Development,Research Director,5230,4,2,1,2,Yes,3.0,3,2,Travel_Rarely,15.0,3,Life Sciences,Married,10586,630,90,1,3,3,1,2,2,2,No
EMP10513,36,Male,Sales,Sales Executive,3420,2,2,1,2,No,,1,2,Travel_Rarely,3.0,3,Life Sciences,Single,7291,1236,71,3,3,2,3,4,1,2,Yes
EMP10514,31,Female,Sales,Sales Executive,7860,7,6,2,6,No,3.0,3,3,Travel_Rarely,20.0,2,Other,Single,20901,824,36,1,4,3,2,0,1,2,No
EMP10515,53,Male,Research & Development,Research Scientist,6680,7,4,6,6,No,4.0,3,2,Travel_Frequently,3.0,1,Life Sciences,Married,17106,745,59,3,2,3,1,2,1,4,No
EMP10516,34,Female,Research & Development,Research Scientist,6220,9,2,6,4,Yes,4.0,4,2,Non-Travel,15.0,3,Marketing,Single,25973,163,79,3,2,3,0,1,1,3,No
EMP10517,54,Female,Research & Development,Healthcare Representative,3320,4,0,4,2,Yes,2.0,1,1,Travel_Rarely,9.0,4,Life Sciences,Single,5327,617,76,3,1,3,2,4,1,2,No
EMP10518,44,Male,Sales,Sales Executive,6310,10,2,4,5,Yes,3.0,2,2,Travel_Rarely,29.0,3,Life Sciences,Married,8124,1478,69,1,4,3,1,5,1,2,No
EMP10519,41,Male,Human Resources,Human Resources,6530,13,5,9,5,Yes,2.0,3,2,Travel_Rarely,20.0,5,Marketing,Married,15431,1276,34,1,4,3,0,2,1,2,Yes
EMP10520,40,Female,Research & Development,Healthcare Representative,7080,5,3,3,5,No,4.0,3,3,Travel_Rarely,3.0,3,Medical,Divorced,20450,428,99,3,1,3,0,6,1,2,No
EMP10521,40,Male,Research & Development,Healthcare Representative,7980,3,1,1,2,No,3.0,3,3,Travel_Rarely,4.0,3,Life Sciences,Divorced,15095,789,87,2,2,2,2,5,2,2,No
EMP10522,19,Male,Research & Development,Research Scientist,3390,1,1,0,1,No,4.0,2,1,Travel_Rarely,13.0,2,Medical,Married,18180,578,73,4,3,1,0,3,0,2,No
EMP10523,34,Male,Human Resources,Human Resources,5720,6,2,3,1,No,3.0,1,2,Travel_Rarely,18.0,2,Human Resources,Single,2246,490,100,1,3,2,1,5,0,2,No
EMP10524,45,Male,Sales,Sales Executive,7130,5,3,1,5,No,2.0,3,3,Travel_Frequently,3.0,3,Marketing,Married,23708,674,61,3,3,1,1,2,0,2,No
EMP10525,36,Female,Sales,Sales Representative,4200,9,5,5,4,No,3.0,4,1,Travel_Rarely,16.0,4,Life Sciences,Married,9587,511,108,1,4,2,2,2,1,2,No
EMP10526,24,Male,Research & Development,Healthcare Representative,3780,5,2,3,2,No,2.0,3,1,Travel_Rarely,10.0,4,Marketing,Single,5138,1381,106,3,3,3,1,3,2,2,Yes
EMP10527,36,Male,Research & Development,Manager,4530,3,0,2,3,No,2.0,3,1,Travel_Rarely,12.0,5,Technical Degree,Married,18725,968,103,4,1,2,1,2,1,2,No
EMP10528,52,Female,Research & Development,Research Scientist,3620,7,2,3,2,Yes,2.0,4,2,Travel_Rarely,5.0,3,Human Resources,Divorced,16227,606,69,3,2,2,0,1,2,2,No
EMP10529,48,Male,Research & Development,Research Scientist,3980,9,5,3,4,Yes,4.0,3,1,Travel_Rarely,26.0,4,Marketing,Married,4434,1057,86,3,2,4,1,1,4,2,No
EMP10530,36,Male,Sales,Sales Executive,4570,9,3,4,2,Yes,1.0,3,2,Travel_Rarely,11.0,3,Life Sciences,Married,18725,393,40,2,2,4,0,3,2,2,No
EMP10531,46,Female,Sales,Sales Executive,3800,4,1,1,3,Yes,4.0,1,1,Travel_Rarely,7.0,2,Technical Degree,Single,18491,862,69,4,3,3,0,3,1,2,No
EMP10532,34,Male,Human Resources,Human Resources,6360,7,3,5,5,No,1.0,4,3,Travel_Frequently,7.0,4,Technical Degree,Married,8820,607,76,3,2,2,1,2,1,2,No
EMP10533,21,Female,Human Resources,Manager,3560,3,2,1,2,Yes,4.0,3,1,Travel_Rarely,7.0,4,Life Sciences,Single,23112,218,31,1,3,3,2,1,6,2,Yes
EMP10534,28,Female,Research & Development,Research Scientist,4340,10,6,7,3,Yes,4.0,2,1,Travel_Frequently,11.0,2,Medical,Divorced,23477,577,81,1,3,3,2,3,2,2,No
EMP10535,51,Male,Sales,Sales Executive,4440,2,1,1,2,No,3.0,1,2,Travel_Frequently,9.0,3,Life Sciences,Single,23905,663,101,1,2,2,2,5,0,3,No
EMP10536,34,Male,Sales,Sales Representative,5200,5,1,2,0,No,4.0,2,2,Travel_Rarely,3.0,3,Technical Degree,Divorced,15613,941,78,1,2,3,0,2,0,3,No
EMP10537,35,Male,Sales,Sales Executive,4950,13,8,3,6,No,4.0,1,1,Travel_Rarely,2.0,4,Life Sciences,Married,7226,1442,88,4,3,1,0,5,1,2,No
EMP10538,34,Male,Research & Development,Healthcare Representative,3040,2,1,2,2,Yes,1.0,2,1,Travel_Frequently,15.0,3,Marketing,Married,9802,1171,67,2,4,4,0,4,0,3,No
EMP10539,54,Female,Research & Development,Research Scientist,3070,6,4,5,1,No,4.0,4,1,Travel_Rarely,12.0,5,Other,Divorced,14872,574,45,2,1,3,0,1,0,3,No
EMP10540,52,Female,Research & Development,Manufacturing Director,4690,4,2,3,1,Yes,1.0,1,2,Travel_Rarely,25.0,2,Human Resources,Single,12716,1045,107,3,3,2,1,2,2,2,Yes
EMP10541,57,Male,Human Resources,Human Resources,8760,7,6,5,1,No,1.0,3,3,Travel_Rarely,3.0,3,Other,Single,20768,851,56,3,3,3,0,2,1,3,No
EMP10542,35,Female,Research & Development,Research Scientist,5160,1,1,1,1,No,3.0,1,2,Travel_Rarely,9.0,3,Other,Divorced,12552,649,103,2,3,3,1,3,1,4,Yes
EMP10543,40,Female,Research & Development,Manager,6020,12,4,5,1,No,1.0,3,2,Travel_Rarely,9.0,3,Life Sciences,Married,15465,827,57,1,3,3,2,0,0,2,No
EMP10544,23,Female,Sales,Sales Executive,5040,5,1,2,5,No,1.0,3,2,Travel_Rarely,1.0,3,Marketing,Married,7920,235,95,1,4,3,2,2,2,2,Yes
EMP10545,50,Male,Research & Development,Manufacturing Director,2990,3,1,1,3,Yes,4.0,1,1,Travel_Rarely,8.0,4,Medical,Single,10800,617,74,3,1,1,2,2,4,2,Yes
EMP10546,26,Male,Research & Development,Laboratory Technician,10720,3,1,1,3,No,4.0,4,4,Travel_Frequently,13.0,4,Other,Married,24307,858,62,2,2,2,2,5,2,2,No
EMP10547,39,Male,Research & Development,Laboratory Technician,6870,7,2,2,6,No,4.0,3,3,Travel_Rarely,19.0,5,Life Sciences,Single,7468,423,89,4,3,2,0,3,0,4,No
EMP10548,27,Female,Sales,Manager,3360,3,2,2,3,No,3.0,4,1,Travel_Rarely,3.0,4,Other,Married,17125,1320,79,3,4,4,2,2,4,2,Yes
EMP10549,32,Male,Research & Development,Research Scientist,5110,14,4,4,9,No,4.0,1,1,Travel_Rarely,12.0,4,Marketing,Married,16077,210,75,3,2,4,0,2,1,3,No
EMP10550,29,Male,Sales,Sales Representative,4730,5,2,1,5,No,1.0,3,1,Travel_Rarely,2.0,3,Human Resources,Married,9696,1238,64,4,3,3,0,3,3,2,Yes
EMP10551,31,Male,Research & Development,Manager,4210,13,8,5,3,No,4.0,4,1,Travel_Rarely,7.0,4,Life Sciences,Single,12539,823,70,3,1,1,0,2,1,2,Yes
EMP10552,32,Male,Sales,Sales Representative,5990,7,3,6,5,Yes,2.0,4,2,Travel_Rarely,10.0,3,Life Sciences,Married,4739,587,87,3,4,3,0,2,2,3,No
EMP10553,32,Male,Research & Development,Manager,6310,9,5,3,9,No,4.0,4,2,Travel_Frequently,9.0,3,Technical Degree,Married,23207,464,106,2,3,3,1,2,1,3,No
EMP10554,44,Female,Research & Development,Research Scientist,8240,9,6,8,2,No,3.0,3,3,Travel_Rarely,2.0,3,Life Sciences,Married,15845,866,84,3,2,2,0,3,0,2,No
EMP10555,27,Male,Sales,Sales Executive,5770,4,0,0,4,No,4.0,3,2,Travel_Rarely,3.0,3,Human Resources,Married,7060,931,34,2,3,3,3,1,2,3,No
EMP10556,39,Male,Research & Development,Research Scientist,6840,9,3,1,9,No,4.0,3,2,Travel_Rarely,4.0,3,Life Sciences,Single,25424,1433,34,3,3,2,2,1,3,3,Yes
EMP10557,48,Male,Research & Development,Healthcare Representative,5900,4,3,4,4,Yes,4.0,1,2,Travel_Frequently,11.0,5,Technical Degree,Divorced,26786,212,51,3,2,3,3,2,3,3,No
EMP10558,32,Male,Research & Development,Manager,4600,2,0,1,1,No,3.0,3,1,Travel_Rarely,8.0,3,Life Sciences,Married,26861,1393,63,3,4,3,2,1,1,2,No
EMP10559,30,Male,Sales,Sales Executive,3730,5,3,4,1,No,4.0,4,1,Travel_Frequently,6.0,2,Marketing,Married,12662,419,94,4,1,3,3,2,1,3,Yes
EMP10560,35,Male,Research & Development,Healthcare Representative,4530,2,2,2,2,No,4.0,1,2,Travel_Rarely,12.0,3,Technical Degree,Single,24222,274,88,3,3,3,0,4,1,2,No
EMP10561,48,Male,Sales,Sales Executive,4310,4,0,2,3,No,1.0,2,1,Travel_Rarely,12.0,2,Life Sciences,Married,10685,1142,46,2,3,3,1,4,0,3,No
EMP10562,39,Male,Research & Development,Manufacturing Director,5280,6,2,2,6,Yes,3.0,2,1,Travel_Frequently,5.0,2,Life Sciences,Single,19401,1326,80,3,4,3,0,3,0,2,No
EMP10563,32,Male,Research & Development,Laboratory Technician,7060,3,2,3,3,No,1.0,4,3,Travel_Rarely,10.0,3,Life Sciences,Divorced,5490,225,78,4,1,2,1,3,2,2,No
EMP10564,41,Male,Research & Development,Manager,5720,8,2,5,2,No,4.0,3,2,Travel_Rarely,12.0,3,Marketing,Single,21268,1094,38,3,3,3,2,2,1,3,No
EMP10565,27,Female,Research & Development,Manufacturing Director,2020,4,1,1,1,No,1.0,3,1,Non-Travel,4.0,3,Medical,Single,4814,353,103,2,1,3,1,0,1,2,No
EMP10566,43,Female,Research & Development,Laboratory Technician,6090,2,1,1,1,No,4.0,3,2,Travel_Frequently,6.0,4,Technical Degree,Single,12181,1028,44,4,4,3,0,3,2,2,Yes
EMP10567,41,Male,Research & Development,Research Scientist,6560,3,1,0,3,Yes,3.0,3,3,Travel_Rarely,7.0,4,Medical,Divorced,16680,866,58,2,2,3,1,3,1,3,Yes
EMP10568,34,Male,Research & Development,Research Scientist,3830,6,2,5,1,No,1.0,4,1,Travel_Rarely,13.0,3,Medical,Married,6914,391,82,4,3,3,0,2,2,2,No
EMP10569,29,Female,Sales,Sales Executive,4280,5,2,1,5,No,4.0,2,1,Travel_Frequently,15.0,3,Life Sciences,Single,12558,1275,54,1,3,2,2,1,3,2,No
EMP10570,29,Male,Research & Development,Research Scientist,12260,7,1,6,6,No,1.0,3,4,Travel_Rarely,12.0,3,Life Sciences,Divorced,15653,298,57,4,1,2,1,1,2,2,No
EMP10571,42,Female,Research & Development,Research Director,2920,6,1,4,3,No,3.0,2,1,Travel_Rarely,2.0,4,Life Sciences,Single,13642,1322,52,1,1,3,3,3,1,2,No
EMP10572,48,Female,Sales,Sales Representative,4610,3,2,2,1,No,4.0,1,1,Travel_Rarely,4.0,2,Other,Married,26299,786,32,3,2,3,3,3,0,2,No
EMP10573,31,Male,Research & Development,Manufacturing Director,5440,4,2,2,4,No,2.0,2,2,Travel_Rarely,13.0,1,Other,Married,21448,881,62,3,4,4,0,4,2,1,No
EMP10574,41,Male,Research & Development,Research Scientist,7700,10,1,1,10,No,3.0,3,3,Travel_Frequently,14.0,4,Life Sciences,Divorced,18973,1040,100,3,3,3,3,2,4,2,No
EMP10575,18,Female,Sales,Manager,3400,0,0,0,0,No,4.0,4,1,Travel_Rarely,9.0,3,Marketing,Married,10826,1303,98,3,4,3,3,2,1,2,Yes
EMP10576,32,Male,Sales,Sales Representative,5030,14,3,4,4,No,4.0,3,1,Travel_Rarely,8.0,2,Other,Married,26783,317,46,3,1,3,1,3,2,3,Yes
EMP10577,37,Male,Research & Development,Research Scientist,4510,2,1,1,2,No,1.0,1,1,Travel_Rarely,17.0,3,Medical,Married,20617,729,96,1,1,3,2,2,4,2,Yes
EMP10578,29,Male,Sales,Sales Representative,16850,10,1,0,10,No,1.0,4,5,Travel_Rarely,1.0,5,Life Sciences,Married,19697,917,96,2,4,3,0,4,1,2,No
EMP10579,28,Male,Research & Development,Manufacturing Director,4180,5,3,1,0,No,3.0,2,1,Non-Travel,6.0,4,Life Sciences,Single,26553,932,63,3,3,3,3,5,1,2,Yes
EMP10580,31,Female,Research & Development,Research Scientist,4030,3,1,0,3,Yes,3.0,4,2,Travel_Rarely,21.0,4,Medical,Married,14541,1443,37,3,3,3,1,1,2,2,No
EMP10581,40,Female,Research & Development,Laboratory Technician,11450,6,3,4,6,Yes,3.0,4,4,Travel_Rarely,21.0,3,Other,Married,19354,122,74,1,4,2,3,2,2,2,No
EMP10582,35,Female,Human Resources,Human Resources,4590,3,2,2,3,No,2.0,3,1,Travel_Rarely,3.0,3,Technical Degree,Married,6706,736,89,2,4,4,0,5,1,2,No
EMP10583,18,Male,Research & Development,Research Scientist,10290,0,0,0,0,No,3.0,1,4,Travel_Frequently,5.0,5,Life Sciences,Single,8589,1207,85,3,1,3,2,3,2,2,No
EMP10584,18,Male,Research & Development,Manager,9190,0,0,0,0,No,4.0,3,4,Travel_Rarely,12.0,5,Life Sciences,Married,18289,810,99,3,1,3,0,3,1,2,No
EMP10585,31,Male,Research & Development,Research Director,9050,9,3,4,7,No,1.0,4,3,Travel_Rarely,8.0,3,Technical Degree,Married,11671,1449,51,4,1,3,0,3,2,3,Yes
EMP10586,41,Male,Research & Development,Healthcare Representative,3240,4,2,1,4,Yes,2.0,3,1,Non-Travel,11.0,4,Other,Married,11362,798,62,1,4,3,3,4,1,2,Yes
EMP10587,18,Male,Research & Development,Laboratory Technician,4310,0,0,0,0,No,3.0,2,2,Non-Travel,2.0,2,Marketing,Divorced,15171,428,79,4,2,3,2,3,1,3,Yes
EMP10588,32,Female,Research & Development,Laboratory Technician,8660,10,6,3,4,Yes,1.0,3,3,Travel_Rarely,17.0,3,Technical Degree,Married,5185,1453,100,4,3,4,2,3,1,2,No
EMP10589,32,Female,Research & Development,Healthcare Representative,15980,6,1,1,3,No,3.0,3,5,Travel_Rarely,9.0,4,Life Sciences,Married,9264,810,75,1,4,3,1,3,1,2,No
EMP10590,50,Male,Research & Development,Manufacturing Director,3710,7,3,5,7,No,2.0,1,1,Travel_Rarely,7.0,3,Human Resources,Single,17741,572,81,3,3,3,3,5,2,2,No
EMP10591,33,Female,Research & Development,Research Scientist,8100,6,3,2,5,No,2.0,4,3,Travel_Rarely,14.0,5,Human Resources,Single,25510,577,103,3,1,3,2,2,1,2,No
EMP10592,40,Male,Research & Development,Manufacturing Director,6300,8,2,7,4,No,3.0,4,1,Travel_Rarely,10.0,2,Life Sciences,Married,20759,1358,95,3,3,4,0,3,1,2,No
EMP10593,38,Male,Research & Development,Research Director,4350,2,1,1,2,No,2.0,2,1,Travel_Rarely,12.0,3,Technical Degree,Single,22828,1021,50,3,1,3,2,5,4,2,No
EMP10594,18,Female,Research & Development,Laboratory Technician,5620,0,0,0,0,No,4.0,1,2,Travel_Rarely,9.0,4,Life Sciences,Divorced,17529,655,53,3,3,3,0,3,5,2,Yes
EMP10595,44,Male,Sales,Sales Executive,7790,4,0,2,3,Yes,4.0,3,3,Travel_Rarely,6.0,4,Life Sciences,Divorced,8450,687,77,2,2,2,2,3,3,2,No
EMP10596,39,Female,Research & Development,Healthcare Representative,7070,5,3,4,5,No,3.0,2,2,Travel_Rarely,13.0,2,Life Sciences,Married,18582,793,42,1,1,3,0,4,3,2,No
EMP10597,42,Female,Sales,Sales Executive,5490,1,1,1,1,No,3.0,1,2,Travel_Rarely,18.0,3,Life Sciences,Married,5248,218,93,2,4,3,1,3,1,2,No
EMP10598,60,Male,Research & Development,Research Scientist,14450,4,1,2,4,No,1.0,4,5,Travel_Rarely,21.0,3,Life Sciences,Married,3147,1163,34,3,4,3,2,2,2,3,No
EMP10599,18,Female,Research & Development,Research Scientist,4430,0,0,0,0,No,4.0,4,2,Travel_Rarely,7.0,2,Medical,Married,23660,359,47,2,4,3,1,3,4,2,Yes
EMP10600,53,Male,Research & Development,Laboratory Technician,6710,15,4,6,7,Yes,3.0,2,2,Travel_Rarely,3.0,5,Medical,Married,8750,1048,104,4,2,2,2,2,1,2,No
EMP10601,34,Male,Research & Development,Healthcare Representative,3350,8,5,2,8,Yes,1.0,3,1,Travel_Rarely,13.0,4,Medical,Single,6706,855,66,3,4,3,3,5,1,2,Yes
EMP10602,40,Male,Research & Development,Manufacturing Director,4890,4,1,3,1,Yes,2.0,1,2,Travel_Rarely,5.0,2,Life Sciences,Divorced,6035,105,83,3,3,3,0,3,1,2,No
EMP10603,36,Male,Research & Development,Research Scientist,4500,2,1,1,2,No,2.0,2,2,Travel_Rarely,7.0,2,Life Sciences,Married,18240,410,61,4,4,3,1,1,0,2,No
EMP10604,33,Female,Research & Development,Research Director,12490,13,6,11,12,Yes,1.0,1,4,Travel_Rarely,15.0,2,Marketing,Single,11917,165,57,2,4,3,0,2,2,2,No
EMP10605,32,Male,Research & Development,Research Director,5600,4,2,3,3,No,3.0,1,2,Travel_Frequently,7.0,4,Life Sciences,Single,5968,1497,74,1,4,3,1,4,3,2,No
EMP10606,40,Female,Research & Development,Research Director,7200,7,4,1,3,No,4.0,3,3,Travel_Rarely,3.0,2,Life Sciences,Married,13281,830,57,4,1,3,0,1,2,2,Yes
EMP10607,23,Male,Research & Development,Research Scientist,3160,4,2,2,2,No,4.0,3,1,Travel_Rarely,8.0,3,Other,Single,7054,1269,94,3,3,3,1,6,1,2,No
EMP10608,44,Male,Research & Development,Laboratory Technician,4120,8,4,2,7,No,3.0,3,1,Travel_Rarely,14.0,3,Technical Degree,Single,15485,1357,99,1,3,4,0,1,0,2,No
EMP10609,33,Female,Research & Development,Manager,6320,12,7,3,12,No,3.0,3,2,Travel_Rarely,15.0,3,Other,Single,19810,128,104,1,2,3,2,4,0,2,No
EMP10610,27,Male,Sales,Sales Representative,3950,9,5,3,2,Yes,2.0,2,1,Travel_Rarely,25.0,2,Medical,Divorced,20225,759,71,4,2,3,0,2,3,3,No
EMP10611,33,Male,Research & Development,Research Scientist,3860,5,3,1,5,No,3.0,3,1,Travel_Rarely,8.0,3,Life Sciences,Single,25671,999,62,3,1,2,0,2,3,2,Yes
EMP10612,48,Male,Sales,Sales Executive,5780,13,3,4,2,Yes,2.0,2,2,Travel_Rarely,8.0,5,Technical Degree,Married,6863,1003,45,1,4,3,1,4,0,2,No
EMP10613,32,Male,Research & Development,Laboratory Technician,4520,14,7,4,6,Yes,2.0,1,1,Travel_Rarely,12.0,4,Life Sciences,Single,16431,460,42,4,4,3,0,2,5,3,No
EMP10614,40,Male,Research & Development,Manager,3780,11,3,11,2,No,3.0,1,1,Travel_Rarely,3.0,4,Medical,Married,14085,1061,50,3,3,3,0,5,0,2,Yes
EMP10615,30,Female,Sales,Sales Executive,6360,4,3,3,0,No,3.0,1,2,Travel_Rarely,19.0,1,Life Sciences,Married,8174,1478,88,4,3,2,2,1,2,2,No
EMP10616,44,Male,Sales,Sales Executive,6180,10,2,6,10,Yes,1.0,3,2,Travel_Rarely,14.0,3,Human Resources,Divorced,20528,125,76,2,2,4,1,4,1,2,No
EMP10617,43,Male,Research & Development,Research Scientist,11240,11,7,7,2,No,1.0,1,4,Travel_Rarely,9.0,4,Life Sciences,Married,2704,1413,68,3,3,4,0,2,0,2,No
EMP10618,54,Female,Research & Development,Healthcare Representative,4050,5,2,2,1,Yes,2.0,3,2,Travel_Rarely,10.0,3,Other,Married,11960,170,72,1,1,3,0,3,1,2,No
EMP10619,35,Male,Sales,Sales Representative,6230,17,11,13,4,No,3.0,4,2,Travel_Rarely,15.0,4,Other,Married,3069,1212,56,3,3,3,1,4,0,2,No
EMP10620,43,Female,Sales,Sales Executive,12660,12,9,6,5,No,2.0,2,4,Travel_Rarely,29.0,4,Medical,Married,14066,276,66,1,4,4,2,0,0,2,No
EMP10621,38,Male,Research & Development,Healthcare Representative,7590,5,2,2,5,No,1.0,3,3,Travel_Rarely,9.0,2,Technical Degree,Single,9728,126,32,2,3,3,0,3,1,2,No
EMP10622,49,Male,Research & Development,Manager,4980,4,2,2,3,No,2.0,3,1,Travel_Rarely,5.0,4,Marketing,Married,24864,1412,105,2,3,3,0,4,1,3,No
EMP10623,30,Female,Research & Development,Research Scientist,4260,11,6,9,3,No,1.0,4,1,Travel_Rarely,7.0,5,Human Resources,Single,25201,939,36,2,1,3,0,3,0,2,No
EMP10624,44,Male,Research & Development,Manufacturing Director,6760,19,10,8,2,Yes,4.0,1,2,Travel_Rarely,17.0,2,Medical,Divorced,8428,916,87,4,2,3,3,2,1,2,No
EMP10625,35,Female,Research & Development,Research Scientist,6300,2,1,0,2,No,2.0,3,2,Travel_Frequently,11.0,3,Human Resources,Married,24661,674,49,1,3,3,0,1,1,2,No
EMP10626,36,Male,Research & Development,Research Director,7170,8,6,0,6,Yes,1.0,2,3,Travel_Rarely,22.0,3,Medical,Married,10960,1099,108,3,1,3,0,4,2,2,Yes
EMP10627,38,Male,Research & Development,Manufacturing Director,6530,10,7,2,4,No,3.0,3,2,Travel_Rarely,2.0,3,Other,Married,17030,630,94,3,2,3,1,5,1,2,No
EMP10628,39,Male,Sales,Sales Representative,6760,12,3,7,2,No,2.0,1,2,Travel_Rarely,8.0,2,Medical,Married,16874,592,103,3,2,4,2,4,1,2,No
EMP10629,36,Male,Research & Development,Research Director,16670,10,7,3,3,No,3.0,1,5,Travel_Rarely,16.0,3,Medical,Married,13915,377,43,3,3,3,0,4,1,2,No
EMP10630,39,Female,Research & Development,Laboratory Technician,4810,4,0,2,1,No,1.0,2,2,Travel_Rarely,2.0,5,Human Resources,Married,10451,1098,108,3,2,3,1,4,1,4,No
EMP10631,51,Male,Sales,Manager,2830,2,1,1,2,No,4.0,1,1,Non-Travel,2.0,3,Human Resources,Single,25030,1469,78,4,3,3,2,2,1,2,No
EMP10632,46,Female,Sales,Sales Executive,8860,5,3,3,3,No,4.0,2,3,Travel_Frequently,16.0,2,Marketing,Single,8735,1361,103,3,3,3,0,3,1,2,No
EMP10633,45,Female,Research & Development,Research Scientist,5570,10,2,2,7,Yes,3.0,3,1,Non-Travel,6.0,4,Life Sciences,Single,21327,1260,66,4,1,3,3,4,5,2,Yes
EMP10634,33,Male,Research & Development,Healthcare Representative,7380,4,2,1,4,No,4.0,3,3,Travel_Rarely,13.0,3,Medical,Single,17626,1286,35,3,1,3,1,1,0,2,No
EMP10635,29,Male,Research & Development,Research Director,11760,11,7,10,3,No,3.0,3,4,Travel_Rarely,3.0,4,Other,Divorced,26659,938,35,3,4,3,1,4,2,2,No
EMP10636,46,Female,Research & Development,Laboratory Technician,5190,5,3,4,3,No,4.0,1,2,Travel_Frequently,7.0,3,Technical Degree,Married,22889,946,57,3,3,3,3,5,1,2,No
EMP10637,45,Female,Research & Development,Research Director,4840,4,2,3,3,No,3.0,1,2,Travel_Frequently,11.0,2,Human Resources,Single,7275,999,107,2,2,3,0,3,2,4,No
EMP10638,50,Male,Research & Development,Manager,6110,8,4,6,1,No,2.0,4,2,Travel_Frequently,3.0,2,Life Sciences,Single,21945,392,42,2,3,3,2,4,2,2,No
EMP10639,31,Male,Research & Development,Research Scientist,3410,5,4,4,5,No,1.0,2,1,Travel_Rarely,3.0,4,Medical,Married,24855,1151,42,2,1,4,2,2,1,2,Yes
EMP10640,35,Male,Research & Development,Manager,3300,4,1,1,0,No,2.0,4,1,Travel_Rarely,9.0,3,Technical Degree,Married,16273,355,39,2,2,2,1,3,2,2,Yes
EMP10641,22,Female,Research & Development,Research Scientist,6000,4,2,1,2,Yes,3.0,4,2,Non-Travel,2.0,4,Other,Married,11831,1004,109,3,3,3,0,2,1,2,Yes
EMP10642,33,Male,Research & Development,Research Scientist,6500,4,2,2,2,Yes,2.0,1,3,Travel_Rarely,5.0,3,Life Sciences,Married,20777,764,68,2,2,3,1,3,3,2,Yes
EMP10643,46,Female,Research & Development,Research Scientist,5150,5,3,1,2,No,3.0,4,2,Travel_Frequently,15.0,3,Other,Divorced,24624,364,108,3,3,3,0,3,1,3,No
EMP10644,33,Male,Research & Development,Manager,3840,8,6,4,6,No,2.0,3,1,Travel_Rarely,12.0,3,Marketing,Single,21068,500,52,4,1,4,1,0,1,2,Yes
EMP10645,43,Male,Research & Development,Healthcare Representative,6220,13,3,5,3,No,4.0,3,2,Non-Travel,15.0,5,Life Sciences,Married,20614,559,66,3,1,3,2,2,2,2,No
EMP10646,35,Male,Sales,Sales Executive,8670,8,3,6,3,Yes,3.0,4,3,Travel_Rarely,12.0,5,Life Sciences,Divorced,13590,876,37,2,2,3,1,6,2,2,No
EMP10647,40,Male,Research & Development,Laboratory Technician,4660,6,3,2,5,No,3.0,2,2,Travel_Rarely,1.0,3,Life Sciences,Single,22131,1256,89,2,2,3,1,4,4,2,No
EMP10648,26,Male,Sales,Sales Representative,6110,8,2,3,5,No,3.0,3,2,Travel_Rarely,3.0,3,Marketing,Married,2895,1120,34,4,4,2,0,0,3,2,No
EMP10649,38,Male,Sales,Sales Executive,7050,4,0,4,4,No,4.0,3,3,Travel_Rarely,5.0,2,Life Sciences,Single,10852,1314,56,4,1,3,0,4,2,2,Yes
EMP10650,18,Male,Research & Development,Research Director,4110,0,0,0,0,No,1.0,3,2,Travel_Rarely,22.0,3,Life Sciences,Married,23424,1247,48,4,4,3,2,1,2,2,Yes
EMP10651,35,Male,Research & Development,Research Director,5240,4,2,2,4,Yes,1.0,3,2,Travel_Rarely,16.0,3,Human Resources,Single,13041,1341,72,2,4,3,0,4,0,3,Yes
EMP10652,22,Male,Research & Development,Manufacturing Director,7260,4,3,3,2,No,4.0,1,3,Non-Travel,20.0,4,Life Sciences,Divorced,12617,502,72,2,3,2,0,5,3,3,No
EMP10653,48,Female,Research & Development,Manager,2630,3,2,1,3,No,4.0,2,1,Travel_Frequently,19.0,5,Life Sciences,Divorced,3110,1094,64,4,3,2,3,3,3,2,No
EMP10654,44,Male,Sales,Sales Executive,16310,3,1,1,2,Yes,3.0,4,5,Travel_Rarely,16.0,3,Medical,Divorced,22129,1445,84,2,4,3,1,1,3,3,Yes
EMP10655,41,Male,Research & Development,Manager,4420,5,1,1,3,No,2.0,2,1,Travel_Rarely,3.0,3,Medical,Married,8823,400,90,1,2,3,2,2,0,2,No
EMP10656,51,Male,Research & Development,Healthcare Representative,3620,2,1,1,2,Yes,2.0,3,1,Travel_Rarely,8.0,4,Technical Degree,Divorced,11350,1194,76,2,2,4,0,4,2,3,No
EMP10657,28,Female,Research & Development,Manufacturing Director,7880,7,2,5,6,Yes,2.0,2,3,Travel_Rarely,6.0,4,Medical,Married,4137,313,106,4,1,3,0,1,1,2,No
EMP10658,53,Male,Research & Development,Research Scientist,4410,8,4,2,5,No,4.0,1,1,Travel_Frequently,5.0,1,Human Resources,Married,15107,973,85,3,3,1,1,2,1,2,No
EMP10659,45,Female,Research & Development,Research Director,6140,8,1,3,3,No,2.0,1,2,Travel_Frequently,18.0,3,Marketing,Single,3840,473,47,4,1,3,1,4,1,2,Yes
EMP10660,35,Female,Research & Development,Laboratory Technician,7310,10,6,7,5,No,3.0,2,3,Non-Travel,11.0,3,Life Sciences,Married,20294,1459,94,1,4,3,3,2,1,2,No
EMP10661,47,Female,Research & Development,Research Scientist,5750,5,4,2,5,No,4.0,3,3,Non-Travel,6.0,3,Life Sciences,Married,13102,1294,82,3,3,3,1,5,2,2,No
EMP10662,27,Male,Human Resources,Human Resources,16040,9,6,2,9,No,1.0,4,5,Travel_Rarely,19.0,2,Medical,Single,2742,443,40,1,4,1,0,1,1,2,No
EMP10663,29,Female,Research & Development,Manufacturing Director,3440,11,6,7,1,No,1.0,3,1,Travel_Rarely,3.0,2,Life Sciences,Married,5160,961,30,1,2,2,0,0,1,2,No
EMP10664,31,Male,Research & Development,Manufacturing Director,3370,3,1,2,3,Yes,2.0,3,2,Travel_Frequently,14.0,4,Technical Degree,Divorced,19700,400,37,3,3,2,0,2,5,2,No
EMP10665,32,Male,Research & Development,Healthcare Representative,4230,6,3,2,6,No,3.0,3,1,Travel_Rarely,2.0,3,Marketing,Married,6541,1414,48,3,3,3,0,3,0,2,No
EMP10666,27,Female,Research & Development,Manager,4080,1,1,1,1,No,2.0,4,2,Travel_Rarely,10.0,2,Life Sciences,Single,25950,848,84,3,2,3,1,4,0,2,No
EMP10667,48,Male,Research & Development,Research Scientist,9560,12,6,7,4,No,1.0,3,3,Travel_Rarely,4.0,3,Life Sciences,Divorced,9681,536,45,4,4,2,0,2,2,2,No
EMP10668,35,Female,Research & Development,Healthcare Representative,3800,10,6,5,6,No,2.0,1,1,Travel_Rarely,5.0,4,Life Sciences,Single,25391,201,95,1,3,3,0,2,1,2,Yes
EMP10669,40,Male,Research & Development,Research Scientist,6010,14,7,9,0,Yes,1.0,3,2,Travel_Rarely,15.0,4,Marketing,Divorced,22189,109,41,1,1,4,3,3,1,2,Yes
EMP10670,32,Female,Research & Development,Research Director,3990,2,2,1,2,Yes,2.0,4,2,Travel_Frequently,5.0,3,Medical,Married,16295,1164,103,3,4,3,1,5,5,3,Yes
EMP10671,20,Male,Research & Development,Research Director,6280,2,2,1,2,No,2.0,3,2,Non-Travel,3.0,3,Medical,Married,10108,469,91,4,3,3,0,3,2,2,Yes
EMP10672,39,Male,Sales,Sales Executive,12680,4,3,2,4,No,1.0,4,4,Travel_Frequently,12.0,5,Life Sciences,Single,20115,225,87,4,2,2,0,2,2,2,Yes
EMP10673,19,Male,Research & Development,Healthcare Representative,3030,1,0,0,1,No,4.0,2,1,Travel_Rarely,14.0,3,Technical Degree,Single,11847,884,50,3,2,2,2,6,1,3,No
EMP10674,36,Female,Research & Development,Laboratory Technician,5310,11,4,5,3,No,2.0,4,2,Travel_Rarely,1.0,3,Other,Married,25793,482,66,3,3,3,2,3,1,2,No
EMP10675,24,Male,Research & Development,Manufacturing Director,7590,2,2,1,2,No,3.0,2,3,Non-Travel,23.0,3,Life Sciences,Married,16268,426,34,2,3,3,2,0,1,3,No
EMP10676,55,Male,Human Resources,Manager,5670,7,4,3,2,No,3.0,1,2,Travel_Rarely,6.0,2,Medical,Married,17021,549,99,1,3,3,1,1,2,2,No
EMP10677,45,Male,Research & Development,Laboratory Technician,3460,4,1,1,0,No,4.0,3,1,Travel_Rarely,6.0,3,Other,Married,19951,622,61,3,3,4,2,4,1,2,No
EMP10678,38,Female,Research & Development,Laboratory Technician,5840,7,1,1,2,Yes,1.0,1,2,Non-Travel,1.0,4,Life Sciences,Married,20194,1109,96,4,1,3,3,0,2,2,Yes
EMP10679,48,Male,Human Resources,Human Resources,5220,10,6,2,1,No,2.0,3,1,Travel_Rarely,13.0,3,Marketing,Married,9874,1041,39,3,2,3,0,3,6,3,No
EMP10680,29,Male,Sales,Sales Representative,4520,7,2,3,1,Yes,4.0,4,1,Travel_Rarely,4.0,3,Life Sciences,Divorced,7123,1082,98,3,3,3,2,2,3,2,No
EMP10681,42,Male,Sales,Sales Executive,7800,3,1,0,3,Yes,4.0,4,3,Travel_Rarely,6.0,5,Marketing,Married,13208,372,91,3,3,2,2,4,1,2,No
EMP10682,39,Male,Research & Development,Research Scientist,7610,18,8,7,1,Yes,2.0,3,2,Travel_Rarely,13.0,2,Life Sciences,Divorced,16868,601,66,3,1,3,0,3,5,2,No
EMP10683,39,Male,Research & Development,Healthcare Representative,9300,5,2,3,4,No,1.0,3,4,Travel_Rarely,6.0,3,Other,Single,17597,1350,76,4,2,3,0,1,1,2,Yes
EMP10684,48,Male,Sales,Sales Representative,7100,4,3,1,4,Yes,4.0,4,3,Travel_Rarely,6.0,3,Technical Degree,Married,10669,1350,78,3,4,2,1,4,0,2,No
EMP10685,44,Female,Sales,Sales Executive,5450,6,4,4,3,No,1.0,3,2,Non-Travel,8.0,3,Human Resources,Married,25664,965,53,1,4,2,0,5,1,3,No
EMP10686,40,Male,Research & Development,Research Scientist,4030,2,1,1,1,No,4.0,4,1,Travel_Rarely,12.0,2,Technical Degree,Divorced,7852,440,55,4,3,4,0,1,1,3,No
EMP10687,22,Male,Research & Development,Research Scientist,5580,4,1,3,4,No,4.0,4,2,Travel_Frequently,16.0,3,Marketing,Married,6705,371,84,3,1,3,3,2,0,2,No
EMP10688,28,Male,Research & Development,Laboratory Technician,4190,5,4,3,2,No,2.0,2,1,Travel_Frequently,2.0,4,Medical,Single,2141,494,36,3,3,2,1,4,2,2,No
EMP10689,36,Female,Sales,Sales Executive,12360,7,5,3,2,Yes,4.0,1,4,Travel_Rarely,16.0,4,Other,Married,16997,1247,107,4,1,2,1,4,1,3,No
EMP10690,38,Female,Research & Development,Healthcare Representative,4500,6,5,2,6,No,3.0,3,1,Travel_Frequently,14.0,4,Other,Single,6655,1009,70,2,3,3,0,6,6,3,Yes
EMP10691,27,Female,Research & Development,Healthcare Representative,4280,8,5,5,1,No,4.0,4,1,Travel_Frequently,5.0,3,Medical,Single,20482,294,31,3,3,2,1,4,1,3,No
EMP10692,59,Male,Research & Development,Manufacturing Director,5040,6,2,0,2,No,3.0,4,2,Travel_Rarely,11.0,2,Other,Married,12762,1296,59,3,3,2,2,6,1,3,No
EMP10693,51,Male,Research & Development,Laboratory Technician,4130,12,3,1,1,No,1.0,3,1,Travel_Rarely,10.0,3,Marketing,Divorced,7389,1326,49,2,1,3,0,3,3,2,No
EMP10694,42,Male,Research & Development,Research Director,3500,9,5,1,7,No,4.0,1,1,Travel_Rarely,12.0,2,Marketing,Single,19670,1156,85,4,3,3,0,3,0,2,No
EMP10695,38,Male,Research & Development,Manufacturing Director,5690,8,5,4,1,No,1.0,1,2,Travel_Rarely,10.0,5,Medical,Single,2807,310,103,3,4,4,0,2,4,2,No
EMP10696,35,Male,Research & Development,Manager,4050,13,1,6,5,No,4.0,4,1,Travel_Rarely,3.0,3,Life Sciences,Divorced,9388,912,53,3,3,2,0,2,3,2,No
EMP10697,28,Female,Research & Development,Manufacturing Director,3520,10,4,2,3,Yes,3.0,3,1,Travel_Rarely,12.0,3,Life Sciences,Married,22189,793,41,4,3,4,2,3,2,2,No
EMP10698,38,Female,Research & Development,Research Scientist,2400,6,1,2,2,No,1.0,3,1,Travel_Rarely,4.0,4,Life Sciences,Divorced,6504,852,44,2,1,3,0,2,1,2,Yes
EMP10699,39,Female,Research & Development,Healthcare Representative,5610,5,2,2,3,No,2.0,4,2,Travel_Rarely,18.0,3,Medical,Single,2973,1100,102,3,3,3,0,0,1,2,No
EMP10700,26,Male,Research & Development,Laboratory Technician,5220,7,5,4,2,Yes,4.0,4,2,Travel_Rarely,29.0,3,Life Sciences,Married,4938,1174,77,3,3,2,1,2,3,2,Yes
EMP10701,40,Female,Research & Development,Healthcare Representative,6270,5,3,2,2,No,2.0,3,2,Travel_Rarely,8.0,4,Medical,Single,2085,991,90,4,2,4,1,4,5,3,No
EMP10702,35,Male,Research & Development,Research Scientist,6290,4,0,3,1,No,4.0,3,2,Travel_Rarely,3.0,4,Other,Divorced,26107,640,100,3,3,4,0,3,0,2,No
EMP10703,20,Male,Research & Development,Research Scientist,3820,2,1,1,1,No,1.0,3,1,Travel_Frequently,5.0,4,Life Sciences,Divorced,11988,617,57,3,3,3,1,3,1,2,Yes
EMP10704,29,Female,Research & Development,Research Director,11380,8,2,3,4,No,3.0,2,4,Travel_Rarely,19.0,2,Medical,Divorced,16439,1034,32,1,3,2,0,2,3,2,No
EMP10705,33,Male,Research & Development,Research Scientist,4230,9,2,3,3,No,4.0,3,1,Travel_Rarely,15.0,3,Life Sciences,Single,17075,232,45,4,1,3,0,3,2,2,No
EMP10706,54,Male,Human Resources,Manager,6400,14,9,6,5,No,1.0,1,2,Travel_Rarely,14.0,4,Life Sciences,Divorced,20892,195,65,3,2,3,0,5,1,2,No
EMP10707,42,Male,Research & Development,Research Scientist,7720,7,3,1,4,Yes,2.0,4,3,Travel_Frequently,21.0,2,Technical Degree,Divorced,19528,523,33,3,4,2,0,5,1,2,No
EMP10708,25,Female,Sales,Sales Representative,8140,6,1,5,0,No,4.0,4,3,Travel_Rarely,5.0,3,Marketing,Married,26212,957,38,1,3,2,0,3,1,2,No
EMP10709,41,Female,Research & Development,Healthcare Representative,3410,11,5,3,5,Yes,3.0,4,1,Travel_Rarely,8.0,4,Technical Degree,Married,17711,1073,41,3,1,3,1,2,1,2,No
EMP10710,23,Male,Sales,Sales Executive,1800,3,1,1,1,No,4.0,2,1,Travel_Frequently,6.0,2,Life Sciences,Divorced,23048,181,103,1,4,3,0,5,5,2,Yes
EMP10711,47,Female,Sales,Sales Executive,4910,2,0,2,2,No,4.0,3,2,Travel_Rarely,11.0,4,Marketing,Married,13452,888,73,4,1,3,0,4,1,2,No
EMP10712,33,Male,Research & Development,Research Scientist,4470,8,4,6,1,No,3.0,2,1,Travel_Rarely,14.0,3,Life Sciences,Single,17204,414,95,4,3,3,2,1,1,3,No
EMP10713,36,Male,Research & Development,Research Scientist,7840,5,3,1,5,No,4.0,2,3,Travel_Rarely,5.0,3,Life Sciences,Divorced,23029,1015,48,1,2,3,0,0,1,2,No
EMP10714,49,Female,Research & Development,Laboratory Technician,5360,5,3,2,5,No,3.0,3,2,Travel_Rarely,18.0,1,Life Sciences,Married,24216,1403,42,3,4,3,0,1,5,2,No
EMP10715,25,Female,Research & Development,Healthcare Representative,5990,3,2,2,3,Yes,3.0,3,2,Travel_Rarely,6.0,4,Life Sciences,Divorced,15442,1209,84,3,2,3,0,2,1,2,Yes
EMP10716,24,Female,Sales,Manager,4600,6,3,2,6,No,1.0,1,1,Travel_Frequently,9.0,3,Life Sciences,Married,6266,465,94,4,3,2,2,4,5,3,No
EMP10717,32,Male,Sales,Manager,5980,2,1,1,1,Yes,4.0,2,2,Travel_Rarely,16.0,3,Life Sciences,Single,11545,465,99,3,3,3,0,4,2,2,No
EMP10718,46,Female,Human Resources,Human Resources,6150,9,3,2,2,No,4.0,3,2,Non-Travel,13.0,4,Other,Married,22514,1216,32,4,1,3,1,3,0,2,No
EMP10719,23,Female,Research & Development,Healthcare Representative,8120,5,2,5,5,Yes,2.0,1,3,Travel_Rarely,7.0,4,Life Sciences,Married,3191,170,54,2,2,3,0,3,1,2,Yes
EMP10720,18,Female,Sales,Sales Representative,3910,0,0,0,0,No,3.0,1,1,Travel_Rarely,12.0,5,Life Sciences,Single,18367,425,81,1,2,2,2,6,0,3,Yes
EMP10721,33,Male,Sales,Sales Executive,4590,11,8,8,3,Yes,2.0,3,1,Travel_Rarely,9.0,3,Life Sciences,Married,17870,1449,45,3,4,3,2,3,4,2,Yes
EMP10722,42,Female,Research & Development,Manager,3150,3,2,2,3,Yes,3.0,3,1,Travel_Rarely,10.0,3,Marketing,Single,11439,943,72,3,4,2,2,3,0,3,Yes
EMP10723,48,Male,Research & Development,Healthcare Representative,4810,9,7,7,2,Yes,4.0,3,1,Travel_Rarely,10.0,5,Life Sciences,Married,7921,1314,85,2,4,4,0,2,1,2,No
EMP10724,33,Male,Sales,Sales Representative,5190,8,4,4,8,No,1.0,2,2,Travel_Rarely,2.0,4,Other,Divorced,20409,313,97,2,2,3,1,6,3,2,No
EMP10725,33,Male,Research & Development,Research Scientist,10520,6,1,4,6,Yes,4.0,2,4,Travel_Frequently,8.0,3,Other,Married,21895,1170,37,4,2,4,1,4,1,2,No
EMP10726,47,Male,Sales,Sales Executive,5040,9,4,5,5,No,1.0,2,2,Travel_Frequently,12.0,2,Life Sciences,Married,7741,188,109,3,3,2,0,1,1,2,Yes
EMP10727,20,Male,Research & Development,Laboratory Technician,5830,2,1,2,1,No,3.0,1,3,Non-Travel,29.0,4,Medical,Married,15461,1095,73,2,3,3,2,1,1,2,No
EMP10728,33,Female,Sales,Manager,3010,6,3,3,6,No,3.0,1,1,Travel_Rarely,8.0,3,Life Sciences,Married,10024,1350,67,4,3,4,3,0,1,2,No
EMP10729,39,Male,Research & Development,Manufacturing Director,4750,6,2,4,6,No,2.0,4,1,Travel_Rarely,21.0,4,Technical Degree,Married,26256,316,52,1,4,3,0,3,7,2,No
EMP10730,41,Female,Research & Development,Laboratory Technician,3570,3,2,1,3,No,3.0,1,1,Travel_Rarely,5.0,3,Medical,Married,22076,400,35,1,4,2,2,1,2,2,Yes
EMP10731,32,Male,Research & Development,Manager,3510,5,2,2,3,No,4.0,1,1,Travel_Rarely,19.0,2,Life Sciences,Divorced,24883,1025,72,2,1,3,1,1,0,2,No
EMP10732,37,Male,Sales,Sales Executive,7840,4,3,3,1,No,2.0,1,3,Travel_Rarely,29.0,3,Life Sciences,Married,18148,952,73,4,4,3,1,4,4,2,No
EMP10733,18,Male,Sales,Sales Executive,2410,0,0,0,0,No,1.0,3,1,Non-Travel,2.0,2,Technical Degree,Divorced,15032,993,109,3,3,3,0,4,1,2,Yes
EMP10734,31,Male,Research & Development,Research Scientist,7090,12,0,2,3,No,3.0,2,2,Travel_Rarely,4.0,3,Medical,Divorced,10159,269,109,2,3,4,0,5,5,2,No
EMP10735,41,Male,Research & Development,Healthcare Representative,5110,2,1,0,0,No,4.0,1,2,Non-Travel,9.0,3,Life Sciences,Single,15307,1488,52,1,3,3,3,1,2,2,Yes
EMP10736,28,Male,Sales,Manager,11280,8,3,6,5,No,4.0,1,4,Non-Travel,1.0,3,Technical Degree,Married,6628,1355,45,3,4,3,2,1,1,2,No
EMP10737,37,Male,Research & Development,Research Scientist,2710,4,4,2,1,No,1.0,4,1,Travel_Rarely,5.0,4,Marketing,Divorced,8516,719,105,3,3,2,1,2,1,2,No
EMP10738,41,Male,Sales,Manager,4720,10,7,7,10,No,4.0,4,1,Travel_Rarely,9.0,4,Other,Divorced,5483,1451,38,4,1,2,2,5,2,2,No
EMP10739,34,Male,Research & Development,Laboratory Technician,3350,8,3,5,4,No,3.0,3,1,Travel_Frequently,2.0,4,Life Sciences,Married,12130,1356,38,3,3,3,2,3,1,2,No
EMP10740,38,Male,Research & Development,Manager,4250,2,1,1,2,No,2.0,2,2,Travel_Rarely,2.0,2,Human Resources,Married,19399,781,87,1,4,3,0,5,2,3,No
EMP10741,28,Male,Research & Development,Healthcare Representative,3760,7,2,2,4,Yes,4.0,2,1,Travel_Frequently,3.0,2,Technical Degree,Married,8157,742,94,3,4,3,0,4,5,2,No
EMP10742,35,Female,Research & Development,Research Director,6640,5,2,3,3,No,2.0,3,3,Non-Travel,5.0,3,Life Sciences,Single,8358,136,88,2,2,1,2,3,2,2,No
EMP10743,42,Female,Sales,Sales Executive,5670,2,1,1,2,No,4.0,2,2,Travel_Rarely,18.0,5,Technical Degree,Divorced,20967,870,52,4,3,4,2,4,2,2,Yes
EMP10744,38,Female,Research & Development,Manager,5050,4,3,1,1,Yes,4.0,3,2,Travel_Rarely,6.0,4,Medical,Divorced,7139,1110,98,1,2,3,3,0,2,2,Yes
EMP10745,32,Male,Research & Development,Healthcare Representative,7420,6,1,0,6,No,3.0,3,2,Travel_Frequently,13.0,4,Other,Married,19311,735,48,2,2,1,0,0,2,2,No
EMP10746,39,Female,Sales,Sales Executive,4490,4,3,1,3,No,3.0,3,1,Non-Travel,7.0,3,Life Sciences,Single,11703,525,64,3,3,3,1,3,1,2,No
EMP10747,43,Female,Research & Development,Research Director,6560,11,6,5,7,No,3.0,2,2,Travel_Frequently,6.0,3,Technical Degree,Divorced,20121,507,84,1,3,2,2,3,1,2,No
EMP10748,18,Female,Research & Development,Research Scientist,14330,0,0,0,0,No,2.0,2,5,Non-Travel,12.0,3,Life Sciences,Married,8579,874,69,2,1,3,1,6,2,3,No
EMP10749,47,Male,Sales,Manager,7320,4,3,1,2,No,4.0,3,3,Travel_Rarely,8.0,2,Other,Single,15632,964,43,3,3,3,2,1,2,2,No
EMP10750,34,Female,Research & Development,Research Scientist,8040,7,4,5,2,No,4.0,3,3,Travel_Rarely,12.0,2,Life Sciences,Single,5038,316,42,3,4,4,0,3,0,2,No
EMP10751,41,Female,Research & Development,Healthcare Representative,7880,7,4,4,1,Yes,3.0,3,3,Travel_Rarely,13.0,5,Other,Single,9219,269,82,3,3,3,0,4,4,2,No
EMP10752,48,Male,Sales,Sales Executive,5650,10,6,7,5,No,4.0,2,1,Travel_Frequently,4.0,3,Other,Married,8500,709,109,4,1,2,0,3,2,2,Yes
EMP10753,24,Female,Research & Development,Research Scientist,3390,6,4,1,3,Yes,3.0,3,1,Travel_Rarely,19.0,3,Life Sciences,Single,20105,457,68,3,2,2,0,4,1,2,Yes
EMP10754,30,Male,Research & Development,Research Scientist,3060,7,2,0,4,Yes,3.0,4,1,Travel_Rarely,21.0,2,Human Resources,Single,21150,285,94,4,1,2,0,2,0,1,No
EMP10755,34,Male,Research & Development,Research Scientist,3760,5,3,2,2,No,3.0,3,1,Travel_Rarely,1.0,5,Other,Divorced,4825,824,85,1,1,3,2,4,2,3,No
EMP10756,30,Male,Sales,Sales Executive,4190,12,9,2,7,Yes,1.0,2,1,Travel_Rarely,15.0,3,Life Sciences,Divorced,25054,969,69,2,4,3,0,4,5,2,Yes
EMP10757,53,Female,Research & Development,Laboratory Technician,4990,8,3,1,6,No,4.0,3,2,Travel_Rarely,12.0,4,Medical,Single,12926,923,75,3,3,4,1,4,1,2,No
EMP10758,29,Male,Research & Development,Manufacturing Director,5800,7,4,1,5,No,4.0,3,2,Non-Travel,2.0,4,Medical,Single,10410,778,106,2,1,3,3,2,1,2,No
EMP10759,32,Male,Sales,Sales Executive,8700,4,1,1,4,No,4.0,4,3,Travel_Rarely,9.0,3,Life Sciences,Married,10713,1284,36,2,2,3,1,1,0,2,No
EMP10760,39,Male,Sales,Sales Executive,6920,11,5,0,8,Yes,3.0,3,2,Travel_Rarely,10.0,4,Life Sciences,Single,18788,383,74,4,4,2,0,2,2,2,No
EMP10761,26,Male,Research & Development,Healthcare Representative,11380,2,1,1,2,No,4.0,3,4,Travel_Rarely,4.0,2,Life Sciences,Single,23522,283,51,3,3,4,0,1,1,2,Yes
EMP10762,33,Male,Research & Development,Research Scientist,4110,7,2,1,3,No,3.0,3,1,Travel_Frequently,5.0,2,Life Sciences,Married,15077,241,36,2,3,2,1,2,1,3,No
EMP10763,40,Female,Research & Development,Manager,4330,4,2,2,2,Yes,3.0,1,1,Travel_Frequently,6.0,4,Medical,Divorced,8158,330,81,3,3,3,0,2,1,2,No
EMP10764,34,Female,Sales,Manager,7690,10,5,8,3,No,4.0,3,2,Travel_Frequently,7.0,4,Life Sciences,Divorced,22805,487,97,1,1,3,3,2,1,2,No
EMP10765,36,Male,Research & Development,Healthcare Representative,4440,7,2,1,5,No,3.0,1,1,Travel_Rarely,5.0,3,Other,Divorced,22081,834,99,3,4,2,1,3,2,2,No
EMP10766,32,Male,Research & Development,Manufacturing Director,3490,7,4,1,1,No,3.0,3,1,Travel_Rarely,5.0,3,Technical Degree,Married,7066,257,96,1,1,3,2,1,1,2,Yes
EMP10767,23,Male,Sales,Manager,3630,3,1,1,2,No,1.0,3,1,Non-Travel,1.0,3,Life Sciences,Married,12027,1441,32,1,3,4,1,3,1,2,Yes
EMP10768,40,Female,Sales,Sales Executive,3820,6,3,2,6,No,4.0,3,1,Travel_Frequently,15.0,1,Technical Degree,Married,2157,1308,87,1,1,3,3,2,4,2,No
EMP10769,53,Male,Research & Development,Research Scientist,5900,7,4,1,7,No,2.0,1,2,Travel_Rarely,6.0,3,Technical Degree,Married,21559,1306,96,4,3,3,1,3,2,2,No
EMP10770,37,Male,Sales,Sales Executive,7380,10,3,4,3,No,2.0,2,2,Travel_Rarely,9.0,3,Other,Married,24295,676,83,1,4,3,1,3,1,2,No
EMP10771,39,Male,Research & Development,Research Director,6290,8,6,3,8,No,1.0,1,2,Travel_Rarely,21.0,3,Life Sciences,Married,11813,1175,38,3,3,2,2,2,1,2,No
EMP10772,43,Female,Sales,Sales Executive,4850,10,4,6,6,No,3.0,3,2,Non-Travel,3.0,4,Life Sciences,Single,9043,1126,83,2,2,3,2,2,1,2,No
EMP10773,25,Female,Research & Development,Manufacturing Director,4900,2,1,1,2,No,2.0,3,2,Travel_Rarely,6.0,3,Other,Single,9921,176,109,2,3,2,0,2,0,2,No
EMP10774,52,Female,Research & Development,Manager,3420,6,4,4,6,No,4.0,3,1,Non-Travel,12.0,2,Other,Divorced,16085,681,80,3,1,4,0,4,2,2,No
EMP10775,39,Female,Sales,Manager,2820,11,7,5,2,Yes,2.0,1,1,Travel_Rarely,14.0,3,Technical Degree,Married,19189,707,45,3,4,3,0,5,3,2,No
EMP10776,52,Male,Research & Development,Manufacturing Director,2800,1,1,0,1,No,4.0,1,1,Travel_Frequently,4.0,4,Technical Degree,Single,12386,1139,41,3,3,3,0,2,0,2,No
EMP10777,30,Male,Research & Development,Research Scientist,5020,5,1,3,3,No,2.0,4,2,Travel_Rarely,10.0,3,Life Sciences,Married,9235,329,49,4,2,3,2,3,3,2,No
EMP10778,53,Male,Sales,Sales Representative,9860,8,4,6,3,No,2.0,1,3,Travel_Rarely,4.0,2,Medical,Single,18887,1003,82,2,2,3,0,0,3,2,Yes
EMP10779,44,Male,Sales,Sales Representative,6070,12,1,3,2,Yes,4.0,3,2,Travel_Rarely,3.0,3,Life Sciences,Single,25620,1016,60,1,2,3,0,3,8,2,No
EMP10780,42,Male,Research & Development,Research Scientist,5320,6,1,2,6,No,2.0,3,1,Travel_Frequently,18.0,4,Life Sciences,Single,26110,988,50,4,3,3,0,1,1,2,Yes
EMP10781,39,Male,Sales,Sales Executive,5420,6,1,2,2,No,1.0,3,2,Travel_Frequently,6.0,3,Human Resources,Married,24370,1390,32,4,3,2,3,2,0,2,No
EMP10782,35,Male,Research & Development,Manager,5170,7,4,4,1,Yes,4.0,3,2,Travel_Frequently,21.0,4,Life Sciences,Single,7183,1429,50,3,2,3,2,4,2,3,No
EMP10783,48,Female,Research & Development,Healthcare Representative,6790,8,3,5,4,Yes,1.0,2,2,Non-Travel,4.0,5,Medical,Married,21023,1129,57,3,4,2,1,1,1,3,Yes
EMP10784,38,Female,Research & Development,Research Director,5070,3,2,3,3,No,1.0,4,2,Travel_Frequently,12.0,4,Other,Single,10957,1233,34,1,1,3,2,2,2,2,No
EMP10785,19,Female,Research & Development,Research Director,4800,1,0,0,1,No,2.0,2,2,Travel_Rarely,4.0,3,Life Sciences,Single,18620,242,100,3,2,2,2,2,1,2,No
EMP10786,27,Female,Sales,Sales Representative,5210,1,0,0,1,No,1.0,1,2,Travel_Rarely,7.0,3,Other,Divorced,6491,306,98,2,2,3,1,0,4,2,Yes
EMP10787,35,Male,Research & Development,Manufacturing Director,6230,4,1,2,4,No,1.0,3,2,Travel_Rarely,1.0,2,Other,Married,12196,528,102,4,2,3,0,4,1,2,Yes
EMP10788,40,Female,Research & Development,Laboratory Technician,3910,3,2,1,3,No,4.0,1,1,Travel_Rarely,13.0,5,Marketing,Married,7960,265,76,1,3,4,2,3,0,2,Yes
EMP10789,36,Male,Research & Development,Laboratory Technician,3970,3,1,2,3,No,1.0,3,2,Travel_Rarely,7.0,3,Life Sciences,Single,3799,359,49,2,3,2,1,5,3,3,Yes
EMP10790,48,Female,Sales,Sales Executive,4910,19,6,11,4,No,1.0,3,1,Travel_Rarely,7.0,2,Life Sciences,Single,5387,493,67,3,1,3,2,1,5,2,No
EMP10791,19,Male,Research & Development,Healthcare Representative,3130,1,1,0,1,Yes,4.0,1,1,Travel_Rarely,6.0,4,Medical,Divorced,18025,220,66,2,1,4,1,0,0,2,No
EMP10792,38,Female,Research & Development,Manufacturing Director,10290,3,2,0,3,No,3.0,1,4,Travel_Rarely,11.0,3,Life Sciences,Single,22383,1049,87,3,1,1,3,4,6,2,No
EMP10793,20,Male,Research & Development,Manager,10080,2,1,1,1,Yes,1.0,1,4,Non-Travel,6.0,3,Life Sciences,Divorced,3446,512,46,4,1,4,1,2,1,1,Yes
EMP10794,44,Male,Research & Development,Laboratory Technician,4300,4,1,2,0,No,3.0,1,1,Travel_Rarely,9.0,3,Other,Married,2131,1263,71,3,1,3,1,2,3,4,No
EMP10795,36,Female,Research & Development,Manufacturing Director,4610,2,1,1,2,No,1.0,2,2,Travel_Rarely,4.0,3,Life Sciences,Married,8369,267,61,4,2,2,2,5,4,2,No
EMP10796,41,Male,Sales,Sales Representative,4680,7,3,3,7,No,3.0,4,1,Non-Travel,15.0,4,Technical Degree,Married,7592,1207,91,1,2,3,0,3,1,2,No
EMP10797,29,Female,Sales,Sales Representative,5870,7,4,2,7,Yes,3.0,1,2,Travel_Rarely,5.0,3,Life Sciences,Married,6213,520,50,1,4,1,0,4,3,2,No
EMP10798,49,Female,Research & Development,Healthcare Representative,7620,3,2,0,1,Yes,4.0,1,3,Travel_Frequently,9.0,3,Marketing,Single,24443,887,62,4,2,4,1,2,2,2,No
EMP10799,46,Female,Sales,Sales Executive,11340,9,5,5,6,Yes,2.0,2,4,Travel_Frequently,21.0,3,Other,Married,14626,367,96,1,3,2,1,2,2,2,No
EMP10800,42,Female,Sales,Sales Executive,7120,9,7,5,9,No,4.0,3,2,Travel_Rarely,10.0,4,Life Sciences,Divorced,3458,137,35,3,1,3,0,2,1,2,No
EMP10801,36,Female,Research & Development ,Sales Executive,2730,4,2,3,1,No,1.0,3,1,Travel_Rarely,13.0,4,Life Sciences,Single,7298,1025,95,3,3,3,2,4,2,2,Yes
EMP10802,42,Male,Research & Development,Laboratory Technician,4950,3,1,1,3,Yes,3.0,4,2,Travel_Rarely,11.0,3,Technical Degree,Married,20406,1426,61,3,4,3,2,3,2,2,No
EMP10803,30,Female,Research & Development,Manufacturing Director,4170,4,3,2,1,No,2.0,2,1,Travel_Rarely,9.0,4,Technical Degree,Married,3948,437,93,3,3,2,1,3,1,2,Yes
EMP10804,45,Female,Research & Development,Healthcare Representative,7600,8,1,5,3,No,3.0,1,3,Travel_Rarely,8.0,2,Technical Degree,Married,24989,429,55,3,2,3,1,0,1,2,No
EMP10805,52,Female,Research & Development,Manager,7210,18,7,6,4,No,3.0,1,3,Non-Travel,3.0,5,Life Sciences,Single,11812,298,91,4,2,2,0,0,3,2,No
EMP10806,47,Male,Sales,Sales Representative,5860,8,4,1,1,No,4.0,2,2,Travel_Rarely,6.0,3,Life Sciences,Divorced,14963,909,34,2,4,3,3,0,1,2,No
EMP10807,30,Female,Sales,Sales Representative,4590,3,2,0,3,No,4.0,3,1,Travel_Rarely,4.0,4,Other,Married,14005,104,40,3,3,4,2,2,2,2,Yes
EMP10808,40,Female,Sales,Sales Executive,5660,7,0,2,3,No,3.0,3,1,Travel_Rarely,7.0,2,Other,Divorced,8861,1088,103,2,2,2,1,1,2,3,No
EMP10809,25,Female,Research & Development,Manufacturing Director,2770,6,2,4,6,Yes,1.0,1,1,Travel_Frequently,3.0,3,Medical,Divorced,9271,1494,108,3,4,2,1,5,1,2,Yes
EMP10810,42,Male,Research & Development,Research Scientist,7540,6,3,4,1,Yes,3.0,4,3,Travel_Frequently,7.0,3,Other,Single,12353,994,78,1,3,3,0,3,3,2,No
EMP10811,41,Male,Human Resources,Human Resources,4320,2,1,0,2,No,4.0,4,2,Travel_Frequently,20.0,4,Medical,Single,9867,202,107,3,4,1,0,3,1,2,No
EMP10812,20,Male,Sales,Sales Executive,3390,2,1,1,2,No,1.0,4,1,Travel_Frequently,20.0,3,Medical,Divorced,17630,534,91,1,1,2,0,1,1,2,Yes
EMP10813,26,Female,Research & Development,Manufacturing Director,4560,6,2,3,5,No,3.0,2,2,Non-Travel,12.0,5,Life Sciences,Married,6718,749,89,2,2,2,0,1,1,2,No
EMP10814,34,Female,Sales,Sales Executive,7280,2,2,1,2,Yes,1.0,1,3,Travel_Rarely,5.0,3,Medical,Single,6150,480,106,3,3,3,1,5,2,2,Yes
EMP10815,34,Male,Sales,Sales Executive,5840,16,7,11,5,Yes,2.0,1,1,Travel_Rarely,7.0,3,Marketing,Divorced,18907,165,31,2,3,2,1,5,1,2,No
EMP10816,26,Male,Research & Development,Research Scientist,8220,2,1,1,2,No,1.0,2,3,Travel_Frequently,16.0,2,Life Sciences,Married,4481,678,88,3,1,3,0,3,2,2,No
EMP10817,40,Male,Research & Development,Manager,7930,8,3,1,2,Yes,4.0,3,3,Travel_Frequently,9.0,4,Medical,Single,6484,369,105,3,3,3,1,0,0,3,No
EMP10818,39,Male,Research & Development,Laboratory Technician,10270,5,4,2,1,No,1.0,4,4,Travel_Rarely,27.0,3,Human Resources,Married,25194,146,54,1,3,3,0,2,3,2,No
EMP10819,35,Female,Research & Development,Manufacturing Director,4700,5,2,1,1,No,1.0,2,2,Travel_Rarely,12.0,4,Technical Degree,Divorced,25886,1015,97,2,2,4,2,3,0,2,No
EMP10820,30,Female,Research & Development,Research Scientist,4450,12,9,6,3,Yes,4.0,3,1,Travel_Rarely,12.0,4,Marketing,Single,10537,464,71,4,3,3,0,2,2,2,Yes
EMP10821,46,Male,Sales,Sales Representative,5170,10,5,3,10,No,3.0,3,1,Travel_Rarely,11.0,5,Other,Married,4312,1303,105,4,2,3,1,0,1,2,No
EMP10822,52,Male,Research & Development,Research Scientist,4440,5,4,3,3,No,4.0,2,1,Travel_Frequently,9.0,3,Life Sciences,Single,25399,167,100,2,3,2,1,5,0,2,Yes
EMP10823,32,Male,Research & Development,Research Scientist,3470,3,1,2,3,No,2.0,2,1,Travel_Frequently,9.0,4,Marketing,Divorced,25655,1238,84,1,1,3,0,2,0,2,Yes
EMP10824,31,Female,Research & Development,Manufacturing Director,4980,4,3,3,3,Yes,3.0,3,2,Travel_Rarely,10.0,4,Human Resources,Married,2140,1149,67,1,3,4,1,1,1,2,Yes
EMP10825,41,Male,Research & Development,Research Scientist,4730,5,4,3,5,Yes,1.0,3,2,Travel_Rarely,10.0,2,Marketing,Married,8892,306,72,3,2,3,2,3,3,2,No
EMP10826,34,Male,Sales,Sales Executive,9610,10,5,2,5,Yes,3.0,4,3,Travel_Rarely,3.0,3,Life Sciences,Married,9776,172,99,3,4,2,0,4,2,2,No
EMP10827,36,Male,Research & Development,Research Scientist,5050,7,4,4,4,No,3.0,4,1,Travel_Frequently,1.0,2,Life Sciences,Married,11313,1382,82,2,3,4,0,4,2,2,Yes
EMP10828,44,Female,Research & Development,Research Scientist,5170,11,5,10,7,No,3.0,4,2,Travel_Frequently,4.0,3,Other,Married,21267,129,50,2,3,3,0,1,4,2,No
EMP10829,20,Female,Sales,Sales Executive,6480,2,0,2,2,No,3.0,3,3,Travel_Rarely,6.0,2,Medical,Divorced,9628,1126,49,4,4,2,1,1,2,3,Yes
EMP10830,49,Female,Research & Development,Laboratory Technician,9160,11,2,3,5,Yes,4.0,1,3,Travel_Rarely,19.0,2,Other,Married,15257,620,48,3,1,3,2,0,3,2,No
EMP10831,38,Male,Research & Development,Research Director,8640,13,9,5,3,Yes,3.0,3,3,Travel_Rarely,15.0,3,Marketing,Divorced,16900,987,62,3,3,3,1,2,2,3,No
EMP10832,33,Male,Research & Development,Manufacturing Director,5500,3,1,1,3,No,3.0,4,2,Travel_Rarely,4.0,3,Technical Degree,Married,9461,500,92,2,2,3,0,2,1,2,No
EMP10833,36,Male,Research & Development,Manufacturing Director,11280,10,3,9,1,No,1.0,2,4,Travel_Frequently,7.0,4,Human Resources,Single,11174,753,97,3,4,3,1,4,5,2,No
EMP10834,37,Female,Research & Development,Laboratory Technician,4060,13,13,1,8,No,4.0,2,1,Travel_Rarely,7.0,2,Technical Degree,Divorced,12636,1049,89,3,4,2,0,2,4,2,No
EMP10835,21,Male,Research & Development,Manager,6170,3,1,0,3,No,2.0,3,2,Non-Travel,29.0,3,Life Sciences,Single,5460,947,48,3,3,3,2,4,2,2,No
EMP10836,51,Male,Research & Development,Laboratory Technician,3700,3,1,1,3,No,3.0,4,1,Travel_Rarely,10.0,2,Medical,Married,20968,1397,57,3,2,3,3,4,1,2,Yes
EMP10837,37,Female,Sales,Sales Executive,3180,7,0,4,3,Yes,2.0,1,1,Travel_Rarely,27.0,3,Human Resources,Married,23117,1034,51,3,2,2,1,2,1,2,No
EMP10838,41,Female,Research & Development,Manufacturing Director,2690,1,0,0,1,No,4.0,3,1,Travel_Rarely,12.0,4,Life Sciences,Divorced,11348,1495,80,3,1,2,2,3,3,2,No
EMP10839,46,Male,Research & Development,Research Scientist,5400,11,9,4,3,Yes,4.0,4,1,Travel_Rarely,10.0,3,Life Sciences,Single,17637,530,92,2,3,3,0,5,3,2,No
EMP10840,28,Male,Research & Development,Laboratory Technician,3010,3,1,1,3,No,2.0,3,1,Travel_Frequently,1.0,4,Life Sciences,Divorced,13224,638,91,4,2,3,0,1,0,2,No
EMP10841,41,Male,Research & Development,Manufacturing Director,2900,5,3,3,4,No,4.0,3,1,Travel_Rarely,8.0,3,Other,Divorced,15412,1471,58,4,2,2,0,3,3,2,No
EMP10842,34,Female,Sales,Manager,5140,9,6,4,1,Yes,1.0,4,1,Travel_Rarely,14.0,4,Life Sciences,Single,24931,170,103,3,3,3,2,2,3,2,No
EMP10843,45,Female,Research & Development,Manufacturing Director,7270,8,3,3,5,No,1.0,1,3,Travel_Rarely,6.0,3,Technical Degree,Divorced,3307,355,61,1,4,4,1,2,1,2,No
EMP10844,18,Male,Human Resources,Human Resources,3080,0,0,0,0,No,4.0,2,1,Travel_Rarely,19.0,3,Medical,Single,17636,1226,102,1,1,3,0,4,1,2,No
EMP10845,36,Male,Research & Development,Manager,5640,3,1,1,3,Yes,1.0,2,2,Travel_Rarely,19.0,4,Life Sciences,Single,14426,246,54,4,4,2,0,4,3,2,No
EMP10846,31,Female,Research & Development,Research Scientist,3690,7,4,4,1,No,1.0,1,1,Travel_Rarely,2.0,1,Technical Degree,Divorced,17580,1001,45,4,1,2,2,3,1,3,No
EMP10847,41,Female,Research & Development,Research Scientist,11780,10,6,6,6,No,3.0,2,4,Travel_Frequently,2.0,4,Life Sciences,Married,14356,769,44,1,1,2,0,3,2,2,No
EMP10848,41,Male,Human Resources,Human Resources,6500,4,4,2,1,Yes,4.0,1,3,Travel_Frequently,22.0,3,Marketing,Married,4852,239,88,3,4,2,0,2,3,2,Yes
EMP10849,30,Male,Research & Development,Laboratory Technician,5110,12,11,4,1,No,1.0,3,2,Travel_Rarely,4.0,3,Technical Degree,Married,20608,754,77,3,3,3,0,3,0,2,No
EMP10850,30,Male,Research & Development,Laboratory Technician,5380,5,3,4,5,No,1.0,2,2,Travel_Frequently,5.0,2,Human Resources,Single,5444,720,47,2,4,2,0,1,1,2,Yes
EMP10851,36,Male,Research & Development,Manager,3940,1,0,0,1,No,1.0,3,1,Travel_Rarely,2.0,2,Life Sciences,Married,14832,970,52,3,3,3,0,6,1,2,Yes
EMP10852,29,Female,Sales,Sales Representative,14730,5,1,3,4,No,1.0,2,5,Travel_Frequently,6.0,5,Other,Single,16636,163,84,3,4,3,1,5,2,2,No
EMP10853,45,Female,Research & Development,Manufacturing Director,8970,13,11,10,5,No,1.0,1,3,Travel_Rarely,6.0,4,Technical Degree,Single,19635,1394,71,1,2,4,0,4,0,2,Yes
EMP10854,34,Female,Sales,Sales Executive,6730,3,1,1,2,No,4.0,1,3,Travel_Rarely,5.0,2,Other,Divorced,19779,967,32,1,3,2,1,3,7,2,No
EMP10855,18,Male,Research & Development,Research Director,6030,0,0,0,0,No,1.0,1,2,Travel_Rarely,23.0,3,Medical,Divorced,6741,934,100,1,4,3,2,3,1,2,Yes
EMP10856,33,Female,Research & Development,Manager,3960,8,5,1,1,Yes,3.0,1,1,Non-Travel,22.0,3,Marketing,Married,16734,612,81,4,2,3,3,0,5,2,Yes
EMP10857,27,Male,Research & Development,Research Director,7250,3,1,2,1,No,4.0,2,3,Non-Travel,8.0,4,Other,Single,13406,1130,40,3,1,3,0,1,1,3,No
EMP10858,22,Male,Research & Development,Research Scientist,2310,3,2,2,3,No,3.0,3,1,Travel_Rarely,17.0,2,Other,Married,19140,1124,84,3,1,3,0,1,1,2,Yes
EMP10859,26,Male,Research & Development,Manufacturing Director,4100,3,1,2,2,No,1.0,2,2,Travel_Rarely,10.0,3,Medical,Divorced,25688,1384,54,3,4,1,0,3,1,2,No
EMP10860,38,Male,Research & Development,Research Scientist,4170,15,5,12,2,No,3.0,2,1,Travel_Rarely,18.0,4,Life Sciences,Single,21004,146,105,4,3,3,1,2,1,2,No
EMP10861,49,Female,Sales,Sales Executive,11240,8,2,2,5,No,4.0,1,4,Travel_Rarely,24.0,1,Life Sciences,Single,15956,967,70,1,3,3,0,4,1,3,No
EMP10862,40,Male,Research & Development,Research Scientist,3580,6,3,3,2,Yes,2.0,4,1,Travel_Rarely,9.0,3,Life Sciences,Divorced,20813,877,66,1,4,4,2,1,3,2,Yes
EMP10863,31,Male,Research & Development,Manufacturing Director,4210,3,1,2,3,Yes,2.0,1,1,Travel_Frequently,1.0,5,Life Sciences,Married,16233,1125,84,2,4,2,1,4,1,2,Yes
EMP10864,41,Male,Research & Development,Healthcare Representative,6300,10,3,3,10,Yes,2.0,2,2,Travel_Rarely,18.0,3,Life Sciences,Single,14758,634,38,4,3,3,2,2,2,3,No
EMP10865,33,Male,Research & Development,Research Scientist,7790,9,3,4,1,No,3.0,2,3,Travel_Frequently,5.0,3,Other,Single,11423,458,65,3,4,2,0,2,2,3,No
EMP10866,31,Male,Research & Development,Laboratory Technician,6040,13,6,9,9,Yes,2.0,3,2,Travel_Rarely,15.0,2,Life Sciences,Divorced,26189,914,86,4,3,3,0,4,1,2,No
EMP10867,26,Male,Research & Development,Laboratory Technician,3800,3,2,1,3,No,4.0,3,1,Travel_Rarely,29.0,2,Technical Degree,Married,6024,695,92,2,3,3,2,4,2,2,No
EMP10868,21,Female,Research & Development,Laboratory Technician,2790,3,1,2,1,No,3.0,2,1,Travel_Rarely,9.0,3,Life Sciences,Single,17078,303,49,3,1,3,0,1,1,2,Yes
EMP10869,33,Male,Sales,Sales Executive,7760,1,0,1,1,Yes,3.0,3,3,Travel_Rarely,23.0,4,Life Sciences,Divorced,2034,1070,76,1,1,1,0,4,1,2,No
EMP10870,38,Male,Sales,Sales Executive,16280,8,6,5,5,No,4.0,3,5,Travel_Rarely,15.0,3,Life Sciences,Divorced,9433,326,49,3,4,2,0,3,0,2,No
EMP10871,36,Male,Research & Development,Healthcare Representative,8540,7,2,3,4,No,1.0,1,3,Travel_Rarely,21.0,4,Life Sciences,Single,15263,1047,35,2,2,3,1,0,2,3,No
EMP10872,33,Female,Research & Development,Research Scientist,6160,4,1,1,2,No,4.0,2,2,Travel_Rarely,13.0,4,Technical Degree,Married,18404,916,102,3,2,4,2,2,1,2,Yes
EMP10873,28,Male,Research & Development,Research Scientist,7090,1,0,1,1,Yes,3.0,4,3,Travel_Frequently,12.0,3,Other,Single,15451,250,58,3,3,3,0,2,1,2,No
EMP10874,42,Male,Research & Development,Laboratory Technician,7190,14,8,1,3,Yes,3.0,3,2,Travel_Frequently,12.0,2,Life Sciences,Married,20696,1370,106,4,3,3,1,1,1,3,No
EMP10875,25,Male,Research & Development,Manager,6730,7,2,2,4,No,1.0,3,2,Travel_Rarely,9.0,3,Medical,Single,13663,116,78,2,1,3,2,5,4,2,No
EMP10876,44,Male,Research & Development,Healthcare Representative,5280,12,7,3,6,Yes,3.0,1,2,Travel_Rarely,29.0,4,Medical,Single,18840,403,35,3,3,4,1,2,1,2,No
EMP10877,28,Male,Sales,Sales Representative,5550,10,6,5,5,No,3.0,4,2,Travel_Frequently,10.0,4,Other,Married,25671,1320,68,4,3,3,0,3,2,2,No
EMP10878,30,Female,Sales,Sales Executive,9210,8,4,3,3,No,3.0,1,3,Travel_Frequently,16.0,2,Technical Degree,Married,9900,1464,61,1,4,3,3,3,2,2,Yes
EMP10879,24,Female,Research & Development,Manufacturing Director,6100,6,0,4,6,Yes,2.0,1,2,Travel_Frequently,3.0,4,Medical,Married,6478,880,78,3,3,3,0,4,1,2,No
EMP10880,32,Male,Research & Development,Research Scientist,3790,4,2,1,1,No,1.0,3,1,Travel_Rarely,29.0,3,Technical Degree,Single,12774,1184,72,3,3,3,0,5,3,2,Yes
EMP10881,46,Female,Research & Development,Manufacturing Director,4190,6,5,3,6,No,3.0,3,1,Travel_Rarely,20.0,4,Other,Divorced,3062,366,57,2,2,3,2,4,2,2,Yes
EMP10882,42,Female,Sales,Manager,3440,11,5,3,3,No,3.0,4,1,Travel_Frequently,5.0,2,Life Sciences,Single,26304,1220,74,1,1,4,0,5,2,2,Yes
EMP10883,46,Male,Research & Development,Manufacturing Director,5010,3,1,1,3,No,3.0,1,2,Travel_Rarely,13.0,3,Life Sciences,Married,9127,1406,94,2,1,2,2,4,4,2,No
EMP10884,42,Male,Research & Development,Research Director,4050,10,2,1,3,No,3.0,3,1,Travel_Rarely,13.0,4,Other,Single,9189,1370,79,3,1,3,0,3,5,2,No
EMP10885,27,Male,Sales,Sales Representative,4120,9,3,6,2,No,2.0,1,1,Travel_Rarely,17.0,3,Technical Degree,Married,11782,134,83,1,4,3,2,3,2,3,No
EMP10886,34,Male,Research & Development,Research Scientist,6340,10,4,6,3,No,2.0,3,2,Travel_Rarely,9.0,3,Marketing,Single,10094,885,80,2,4,4,2,0,1,2,No
EMP10887,30,Female,Sales,Manager,5680,6,1,5,4,No,3.0,2,2,Travel_Rarely,4.0,2,Medical,Single,10238,167,72,3,3,2,1,2,2,2,No
EMP10888,49,Female,Research & Development,Research Scientist,7180,3,1,1,3,No,3.0,3,3,Travel_Frequently,11.0,3,Life Sciences,Married,23225,288,93,2,1,3,1,3,0,2,No
EMP10889,26,Female,Research & Development,Manufacturing Director,5490,8,3,6,4,Yes,3.0,2,2,Travel_Rarely,4.0,3,Medical,Single,23018,140,59,1,1,1,0,3,4,2,Yes
EMP10890,45,Female,Research & Development,Research Scientist,10200,13,5,9,2,No,4.0,3,3,Travel_Rarely,29.0,5,Technical Degree,Married,9649,707,71,2,2,2,0,3,1,2,No
EMP10891,45,Male,Sales,Sales Executive,11430,6,3,4,1,No,4.0,3,4,Travel_Rarely,12.0,3,Medical,Single,23551,782,67,4,4,3,2,3,8,2,No
EMP10892,54,Male,Sales,Sales Executive,8360,7,1,5,2,No,1.0,2,3,Travel_Frequently,2.0,3,Technical Degree,Single,6774,1044,95,2,3,3,2,1,1,1,No
EMP10893,33,Female,Sales,Sales Executive,6030,5,1,1,3,Yes,3.0,3,2,Travel_Rarely,7.0,4,Other,Married,7079,1006,98,2,4,4,2,1,0,2,No
EMP10894,43,Male,Research & Development,Manufacturing Director,4010,1,1,0,1,Yes,3.0,2,1,Travel_Rarely,11.0,2,Life Sciences,Single,14180,1190,44,1,3,2,3,1,3,2,No
EMP10895,58,Female,Sales,Sales Representative,15870,6,4,4,6,No,2.0,3,5,Travel_Rarely,29.0,3,Medical,Single,25632,1046,90,2,3,2,3,5,3,2,No
EMP10896,31,Female,Research & Development,Research Scientist,3060,8,6,1,2,No,4.0,3,1,Travel_Frequently,4.0,4,Life Sciences,Single,3653,1431,35,3,3,2,2,1,3,2,Yes
EMP10897,23,Female,Research & Development,Research Scientist,3170,4,2,2,3,No,3.0,4,1,Travel_Rarely,3.0,4,Technical Degree,Single,18428,1242,107,4,1,3,3,2,1,2,Yes
EMP10898,20,Female,Sales,Sales Representative,5760,2,1,1,1,No,4.0,2,2,Travel_Frequently,10.0,4,Life Sciences,Single,6370,952,53,3,3,2,0,3,1,2,Yes
EMP10899,43,Male,Research & Development,Laboratory Technician,2570,5,3,1,3,No,4.0,1,1,Travel_Rarely,10.0,4,Technical Degree,Single,22148,1309,43,3,4,4,2,1,1,2,Yes
EMP10900,20,Female,Research & Development,Healthcare Representative,9360,2,1,1,2,No,1.0,2,4,Travel_Rarely,12.0,2,Other,Single,21416,1073,41,2,3,3,2,2,1,2,No
EMP10901,34,Female,Research & Development,Healthcare Representative,4620,5,2,2,2,Yes,1.0,1,2,Travel_Rarely,13.0,5,Medical,Divorced,13574,1193,84,1,3,3,0,4,1,2,Yes
EMP10902,41, Female,Research & Development,Research Director,5120,3,3,2,3,Yes,2.0,2,2,Travel_Rarely,11.0,2,Other,Single,22711,1110,97,1,3,3,3,2,1,2,No
EMP10903,39,Female,Research & Development,Healthcare Representative,5460,6,3,3,6,No,1.0,1,2,Travel_Rarely,29.0,4,Other,Divorced,2085,856,73,4,2,3,0,5,1,2,No
EMP10904,41,Male,Research & Development,Laboratory Technician,4980,8,1,3,4,No,1.0,4,2,Travel_Rarely,11.0,3,Life Sciences,Divorced,13368,1106,80,3,3,4,1,0,3,2,No
EMP10905,39,Female,Research & Development,Healthcare Representative,3410,7,3,3,7,Yes,4.0,3,1,Travel_Rarely,5.0,5,Life Sciences,Single,16066,1407,109,1,1,4,0,2,2,2,Yes
EMP10906,49,Male,Sales,Sales Executive,4940,1,1,1,1,Yes,4.0,3,2,Travel_Rarely,17.0,4,Other,Single,14464,647,67,2,4,2,1,2,3,2,Yes
EMP10907,28,Male,Sales,Sales Executive,5720,9,5,3,2,No,3.0,3,2,Travel_Frequently,16.0,4,Other,Single,19997,1471,70,2,1,4,0,3,2,2,No
EMP10908,31,Male,Research & Development,Healthcare Representative,5110,2,1,1,2,No,4.0,1,2,Travel_Frequently,7.0,3,Life Sciences,Married,25165,1014,73,3,3,3,1,1,3,2,No
EMP10909,30,Female,Research & Development,Laboratory Technician,7350,8,7,2,8,No,1.0,4,3,Travel_Rarely,2.0,3,Life Sciences,Married,17548,1318,104,3,2,2,2,2,0,2,No
EMP10910,44,Male,Research & Development,Research Director,4310,8,6,5,1,No,3.0,3,1,Travel_Frequently,7.0,3,Life Sciences,Married,9227,583,45,3,1,3,2,4,0,2,No
EMP10911,45,Male,Research & Development,Research Director,3600,2,0,1,2,Yes,1.0,1,1,Travel_Rarely,10.0,4,Other,Married,5291,687,79,3,3,3,2,2,2,2,Yes
EMP10912,41,Male,Research & Development,Research Director,3910,10,2,2,3,No,2.0,4,1,Non-Travel,1.0,2,Life Sciences,Single,10779,1403,67,1,4,3,0,1,2,2,No
EMP10913,48,Female,Research & Development,Manager,4890,16,6,8,2,Yes,2.0,3,1,Travel_Rarely,5.0,5,Medical,Divorced,10794,1471,34,4,3,3,0,6,1,2,Yes
EMP10914,26,Male,Research & Development,Laboratory Technician,8080,5,0,3,5,No,3.0,3,3,Travel_Rarely,3.0,4,Other,Married,18151,1221,38,1,2,1,2,3,3,2,No
EMP10915,52,Male,Research & Development,Laboratory Technician,7530,8,7,5,5,Yes,1.0,4,3,Travel_Rarely,4.0,3,Life Sciences,Divorced,17526,381,106,2,3,2,1,4,1,2,No
EMP10916,51,Female,Research & Development,Manufacturing Director,5120,4,2,2,4,No,1.0,4,2,Travel_Frequently,10.0,4,Marketing,Married,25165,729,68,4,1,4,2,4,2,2,No
EMP10917,44,Male,Research & Development,Laboratory Technician,5230,2,0,0,2,No,3.0,4,2,Travel_Frequently,11.0,3,Life Sciences,Single,21900,518,56,1,3,3,0,3,3,2,No
EMP10918,53,Female,Sales,Sales Representative,5190,11,6,7,4,No,3.0,2,2,Travel_Rarely,5.0,3,Other,Divorced,19640,322,61,3,1,3,0,2,1,2,No
EMP10919,22,Male,Sales,Sales Representative,3970,4,1,2,4,Yes,2.0,3,1,Travel_Rarely,15.0,3,Life Sciences,Married,12353,1375,93,4,4,4,3,3,0,4,Yes
EMP10920,32,Female,Research & Development,Healthcare Representative,4770,4,3,3,2,No,1.0,2,1,Travel_Rarely,17.0,3,Technical Degree,Married,15819,179,62,3,1,4,2,2,6,2,Yes
EMP10921,30,Male,Sales,Sales Executive,11290,3,2,2,2,No,4.0,4,4,Travel_Frequently,3.0,4,Technical Degree,Married,16947,925,47,2,1,1,0,3,2,2,No
EMP10922,43,Male,Research & Development,Research Scientist,5930,17,10,13,2,No,1.0,2,2,Non-Travel,22.0,3,Life Sciences,Divorced,14871,781,105,3,4,3,1,3,2,2,Yes
EMP10923,27,Female,Sales,Sales Executive,17050,2,1,1,2,No,4.0,3,5,Travel_Rarely,10.0,4,Life Sciences,Divorced,21419,512,96,4,4,4,1,4,2,2,No
EMP10924,44,Male,Sales,Sales Executive,5600,9,6,5,1,Yes,1.0,4,1,Travel_Frequently,15.0,4,Life Sciences,Married,12609,433,34,3,1,2,1,1,1,2,No
EMP10925,49,Female,Research & Development,Manager,4800,7,3,2,7,No,3.0,3,2,Travel_Frequently,16.0,4,Life Sciences,Single,9516,988,107,3,2,3,1,4,2,3,No
EMP10926,43,Male,Research & Development,Laboratory Technician,3920,9,7,6,5,Yes,3.0,4,1,Travel_Rarely,9.0,2,Human Resources,Married,23670,1451,88,4,3,3,1,4,2,2,Yes
EMP10927,39,Male,Research & Development,Research Scientist,5290,14,9,3,1,Yes,4.0,2,1,Non-Travel,18.0,4,Human Resources,Divorced,12311,1125,105,4,3,3,3,2,5,3,No
EMP10928,28,Male,Research & Development,Research Scientist,4090,1,1,1,1,Yes,3.0,1,2,Travel_Rarely,11.0,3,Medical,Married,6955,1326,33,3,4,2,2,4,2,2,Yes
EMP10929,29,Female,Research & Development,Manufacturing Director,4470,3,2,1,3,Yes,1.0,4,1,Travel_Frequently,20.0,3,Marketing,Divorced,12592,357,45,1,2,3,2,3,1,3,Yes
EMP10930,48,Male,Research & Development,Manufacturing Director,3620,5,3,3,5,No,4.0,3,1,Travel_Rarely,2.0,3,Marketing,Married,15322,862,104,3,1,1,2,4,1,2,No
EMP10931,44,Male,Research & Development,Laboratory Technician,3760,15,4,2,3,No,3.0,4,1,Travel_Frequently,23.0,3,Human Resources,Divorced,12980,1490,77,2,1,2,0,4,0,2,No
EMP10932,37,Male,Sales,Sales Executive,5930,4,1,0,4,No,4.0,3,1,Travel_Rarely,29.0,4,Medical,Single,2637,1269,95,3,3,2,1,3,0,2,Yes
EMP10933,33,Male,Human Resources,Human Resources,4590,4,1,3,4,No,4.0,4,2,Travel_Rarely,10.0,3,Life Sciences,Married,2152,936,106,2,3,2,1,2,1,2,Yes
EMP10934,18,Male,Research & Development,Laboratory Technician,4140,0,0,0,0,No,3.0,3,2,Travel_Rarely,15.0,4,Life Sciences,Married,15473,554,37,3,4,3,2,2,1,2,No
EMP10935,27,Female,Research & Development,Healthcare Representative,3200,4,2,3,2,Yes,4.0,4,1,Travel_Rarely,10.0,2,Marketing,Married,7909,118,73,2,4,4,3,2,4,2,No
EMP10936,54,Male,Research & Development,Manufacturing Director,3390,8,7,5,5,No,3.0,1,1,Travel_Rarely,3.0,3,Medical,Single,21122,1053,50,4,2,3,1,4,6,2,Yes
EMP10937,25,Female,Research & Development,Laboratory Technician,3820,5,2,4,3,No,3.0,4,1,Travel_Rarely,12.0,5,Medical,Divorced,17503,1078,55,1,3,3,0,4,1,2,Yes
EMP10938,39,Male,Sales,Sales Executive,6590,3,1,2,3,No,3.0,1,2,Travel_Frequently,4.0,4,Life Sciences,Divorced,2138,532,64,1,4,2,0,4,1,2,No
EMP10939,46,Female,Research & Development,Manager,5250,17,10,8,2,No,3.0,1,1,Travel_Rarely,29.0,3,Technical Degree,Divorced,16541,351,44,3,4,3,1,4,2,3,No
EMP10940,25,Female,Research & Development,Laboratory Technician,7880,5,3,4,4,No,3.0,3,3,Travel_Rarely,16.0,3,Life Sciences,Single,8239,895,69,3,3,3,0,2,4,2,Yes
EMP10941,39,Male,Research & Development,Healthcare Representative,2900,6,2,4,4,No,4.0,3,1,Travel_Rarely,21.0,3,Life Sciences,Single,19109,1006,59,3,3,3,3,6,0,3,Yes
EMP10942,45,Female,Research & Development,Research Scientist,3560,3,1,2,3,Yes,3.0,3,1,Travel_Rarely,3.0,3,Medical,Married,24084,748,95,4,3,2,0,3,1,3,Yes
EMP10943,37,Male,Sales,Sales Executive,6830,2,1,0,2,No,3.0,2,3,Travel_Frequently,8.0,4,Life Sciences,Married,15667,1009,109,3,3,4,3,2,1,2,No
EMP10944,60,Female,Sales,Sales Executive,6210,9,3,2,3,Yes,3.0,3,2,Travel_Rarely,3.0,4,Marketing,Single,13734,837,42,3,2,3,0,3,0,2,No
EMP10945,22,Female,Research & Development,Manufacturing Director,2960,2,1,1,2,No,1.0,4,1,Travel_Rarely,19.0,3,Life Sciences,Married,20749,320,30,1,3,4,0,3,0,2,No
EMP10946,47,Male,Research & Development,Manager,7710,8,3,4,3,No,1.0,3,3,Travel_Rarely,2.0,5,Medical,Married,16847,212,72,3,3,3,1,2,1,3,No
EMP10947,35,Male,Research & Development,Laboratory Technician,3340,0,0,0,0,No,1.0,2,2,Travel_Rarely,13.0,3,Marketing,Married,2018,1272,57,2,1,3,2,3,0,2,No
EMP10948,44,Male,Sales,Sales Executive,8540,7,3,2,3,No,3.0,3,3,Travel_Rarely,2.0,3,Life Sciences,Married,11628,659,30,3,3,3,0,2,1,2,No
EMP10949,41,Male,Sales,Sales Executive,5860,3,1,2,3,No,4.0,4,2,Travel_Frequently,7.0,3,Life Sciences,Married,20345,1181,69,4,3,3,2,3,5,2,No
EMP10950,30,Male,Research & Development,Laboratory Technician,5190,3,2,1,3,Yes,3.0,4,2,Non-Travel,8.0,3,Other,Single,12646,296,63,3,3,4,0,4,0,2,No
EMP10951,39,Male,Research & Development,Research Scientist,15150,5,3,2,5,Yes,4.0,1,5,Travel_Rarely,23.0,3,Medical,Single,20235,1141,42,4,3,1,2,2,1,2,Yes
EMP10952,20,Male,Sales,Sales Executive,4720,2,1,2,2,Yes,1.0,1,1,Travel_Rarely,16.0,3,Medical,Divorced,9112,879,90,4,3,3,0,4,2,2,Yes
EMP10953,42,Female,Research & Development,Healthcare Representative,5100,1,0,1,1,No,4.0,1,2,Travel_Rarely,11.0,3,Life Sciences,Married,23905,314,95,3,3,3,1,1,1,2,No
EMP10954,40,Male,Sales,Sales Executive,5730,5,1,4,1,No,2.0,3,2,Non-Travel,4.0,2,Medical,Divorced,18484,735,33,3,2,4,0,4,1,3,No
EMP10955,43,Male,Research & Development,Research Scientist,3670,9,3,7,2,No,1.0,3,1,Travel_Rarely,4.0,4,Marketing,Single,8838,1139,42,3,2,2,0,2,7,2,No
EMP10956,47,Female,Research & Development,Manager,3620,7,4,1,7,No,4.0,3,1,Travel_Rarely,6.0,3,Marketing,Married,16353,776,65,1,2,3,0,2,3,2,No
EMP10957,40,Male,Research & Development,Research Scientist,3290,12,7,4,1,No,1.0,3,1,Travel_Frequently,8.0,2,Technical Degree,Married,16464,759,90,1,1,3,0,3,1,2,Yes
EMP10958,38,Male,Research & Development,Manager,4460,1,0,1,1,No,2.0,2,2,Travel_Frequently,8.0,4,Life Sciences,Divorced,9135,332,87,1,3,3,2,3,1,2,No
EMP10959,29,Male,Research & Development,Laboratory Technician,4040,4,2,3,2,No,2.0,1,2,Non-Travel,17.0,5,Life Sciences,Divorced,8029,124,44,4,4,3,2,3,1,4,No
EMP10960,30,Female,Sales,Manager,6040,6,1,6,1,No,4.0,2,2,Travel_Rarely,6.0,5,Human Resources,Single,14653,1488,41,2,2,2,0,2,5,3,No
EMP10961,48,Female,Research & Development,Manufacturing Director,3990,3,1,3,2,Yes,3.0,1,1,Travel_Frequently,16.0,3,Other,Single,4509,1037,105,3,4,3,3,2,0,2,No
EMP10962,50,Male,Research & Development,Research Director,5650,6,4,3,1,Yes,2.0,4,2,Travel_Rarely,11.0,2,Life Sciences,Married,15472,1418,98,3,3,3,3,3,2,2,No
EMP10963,35,Female,Research & Development,Manager,11800,11,8,1,4,Yes,1.0,2,4,Travel_Frequently,4.0,3,Medical,Divorced,3955,1118,90,3,2,3,3,3,8,2,No
EMP10964,37,Male,Research & Development,Research Scientist,5540,8,3,1,5,No,1.0,3,2,Travel_Rarely,13.0,2,Life Sciences,Married,11846,170,71,3,1,3,1,2,1,2,No
EMP10965,29,Female,Research & Development,Manager,4690,11,5,9,3,No,1.0,2,2,Travel_Rarely,9.0,5,Life Sciences,Divorced,9078,124,61,2,3,2,0,2,3,2,No
EMP10966,48,Female,Research & Development,Laboratory Technician,6580,7,5,4,1,No,4.0,3,3,Travel_Rarely,2.0,2,Life Sciences,Single,9543,1497,31,4,3,4,0,3,0,2,No
EMP10967,43,Female,Sales,Sales Executive,7290,5,1,4,2,No,4.0,3,3,Travel_Rarely,3.0,3,Life Sciences,Married,23164,557,37,4,2,2,0,3,3,2,No
EMP10968,55,Male,Research & Development,Laboratory Technician,5840,14,9,2,4,No,4.0,1,2,Travel_Rarely,14.0,3,Technical Degree,Married,19294,1337,83,3,2,2,1,3,2,2,No
EMP10969,29,Male,Research & Development,Manufacturing Director,7270,6,3,3,5,No,4.0,3,3,Travel_Rarely,6.0,3,Marketing,Single,8163,310,37,4,4,3,1,0,2,2,No
EMP10970,33,Male,Research & Development,Research Scientist,6200,15,9,5,1,No,4.0,1,2,Travel_Rarely,11.0,4,Life Sciences,Married,14833,640,42,1,1,2,1,2,1,2,No
EMP10971,39,Female,Sales,Sales Representative,7940,10,4,3,3,No,4.0,3,3,Travel_Rarely,18.0,3,Life Sciences,Divorced,26377,870,58,1,4,3,1,4,1,2,No
EMP10972,43,Male,Sales,Sales Executive,4840,4,3,0,2,No,4.0,3,1,Travel_Rarely,8.0,2,Human Resources,Divorced,8715,1162,42,3,1,3,0,2,1,3,No
EMP10973,35,Female,Sales,Sales Representative,3360,5,1,1,3,Yes,4.0,3,1,Travel_Rarely,19.0,3,Life Sciences,Single,24526,1383,87,4,3,3,2,3,4,2,Yes
EMP10974,29,Female,Research & Development,Research Director,4770,11,6,9,1,Yes,3.0,3,1,Travel_Rarely,3.0,3,Marketing,Married,8605,776,92,2,3,1,0,1,1,3,No
EMP10975,45,Male,Research & Development,Laboratory Technician,7460,12,9,6,1,No,2.0,2,3,Travel_Rarely,19.0,2,Life Sciences,Married,19565,194,76,3,3,2,1,1,2,2,Yes
EMP10976,43,Female,Research & Development,Laboratory Technician,5670,9,2,5,3,Yes,3.0,1,2,Travel_Rarely,4.0,3,Marketing,Single,25915,319,108,1,2,3,0,3,2,2,No
EMP10977,29,Female,Research & Development,Research Scientist,3210,9,1,2,3,No,3.0,1,1,Travel_Rarely,11.0,3,Life Sciences,Divorced,18988,1005,103,4,2,3,0,3,3,2,Yes
EMP10978,49,Female,Research & Development,Research Scientist,4490,2,1,1,2,No,3.0,2,1,Travel_Rarely,15.0,4,Life Sciences,Single,24233,1391,67,3,3,3,2,2,4,2,No
EMP10979,48,Female,Research & Development,Research Scientist,5720,3,2,2,3,No,4.0,2,3,Travel_Frequently,26.0,5,Life Sciences,Married,20754,1189,98,2,2,3,0,4,1,3,No
EMP10980,38,Female,Research & Development,Laboratory Technician,7720,7,3,5,2,No,3.0,3,3,Travel_Rarely,29.0,4,Life Sciences,Married,12202,292,98,4,3,2,1,2,4,2,No
EMP10981,38,Male,Research & Development,Research Scientist,5310,3,1,0,2,No,1.0,3,2,Travel_Rarely,3.0,5,Medical,Married,14327,1443,69,1,4,3,2,2,2,2,No
EMP10982,42,Female,Sales,Manager,6720,5,3,3,3,Yes,2.0,4,2,Travel_Rarely,29.0,3,Technical Degree,Single,16287,274,30,3,4,4,0,2,1,2,No
EMP10983,29,Male,Research & Development,Manufacturing Director,4610,5,3,1,3,No,4.0,3,2,Non-Travel,12.0,2,Life Sciences,Single,15221,211,31,1,1,3,0,1,2,2,No
EMP10984,37,Female,Research & Development,Laboratory Technician,4800,8,4,3,2,No,3.0,3,2,Travel_Rarely,6.0,3,Life Sciences,Married,18586,1431,58,2,3,3,0,3,1,3,No
EMP10985,18,Female,Sales,Sales Representative,11420,0,0,0,0,Yes,2.0,2,4,Travel_Rarely,22.0,4,Medical,Married,18092,1463,36,2,3,3,0,2,1,2,Yes
EMP10986,45,Male,Research & Development,Research Scientist,4910,11,3,6,4,Yes,4.0,3,1,Travel_Rarely,14.0,5,Marketing,Married,15870,1203,86,2,2,1,0,4,2,3,Yes
EMP10987,23,Female,Sales,Sales Executive,6580,5,4,3,3,No,2.0,2,2,Travel_Rarely,11.0,4,Other,Single,2242,210,84,4,2,3,1,0,2,2,No
EMP10988,51,Male,Research & Development,Manufacturing Director,4560,7,1,6,4,No,3.0,3,1,Travel_Rarely,10.0,2,Marketing,Single,24615,552,102,3,2,3,0,4,1,3,Yes
EMP10989,34,Male,Research & Development,Manufacturing Director,4430,6,4,2,3,Yes,2.0,4,2,Travel_Rarely,24.0,5,Medical,Married,5740,512,65,2,3,3,1,3,3,2,No
EMP10990,35,Male,Sales,Sales Executive,5980,12,4,10,3,No,4.0,3,2,Travel_Rarely,13.0,3,Marketing,Divorced,21105,703,36,3,4,3,0,3,2,2,No
EMP10991,31,Female,Sales,Manager,4840,6,0,3,1,No,4.0,1,2,Travel_Rarely,15.0,1,Other,Single,24410,1059,39,3,4,4,3,1,3,2,No
EMP10992,34,Female,Sales,Manager,4440,4,2,0,4,No,3.0,4,1,Travel_Rarely,17.0,3,Human Resources,Single,10851,285,109,4,3,3,1,0,1,2,No
EMP10993,50,Female,Research & Development,Manufacturing Director,5220,9,5,6,6,No,4.0,2,2,Travel_Rarely,5.0,2,Life Sciences,Single,10904,1210,103,3,3,3,0,4,1,2,No
EMP10994,18,Male,Research & Development,Manufacturing Director,2730,0,0,0,0,No,4.0,4,1,Travel_Rarely,16.0,3,Life Sciences,Single,14087,1347,68,3,4,3,2,3,4,3,No
EMP10995,49,Female,Research & Development,Manufacturing Director,4460,10,3,3,3,No,4.0,4,1,Non-Travel,12.0,3,Life Sciences,Single,11366,150,87,2,3,3,0,3,1,2,No
EMP10996,40,Female,Research & Development,Research Scientist,4250,13,11,7,6,No,4.0,2,1,Travel_Rarely,22.0,3,Medical,Married,7219,1249,69,1,3,3,0,3,2,3,No
EMP10997,26,Male,Sales,Sales Executive,8170,5,2,1,4,No,4.0,1,3,Travel_Frequently,15.0,3,Technical Degree,Divorced,26822,1269,43,3,4,3,0,4,1,2,No
EMP10998,27,Male,Research & Development,Research Scientist,6190,9,4,3,2,No,3.0,4,2,Non-Travel,3.0,4,Medical,Single,19114,1164,30,3,1,2,1,2,1,1,No
EMP10999,52,Male,Human Resources,Human Resources,5450,10,3,5,6,No,3.0,3,2,Travel_Rarely,6.0,4,Life Sciences,Married,19944,454,46,3,1,4,0,2,4,2,No
EMP11000,28,Female,Research & Development,Manufacturing Director,5780,4,1,0,2,No,2.0,2,2,Travel_Rarely,16.0,3,Technical Degree,Married,10687,462,78,3,3,3,0,3,0,3,No
EMP11001,26,Female,Research & Development,Research Scientist,4190,3,2,1,1,No,1.0,3,2,Travel_Rarely,9.0,4,Human Resources,Divorced,23792,635,45,3,4,3,1,3,1,2,No
EMP11002,47,Female,Research & Development,Manager,6640,3,1,1,2,Yes,4.0,3,2,Travel_Frequently,6.0,4,Life Sciences,Divorced,24942,1407,36,4,1,4,3,5,5,2,Yes
EMP11003,40,Male,Sales,Manager,2360,2,0,1,2,No,1.0,2,2,Travel_Frequently,4.0,2,Technical Degree,Divorced,12854,135,44,4,3,3,1,1,1,2,No
EMP11004,28,Female,Sales,Sales Representative,5670,10,3,4,1,No,3.0,1,1,Non-Travel,8.0,3,Medical,Married,4575,376,50,3,3,2,0,0,1,2,No
EMP11005,39,Male,Sales,Sales Executive,5030,5,4,3,5,No,2.0,2,2,Travel_Rarely,10.0,3,Other,Divorced,25892,1448,95,3,3,3,3,1,1,2,No
EMP11006,28,Male,Sales,Manager,6780,10,6,7,1,No,3.0,1,2,Travel_Rarely,8.0,2,Other,Married,3082,1109,88,3,1,4,0,4,3,2,No
EMP11007,47,Female,Sales,Sales Executive,6790,4,1,3,4,Yes,2.0,1,3,Travel_Frequently,13.0,4,Medical,Single,21137,281,77,2,4,2,0,3,2,2,No
EMP11008,47,Male,Sales,Sales Representative,7580,4,3,2,4,No,4.0,1,3,Travel_Frequently,3.0,4,Technical Degree,Divorced,21342,570,102,4,4,1,3,1,2,2,No
EMP11009,42,Female,Research & Development,Research Scientist,5090,8,6,7,4,Yes,4.0,1,1,Travel_Rarely,8.0,2,Other,Married,10735,516,79,1,3,2,1,3,4,2,Yes
EMP11010,40,Male,Research & Development,Research Director,4050,15,12,6,4,No,4.0,2,1,Travel_Rarely,10.0,4,Medical,Single,13255,988,39,3,4,3,0,2,1,3,No
EMP11011,53,Female,Research & Development,Research Scientist,5570,4,3,1,3,No,3.0,4,2,Travel_Rarely,14.0,4,Life Sciences,Divorced,8833,1273,81,1,4,4,2,4,2,2,No
EMP11012,37,Male,Human Resources,Manager,4420,10,4,9,5,Yes,4.0,3,1,Travel_Rarely,10.0,4,Technical Degree,Married,12094,503,97,3,3,1,2,4,2,2,No
EMP11013,26,Male,Sales,Manager,3590,6,3,6,3,Yes,3.0,3,1,Travel_Rarely,8.0,3,Life Sciences,Single,22698,613,59,1,4,3,0,6,2,2,Yes
EMP11014,41,Male,Research & Development,Research Scientist,8570,8,4,3,2,No,3.0,3,3,Travel_Rarely,5.0,4,Life Sciences,Married,23474,665,63,4,4,3,0,1,2,2,No
EMP11015,56,Male,Sales,Sales Executive,4260,3,2,1,1,No,2.0,1,1,Travel_Rarely,12.0,3,Other,Married,4150,540,107,2,2,3,0,0,2,2,Yes
EMP11016,28,Female,Sales,Manager,11340,9,5,4,4,Yes,4.0,4,4,Travel_Frequently,10.0,3,Technical Degree,Married,8103,1369,94,4,1,2,1,4,2,3,No
EMP11017,34,Male,Research & Development,Manufacturing Director,5300,5,1,1,4,No,1.0,3,2,Travel_Frequently,8.0,2,Life Sciences,Single,19267,1091,89,4,2,3,1,4,2,3,No
EMP11018,41,Female,Research & Development,Research Director,7820,4,0,1,3,No,3.0,3,3,Travel_Rarely,9.0,2,Life Sciences,Divorced,21061,1169,37,3,3,4,0,1,3,2,No
EMP11019,36,Female,Sales,Sales Representative,5070,6,4,0,6,No,4.0,4,1,Travel_Rarely,4.0,4,Life Sciences,Divorced,23622,174,104,3,1,2,2,1,2,2,No
EMP11020,28,Male,Research & Development,Laboratory Technician,3740,9,4,5,7,Yes,3.0,3,1,Travel_Rarely,10.0,3,Life Sciences,Single,5975,1272,94,1,1,1,1,3,1,3,Yes
EMP11021,47,Male,Sales,Sales Executive,5200,5,2,2,2,Yes,1.0,2,2,Travel_Rarely,5.0,3,Life Sciences,Married,18390,505,98,4,4,4,0,5,3,2,No
EMP11022,58,Female,Research & Development,Research Scientist,3420,4,1,2,4,No,3.0,4,1,Travel_Rarely,9.0,2,Technical Degree,Single,26029,102,86,3,3,3,1,2,1,2,Yes
EMP11023,39,Female,Sales,Sales Representative,3930,5,0,2,1,No,4.0,4,1,Non-Travel,10.0,4,Life Sciences,Divorced,7400,1132,74,2,4,3,1,3,3,2,No
EMP11024,29,Female,Human Resources,Human Resources,4480,5,3,3,3,No,1.0,4,1,Travel_Frequently,6.0,1,Medical,Divorced,20473,613,78,3,4,4,1,0,2,3,Yes
EMP11025,23,Male,Sales,Sales Executive,3050,5,4,2,3,No,4.0,1,1,Travel_Rarely,2.0,4,Life Sciences,Married,6191,1361,103,1,2,3,3,3,2,2,No
EMP11026,39,Female,Research & Development,Manufacturing Director,3410,5,2,2,5,No,4.0,4,1,Non-Travel,23.0,2,Other,Divorced,7623,639,91,3,3,3,0,3,4,2,Yes
EMP11027,47,Male,Sales,Sales Representative,7180,4,2,3,2,Yes,4.0,3,3,Travel_Rarely,4.0,2,Life Sciences,Married,4293,389,68,1,1,3,0,5,2,2,No
EMP11028,41,Female,Sales,Manager,4020,3,1,2,3,No,3.0,3,1,Non-Travel,10.0,3,Life Sciences,Married,9391,280,106,3,3,2,2,2,1,2,No
EMP11029,37,Female,Research & Development,Manager,2380,8,5,4,3,Yes,1.0,1,1,Non-Travel,12.0,3,Life Sciences,Married,22593,1438,50,3,2,3,1,4,2,2,Yes
EMP11030,32,Male,Sales,Sales Executive,6520,6,4,4,1,No,3.0,1,2,Travel_Rarely,16.0,3,Marketing,Single,6425,365,82,2,1,3,3,2,1,2,No
EMP11031,27,Male,Research & Development,Research Director,11380,9,6,5,1,No,3.0,1,4,Travel_Rarely,2.0,3,Marketing,Single,13766,182,74,4,1,2,0,3,1,2,No
EMP11032,44,Male,Research & Development,Healthcare Representative,4190,11,6,5,5,No,4.0,3,1,Travel_Rarely,7.0,5,Medical,Married,5224,357,57,3,3,4,0,6,1,2,No
EMP11033,45,Male,Research & Development,Manufacturing Director,2890,7,2,2,1,No,4.0,2,1,Travel_Rarely,20.0,4,Medical,Single,19624,1049,82,3,4,1,1,5,2,2,No
EMP11034,23,Female,Research & Development,Manager,5300,5,2,2,5,No,4.0,1,2,Travel_Rarely,28.0,2,Life Sciences,Single,17848,298,38,4,1,3,2,6,0,3,No
EMP11035,51,Male,Research & Development,Research Scientist,7630,6,4,1,5,Yes,3.0,4,3,Travel_Rarely,7.0,3,Medical,Single,16607,1415,104,4,3,3,0,3,0,2,No
EMP11036,42,Male,Sales,Sales Executive,7170,4,2,1,2,Yes,3.0,3,3,Travel_Rarely,11.0,4,Medical,Married,17759,747,100,3,3,3,2,3,1,3,No
EMP11037,50,Male,Research & Development,Research Director,4760,3,1,2,3,No,1.0,3,2,Travel_Rarely,5.0,3,Life Sciences,Divorced,9517,1206,90,1,3,3,0,3,3,2,No
EMP11038,25,Female,Sales,Sales Executive,3470,3,2,3,3,No,2.0,3,1,Travel_Rarely,10.0,2,Life Sciences,Divorced,5493,365,56,3,4,3,0,3,2,2,No
EMP11039,24,Female,Research & Development,Research Director,5550,5,2,4,3,No,4.0,3,2,Travel_Rarely,17.0,4,Life Sciences,Married,5590,1096,51,4,1,4,0,3,1,2,No
EMP11040,36,Male,Research & Development,Manager,3090,1,0,0,1,No,3.0,1,1,Travel_Rarely,5.0,3,Life Sciences,Married,10455,969,59,3,1,3,3,2,1,2,No
EMP11041,41,Male,Research & Development,Research Scientist,7290,15,10,3,2,No,3.0,3,2,Travel_Rarely,11.0,3,Marketing,Married,8944,830,44,3,2,3,0,2,0,2,No
EMP11042,53,Female,Sales,Manager,6930,17,12,13,10,No,1.0,3,2,Non-Travel,15.0,2,Life Sciences,Single,2317,960,44,4,3,4,0,2,1,2,No
EMP11043,43,Female,Research & Development,Laboratory Technician,9950,3,1,2,3,Yes,2.0,2,4,Travel_Rarely,12.0,2,Life Sciences,Married,20591,118,82,1,2,2,0,4,2,2,No
EMP11044,35,Male,Research & Development,Manufacturing Director,3500,17,10,8,1,No,3.0,2,1,Travel_Rarely,3.0,4,Life Sciences,Single,2640,470,105,1,1,4,3,4,1,3,No
EMP11045,28,Male,Sales,Sales Representative,3890,3,1,2,3,No,4.0,2,1,Travel_Rarely,12.0,3,Other,Married,2858,1146,52,4,4,3,1,6,5,3,Yes
EMP11046,48,Male,Research & Development,Manager,3380,6,2,2,6,No,1.0,3,2,Travel_Frequently,3.0,3,Other,Single,6243,718,99,1,1,3,3,3,1,2,No
EMP11047,28,Male,Research & Development,Research Scientist,6580,8,1,4,2,No,1.0,1,2,Travel_Rarely,1.0,3,Life Sciences,Married,11662,742,45,2,3,3,0,2,1,2,No
EMP11048,52,Male,Research & Development,Manufacturing Director,7450,6,5,2,1,No,3.0,3,3,Travel_Frequently,4.0,3,Life Sciences,Single,17437,478,94,4,4,4,0,2,2,2,No
EMP11049,34,Female,Sales,Sales Representative,3170,4,3,3,4,No,2.0,2,1,Travel_Rarely,5.0,5,Life Sciences,Single,10243,916,74,3,3,1,0,3,0,2,Yes
EMP11050,51,Male,Research & Development,Healthcare Representative,4210,4,3,1,4,No,1.0,3,1,Travel_Rarely,4.0,4,Medical,Divorced,3019,923,36,3,3,3,1,5,3,3,No
EMP11051,43,Female,Sales,Sales Representative,8170,10,6,5,2,No,1.0,4,2,Travel_Frequently,10.0,4,Life Sciences,Single,26284,189,74,3,2,3,0,4,1,2,No
EMP11052,36,Male,Research & Development,Research Scientist,5010,12,4,2,5,No,3.0,4,1,Travel_Frequently,29.0,2,Technical Degree,Married,13814,243,68,2,3,3,2,1,3,2,No
EMP11053,32,Female,Sales,Sales Executive,6270,1,0,1,1,No,3.0,3,3,Travel_Rarely,8.0,2,Medical,Single,14535,720,79,3,3,2,0,3,1,2,No
EMP11054,34,Female,Sales,Sales Executive,7100,7,2,4,2,Yes,4.0,1,2,Travel_Rarely,11.0,3,Other,Single,18376,963,78,3,4,1,1,1,1,2,No
EMP11055,41,Male,Human Resources,Manager,7640,9,6,3,4,No,3.0,3,3,Travel_Rarely,17.0,2,Life Sciences,Married,12104,303,77,2,3,3,0,4,3,2,No
EMP11056,38,Male,Research & Development,Research Scientist,6920,7,4,2,2,Yes,3.0,3,2,Travel_Frequently,26.0,5,Human Resources,Married,10479,1424,78,4,4,3,1,2,1,2,No
EMP11057,31,Female,Sales,Sales Executive,7620,2,1,1,2,No,1.0,3,3,Non-Travel,10.0,2,Human Resources,Single,7373,964,69,2,1,2,1,2,3,2,Yes
EMP11058,35,Male,Research & Development,Manager,3550,8,5,2,7,No,4.0,4,1,Travel_Rarely,4.0,3,Life Sciences,Divorced,15234,252,68,1,1,2,0,0,2,2,No
EMP11059,38,Male,Research & Development,Research Scientist,7460,11,4,4,1,Yes,3.0,2,3,Travel_Rarely,22.0,3,Life Sciences,Married,8357,628,86,2,3,3,3,4,2,2,No
EMP11060,18,Male,Research & Development,Manager,2810,0,0,0,0,No,2.0,3,1,Travel_Rarely,7.0,4,Life Sciences,Single,23595,438,92,3,2,3,2,4,2,1,Yes
EMP11061,41,Female,Sales,Sales Representative,5350,4,1,3,4,Yes,3.0,2,2,Travel_Rarely,21.0,2,Life Sciences,Single,14831,848,85,4,4,3,1,2,1,3,No
EMP11062,28,Male,Human Resources,Manager,3880,7,3,1,4,Yes,2.0,2,1,Travel_Rarely,15.0,3,Life Sciences,Married,9772,1458,31,3,3,1,1,3,3,2,No
EMP11063,26,Female,Sales,Sales Executive,5880,6,2,4,4,Yes,3.0,3,2,Travel_Rarely,16.0,3,Marketing,Married,16567,1179,55,1,3,3,0,2,2,2,No
EMP11064,22,Male,Research & Development,Research Scientist,3510,4,2,4,4,No,3.0,3,1,Travel_Rarely,19.0,4,Medical,Single,23122,655,52,1,3,4,1,2,3,2,No
EMP11065,21,Female,Research & Development,Healthcare Representative,3300,2,1,0,2,Yes,3.0,3,1,Travel_Frequently,13.0,2,Other,Married,5901,852,47,3,3,3,0,2,3,2,Yes
EMP11066,25,Male,Sales,Sales Representative,11360,4,3,2,2,Yes,4.0,3,4,Travel_Rarely,7.0,4,Life Sciences,Single,26286,1030,97,1,3,2,0,1,5,3,No
EMP11067,30,Female,Research & Development,Healthcare Representative,3440,1,1,0,1,Yes,4.0,3,1,Travel_Rarely,16.0,4,Other,Single,23317,650,89,1,3,4,2,5,0,2,Yes
EMP11068,55,Male,Research & Development,Research Scientist,9500,9,6,4,2,Yes,4.0,4,3,Travel_Rarely,4.0,3,Life Sciences,Single,13708,1253,31,3,3,2,0,0,1,3,Yes
EMP11069,32,Female,Research & Development,Healthcare Representative,13640,4,2,1,2,Yes,4.0,3,5,Travel_Rarely,19.0,4,Technical Degree,Divorced,9670,197,78,3,4,3,0,4,2,2,Yes
EMP11070,39,Female,Research & Development,Healthcare Representative,3860,10,6,2,7,No,1.0,4,1,Travel_Frequently,29.0,2,Life Sciences,Married,19933,892,67,4,4,3,1,3,0,2,No
EMP11071,41,Male,Research & Development,Healthcare Representative,4130,5,2,2,2,No,2.0,3,2,Travel_Rarely,4.0,5,Life Sciences,Married,18216,521,60,4,2,3,2,5,1,2,No
EMP11072,38,Male,Research & Development,Healthcare Representative,4440,6,5,5,1,No,1.0,3,1,Travel_Rarely,2.0,3,Other,Single,6934,179,69,2,4,3,0,2,1,2,Yes
EMP11073,36,Male,Research & Development,Research Director,2870,2,1,0,2,Yes,2.0,2,1,Travel_Rarely,15.0,3,Life Sciences,Single,4666,387,109,3,4,3,1,2,0,2,Yes
EMP11074,26,Male,Research & Development,Manufacturing Director,4330,8,6,1,2,No,2.0,3,2,Travel_Rarely,10.0,3,Technical Degree,Single,4453,946,82,3,3,4,0,2,3,2,No
EMP11075,50,Female,Human Resources,Human Resources,11390,23,12,15,9,No,4.0,3,4,Travel_Rarely,2.0,2,Marketing,Married,19951,268,93,1,3,4,2,3,3,2,No
EMP11076,53,Male,Research & Development,Manufacturing Director,2170,5,2,1,5,No,3.0,3,1,Travel_Frequently,3.0,5,Medical,Single,22136,1202,62,3,3,3,1,2,0,2,No
EMP11077,22,Male,Research & Development,Research Scientist,4990,4,2,2,4,No,3.0,3,2,Non-Travel,14.0,2,Medical,Single,10479,170,87,1,1,3,2,1,2,2,No
EMP11078,28,Female,Sales,Sales Executive,5640,7,5,5,6,Yes,2.0,4,2,Travel_Rarely,12.0,4,Technical Degree,Single,4473,362,79,1,1,3,0,2,1,2,No
EMP11079,34,Male,Research & Development,Laboratory Technician,6750,2,1,1,2,No,3.0,2,3,Travel_Rarely,3.0,3,Life Sciences,Divorced,18819,811,93,1,4,3,2,1,2,2,Yes
EMP11080,28,Male,Sales,Sales Executive,4340,3,1,2,3,No,4.0,3,1,Travel_Rarely,22.0,5,Technical Degree,Married,24608,822,32,4,3,3,2,1,2,2,No
EMP11081,42,Male,Sales,Sales Executive,5310,8,2,3,6,No,2.0,3,2,Travel_Frequently,15.0,3,Other,Single,4405,629,90,4,1,3,2,3,1,2,No
EMP11082,30,Female,Research & Development,Research Scientist,4400,3,2,1,2,No,4.0,2,2,Travel_Rarely,8.0,3,Life Sciences,Married,10446,884,39,3,3,2,2,3,9,2,No
EMP11083,57,Female,Research & Development,Research Director,5380,5,1,4,5,No,2.0,4,2,Travel_Rarely,7.0,3,Life Sciences,Married,12201,309,95,2,2,3,1,4,3,2,No
EMP11084,48,Female,Sales,Manager,11310,6,5,2,1,No,4.0,3,4,Travel_Rarely,7.0,4,Technical Degree,Single,3834,216,80,1,4,3,0,3,0,2,No
EMP11085,39,Male,Sales,Sales Executive,8560,8,6,3,3,No,1.0,2,3,Travel_Frequently,5.0,2,Medical,Single,9042,715,59,3,3,2,2,1,1,2,Yes
EMP11086,46,Female,Research & Development,Manager,3670,5,1,2,2,No,3.0,2,1,Travel_Rarely,29.0,2,Life Sciences,Divorced,22735,1200,54,3,3,3,0,0,6,2,No
EMP11087,47,Male,Research & Development,Manufacturing Director,4760,5,2,1,4,No,4.0,3,2,Travel_Rarely,8.0,3,Life Sciences,Married,18806,414,72,4,2,3,0,1,1,3,No
EMP11088,32,Male,Research & Development,Laboratory Technician,6260,14,10,10,2,Yes,3.0,1,2,Travel_Frequently,13.0,4,Medical,Divorced,15524,110,93,1,4,3,2,4,1,2,No
EMP11089,29,Male,Human Resources,Human Resources,4840,10,5,8,1,No,3.0,3,1,Non-Travel,4.0,2,Life Sciences,Single,7933,1174,88,3,4,3,0,4,3,2,No
EMP11090,38,Male,Research & Development,Manufacturing Director,3800,5,0,4,1,No,3.0,2,2,Travel_Rarely,7.0,3,Medical,Married,17218,1130,91,4,4,3,0,4,2,2,No
EMP11091,45,Male,Sales,Sales Representative,6720,5,2,2,1,No,2.0,4,2,Travel_Frequently,11.0,3,Technical Degree,Single,12087,1054,39,1,3,2,1,4,4,2,No
EMP11092,38,Male,Research & Development,Healthcare Representative,5640,16,7,9,4,No,1.0,3,2,Travel_Frequently,10.0,4,Life Sciences,Married,17411,360,93,3,4,3,2,4,0,1,No
EMP11093,23,Male,Research & Development,Research Scientist,12790,5,3,1,4,No,2.0,2,4,Travel_Rarely,1.0,5,Medical,Divorced,8072,299,89,2,1,3,2,3,3,2,No
EMP11094,30,Male,Research & Development,Research Scientist,4340,11,3,8,2,No,1.0,4,1,Travel_Rarely,8.0,3,Other,Married,2554,429,49,1,1,3,1,5,6,2,No
EMP11095,36,Female,Research & Development,Laboratory Technician,11330,5,5,2,5,No,4.0,4,4,Travel_Rarely,18.0,3,Technical Degree,Single,18390,189,78,4,3,3,0,3,3,2,No
EMP11096,36,Male,Research & Development,Laboratory Technician,6680,4,3,2,3,Yes,4.0,3,2,Travel_Rarely,3.0,3,Other,Single,20149,690,103,3,1,3,2,6,7,2,No
EMP11097,55,Female,Research & Development,Research Scientist,4600,14,13,10,4,Yes,2.0,1,2,Travel_Rarely,29.0,2,Medical,Divorced,4091,154,56,3,2,3,1,2,3,2,Yes
EMP11098,24,Male,Research & Development,Research Scientist,8900,6,3,4,3,No,4.0,3,3,Travel_Rarely,11.0,3,Technical Degree,Married,6830,1344,80,2,3,4,0,2,0,2,No
EMP11099,42,Female,Sales,Sales Representative,4240,6,0,3,6,No,2.0,2,1,Non-Travel,12.0,4,Life Sciences,Single,15891,191,86,4,3,3,3,3,1,2,No
EMP11100,50,Male,Research & Development,Manager,4880,4,2,1,2,Yes,2.0,3,2,Travel_Rarely,3.0,3,Life Sciences,Divorced,20041,155,108,1,4,2,0,3,2,2,Yes
EMP11101,58,Male,Research & Development,Laboratory Technician,5830,11,6,2,1,No,4.0,1,2,Travel_Rarely,11.0,5,Life Sciences,Married,11003,1302,108,1,2,3,0,2,0,2,No
EMP11102,33,Male,Human Resources,Manager,3460,7,1,6,3,No,2.0,3,1,Travel_Rarely,10.0,3,Life Sciences,Single,24478,160,66,4,4,3,0,4,1,2,No
EMP11103,41,Female,Sales,Sales Executive,11380,3,0,2,3,No,1.0,2,4,Travel_Rarely,3.0,4,Other,Married,9463,216,32,4,2,3,3,3,1,2,No
EMP11104,42,Female,Sales,Sales Executive,7110,4,3,2,1,Yes,4.0,3,3,Travel_Frequently,20.0,3,Life Sciences,Married,20346,689,58,3,3,3,0,2,2,3,No
EMP11105,39,Male,Human Resources,Human Resources,4360,13,3,6,2,Yes,4.0,1,1,Travel_Rarely,5.0,3,Technical Degree,Divorced,18874,335,97,3,1,3,0,2,2,2,Yes
EMP11106,36,Male,Research & Development,Manufacturing Director,2790,7,5,3,5,Yes,3.0,3,1,Travel_Rarely,8.0,3,Technical Degree,Married,10509,132,76,2,3,3,2,5,1,2,No
EMP11107,41,Female,Research & Development,Manager,6670,11,5,2,5,No,2.0,3,2,Travel_Rarely,21.0,3,Marketing,Divorced,14505,1366,109,4,4,2,0,3,0,2,Yes
EMP11108,18,Female,Sales,Sales Representative,2900,0,0,0,0,No,2.0,1,1,Travel_Rarely,3.0,3,Life Sciences,Divorced,26466,885,98,3,3,3,0,0,2,2,Yes
EMP11109,43,Male,Sales,Sales Executive,4340,3,1,2,1,No,3.0,3,2,Travel_Rarely,5.0,4,Marketing,Married,20932,1197,50,2,2,1,0,5,6,2,No
EMP11110,38,Male,Research & Development,Manufacturing Director,2920,8,5,5,5,No,4.0,1,1,Travel_Rarely,9.0,5,Life Sciences,Single,11408,120,71,2,3,3,0,3,5,2,No
EMP11111,35,Male,Sales,Sales Executive,5260,6,1,4,4,No,4.0,3,2,Travel_Rarely,10.0,3,Life Sciences,Divorced,26908,1277,50,1,3,4,0,4,8,2,No
EMP11112,56,Female,Research & Development,Research Director,3810,4,3,4,2,No,4.0,3,1,Travel_Frequently,13.0,2,Other,Married,19560,1377,31,2,1,3,2,4,1,2,No
EMP11113,31,Male,Research & Development,Manufacturing Director,4140,4,4,1,4,No,4.0,3,1,Travel_Rarely,29.0,3,Life Sciences,Divorced,8099,1330,107,1,4,3,0,4,3,2,No
EMP11114,33,Female,Research & Development,Laboratory Technician,5610,11,7,6,0,Yes,3.0,2,2,Travel_Rarely,22.0,3,Life Sciences,Single,20984,1272,98,1,2,1,2,2,2,2,No
EMP11115,55,Male,Research & Development,Manufacturing Director,5850,7,1,5,3,No,3.0,2,2,Travel_Rarely,15.0,2,Other,Divorced,5094,1017,36,1,3,3,3,1,1,2,No
EMP11116,29,Male,Research & Development,Manufacturing Director,12070,7,2,4,5,Yes,3.0,1,4,Travel_Rarely,13.0,4,Life Sciences,Divorced,18057,401,104,2,2,3,2,6,3,2,No
EMP11117,32,Male,Research & Development,Research Scientist,8600,14,10,3,1,Yes,3.0,4,3,Travel_Rarely,6.0,5,Technical Degree,Divorced,4263,396,64,1,1,1,1,2,0,2,Yes
EMP11118,36,Female,Sales,Sales Representative,2750,4,3,2,1,No,2.0,3,1,Travel_Frequently,2.0,5,Life Sciences,Single,3066,872,59,1,4,3,3,3,2,3,Yes
EMP11119,45,Female,Research & Development,Research Scientist,4150,6,4,1,6,Yes,3.0,4,1,Travel_Rarely,29.0,2,Life Sciences,Married,24128,1167,73,1,1,3,3,5,4,3,No
EMP11120,39,Male,Research & Development,Healthcare Representative,7400,4,1,2,4,No,2.0,4,3,Non-Travel,6.0,4,Life Sciences,Single,4790,1267,75,2,2,3,1,2,0,2,No
EMP11121,25,Female,Sales,Sales Representative,11990,7,2,3,7,No,4.0,4,4,Travel_Rarely,6.0,4,Life Sciences,Single,9079,1367,84,3,3,3,0,2,1,2,No
EMP11122,32,Male,Human Resources,Manager,7330,7,2,0,6,No,2.0,3,3,Travel_Rarely,3.0,3,Medical,Single,13681,518,30,3,2,4,3,4,1,2,No
EMP11123,31,Male,Sales,Sales Representative,2680,5,2,4,4,No,4.0,1,1,Travel_Rarely,14.0,3,Technical Degree,Divorced,20057,161,83,2,3,2,2,3,3,2,No
EMP11124,36,Male,Sales,Sales Executive,16200,5,2,1,5,No,2.0,4,5,Travel_Rarely,7.0,4,Medical,Married,20747,957,109,1,3,2,0,3,6,2,No
EMP11125,41,Male,Sales,Sales Executive,4950,10,8,2,4,No,4.0,1,1,Travel_Rarely,23.0,3,Other,Single,14160,637,30,4,4,4,3,3,4,2,No
EMP11126,41,Male,Research & Development,Healthcare Representative,7660,12,5,9,3,Yes,2.0,3,2,Travel_Rarely,25.0,3,Life Sciences,Divorced,22107,1440,92,3,3,2,0,2,1,3,No
EMP11127,21,Female,Research & Development,Research Scientist,7430,3,2,2,3,No,4.0,4,3,Travel_Rarely,7.0,3,Medical,Married,5501,795,84,3,4,3,0,2,0,3,No
EMP11128,47,Male,Research & Development,Manufacturing Director,5350,24,18,17,6,No,1.0,3,1,Travel_Rarely,21.0,3,Marketing,Divorced,4814,917,106,3,3,3,0,4,1,2,No
EMP11129,39,Female,Research & Development,Research Scientist,7640,2,1,1,2,No,3.0,1,3,Travel_Rarely,9.0,2,Other,Divorced,25026,1159,56,2,2,3,0,2,2,2,Yes
EMP11130,49,Male,Research & Development,Research Scientist,4070,3,2,2,2,No,1.0,2,1,Travel_Rarely,4.0,4,Life Sciences,Married,2348,1019,44,3,2,3,1,3,0,2,No
EMP11131,41,Female,Sales,Sales Representative,10560,5,1,3,5,No,3.0,4,4,Travel_Rarely,4.0,4,Marketing,Single,4122,1074,38,3,4,3,1,1,2,2,No
EMP11132,47,Male,Research & Development,Research Scientist,4020,3,1,2,2,Yes,4.0,4,1,Travel_Rarely,13.0,4,Other,Divorced,17248,641,98,2,3,1,0,6,5,2,Yes
EMP11133,41,Male,Research & Development,Healthcare Representative,10250,3,2,1,3,No,4.0,3,4,Travel_Rarely,7.0,2,Life Sciences,Married,17059,1355,88,3,2,3,0,3,6,2,No
EMP11134,49,Male,Research & Development,Laboratory Technician,3910,12,5,10,2,Yes,1.0,4,1,Travel_Rarely,12.0,3,Other,Married,22517,889,52,4,4,3,2,3,1,2,Yes
EMP11135,42,Male,Sales,Sales Executive,6490,8,2,4,2,No,3.0,1,2,Travel_Rarely,14.0,2,Life Sciences,Divorced,16597,132,40,2,1,3,0,4,3,3,No
EMP11136,36,Female,Research & Development,Manufacturing Director,4740,6,2,3,3,No,4.0,2,2,Non-Travel,8.0,2,Technical Degree,Single,18595,680,53,1,3,3,3,2,1,2,No
EMP11137,58,Male,Sales,Sales Executive,5330,4,2,3,4,No,3.0,2,2,Travel_Frequently,6.0,3,Other,Married,5529,451,101,2,3,4,2,4,1,2,Yes
EMP11138,45,Female,Research & Development,Research Scientist,1800,3,2,2,3,Yes,1.0,1,1,Travel_Rarely,7.0,3,Technical Degree,Married,15961,354,83,1,3,3,2,1,3,2,Yes
EMP11139,42,Male,Research & Development,Healthcare Representative,4670,3,2,1,2,No,2.0,2,2,Travel_Rarely,20.0,3,Medical,Single,26121,1173,60,1,2,3,0,2,1,2,No
EMP11140,25,Male,Research & Development,Research Scientist,2440,7,4,3,3,No,3.0,1,1,Travel_Rarely,4.0,2,Life Sciences,Single,8349,1146,51,2,3,3,3,2,1,2,Yes
EMP11141,25,Male,Sales,Sales Representative,4940,7,5,4,3,No,1.0,3,2,Travel_Frequently,4.0,3,Other,Divorced,22484,1377,43,2,1,3,0,0,0,3,Yes
EMP11142,40,Female,Research & Development,Research Scientist,4290,5,2,3,4,Yes,3.0,1,1,Travel_Rarely,6.0,2,Medical,Single,15930,372,34,4,3,4,0,2,5,2,No
EMP11143,38,Female,Sales,Sales Executive,11340,2,1,1,2,No,3.0,2,4,Travel_Rarely,21.0,5,Life Sciences,Divorced,11458,792,46,3,3,1,2,3,1,3,Yes
EMP11144,31,Male,Research & Development,Healthcare Representative,4350,9,5,2,5,Yes,2.0,4,1,Travel_Rarely,21.0,3,Technical Degree,Married,2147,349,100,3,4,3,2,1,6,2,Yes
EMP11145,38,Male,Research & Development,Laboratory Technician,3480,5,2,3,1,Yes,3.0,1,1,Travel_Rarely,13.0,4,Medical,Married,3709,1360,73,1,2,3,0,1,3,2,No
EMP11146,51,Male,Sales,Sales Executive,4670,11,5,9,3,Yes,4.0,1,1,Travel_Rarely,19.0,3,Life Sciences,Divorced,21406,1003,108,1,4,3,1,3,2,2,Yes
EMP11147,43,Female,Sales,Sales Executive,5780,3,1,2,3,No,2.0,2,2,Travel_Rarely,6.0,2,Life Sciences,Married,15634,331,78,3,3,2,1,3,1,4,No
EMP11148,27,Female,Sales,Sales Executive,4130,6,5,1,6,No,2.0,4,1,Travel_Rarely,4.0,5,Life Sciences,Married,5990,527,94,2,3,3,1,2,1,2,Yes
EMP11149,36,Male,Sales,Sales Representative,5040,3,1,2,3,No,4.0,3,2,Travel_Rarely,11.0,3,Marketing,Single,15962,1056,33,1,2,3,1,1,3,2,No
EMP11150,30,Male,Sales,Sales Executive,7730,4,2,1,3,No,1.0,3,3,Travel_Rarely,14.0,3,Marketing,Married,9854,733,38,4,2,2,3,2,1,2,No
EMP11151,33,Male,Sales,Sales Representative,4430,3,3,1,2,No,4.0,1,2,Travel_Rarely,24.0,4,Medical,Married,5836,341,65,2,3,2,3,2,3,2,Yes
EMP11152,33,Female,Sales,Manager,5570,5,2,1,5,No,4.0,3,2,Travel_Rarely,3.0,2,Human Resources,Single,16256,233,80,2,4,3,3,3,2,3,No
EMP11153,33,Male,Sales,Sales Executive,5500,12,6,5,2,No,4.0,2,1,Travel_Rarely,9.0,4,Other,Married,26567,1194,61,4,3,4,1,2,2,2,No
EMP11154,25,Female,Sales,Manager,4280,6,1,5,1,No,3.0,2,2,Travel_Rarely,5.0,3,Marketing,Married,6523,1433,47,1,4,3,0,3,3,2,No
EMP11155,36,Male,Research & Development,Laboratory Technician,4580,10,2,4,2,No,3.0,3,1,Travel_Rarely,1.0,3,Life Sciences,Divorced,2368,1123,44,3,3,3,1,1,1,2,No
EMP11156,32,Female,Sales,Manager,9610,6,0,3,1,No,4.0,4,3,Travel_Rarely,9.0,2,Technical Degree,Married,25528,1402,49,4,4,2,1,1,2,2,Yes
EMP11157,18,Female,Research & Development,Research Scientist,3350,0,0,0,0,No,2.0,1,1,Travel_Rarely,13.0,2,Medical,Divorced,19854,318,87,1,2,3,0,4,1,3,Yes
EMP11158,56,Female,Sales,Sales Representative,4890,1,1,0,1,Yes,1.0,3,2,Travel_Rarely,7.0,4,Marketing,Married,4597,796,69,4,3,2,1,4,1,2,Yes
EMP11159,47,Female,Sales,Sales Executive,4480,3,1,2,3,No,2.0,1,1,Travel_Rarely,8.0,4,Technical Degree,Divorced,3302,406,95,3,4,3,1,2,0,2,No
EMP11160,33,Female,Research & Development,Laboratory Technician,8080,6,0,1,3,Yes,4.0,2,3,Travel_Rarely,8.0,3,Life Sciences,Married,13516,413,42,4,4,2,3,3,0,2,No
EMP11161,37,Male,Sales,Sales Representative,5960,7,6,3,2,No,3.0,1,1,Travel_Rarely,3.0,2,Other,Married,3894,1022,42,2,3,3,0,2,1,2,No
EMP11162,26,Male,Research & Development,Healthcare Representative,5810,8,6,1,0,No,3.0,4,2,Travel_Frequently,8.0,4,Life Sciences,Married,14254,380,91,4,2,3,2,4,1,2,No
EMP11163,52,Male,Research & Development,Research Scientist,2910,2,1,1,2,No,3.0,1,1,Travel_Rarely,2.0,3,Technical Degree,Married,4524,1450,57,3,3,4,1,3,0,2,Yes
EMP11164,54,Female,Sales,Sales Executive,7030,19,14,8,2,No,3.0,3,2,Travel_Frequently,14.0,3,Life Sciences,Divorced,19472,134,75,3,2,2,0,2,2,2,No
EMP11165,38,Male,Research & Development,Healthcare Representative,7950,1,1,0,1,No,1.0,1,3,Travel_Rarely,5.0,3,Other,Single,24089,169,44,4,2,3,0,4,1,3,No
EMP11166,46,Female,Sales,Sales Representative,5120,6,3,5,1,No,3.0,3,2,Travel_Rarely,21.0,3,Life Sciences,Single,19710,459,73,3,2,3,0,2,3,2,Yes
EMP11167,38,Female,Sales,Manager,5590,4,1,0,4,No,3.0,2,2,Travel_Rarely,1.0,4,Life Sciences,Divorced,9484,507,52,2,2,3,0,3,1,3,No
EMP11168,25,Male,Research & Development,Healthcare Representative,11540,3,1,2,2,No,3.0,1,4,Travel_Rarely,20.0,5,Life Sciences,Married,22653,679,96,2,3,3,0,1,4,3,Yes
EMP11169,33,Male,Research & Development,Manager,5380,14,5,3,2,No,4.0,4,2,Travel_Frequently,4.0,2,Life Sciences,Single,16211,618,107,2,3,3,3,4,0,2,Yes
EMP11170,38,Male,Research & Development,Healthcare Representative,5790,4,1,3,4,No,3.0,3,2,Travel_Rarely,25.0,3,Life Sciences,Married,25966,705,95,3,2,3,0,4,1,1,No
EMP11171,33,Male,Research & Development,Laboratory Technician,5740,1,1,1,1,No,4.0,2,2,Travel_Rarely,14.0,3,Marketing,Married,5356,180,79,4,3,2,2,1,0,3,No
EMP11172,35,Male,Human Resources,Human Resources,4860,2,1,1,1,Yes,3.0,3,2,Travel_Rarely,23.0,3,Medical,Married,24600,349,42,3,2,4,3,1,2,2,No
EMP11173,36,Male,Research & Development,Healthcare Representative,2820,11,5,3,2,No,3.0,2,1,Travel_Rarely,9.0,3,Life Sciences,Divorced,3102,1161,31,3,2,3,1,3,1,2,No
EMP11174,36,Female,Research & Development,Manufacturing Director,7500,2,0,2,2,No,4.0,3,3,Travel_Rarely,17.0,4,Life Sciences,Married,19451,144,105,4,3,4,0,6,0,4,No
EMP11175,37,Female,Research & Development,Research Scientist,5480,2,0,1,2,No,4.0,3,2,Non-Travel,10.0,3,Human Resources,Married,2744,1482,63,2,2,3,1,4,3,2,No
EMP11176,27,Male,Research & Development,Laboratory Technician,2870,7,6,4,2,No,3.0,1,1,Travel_Frequently,3.0,3,Technical Degree,Divorced,5074,236,69,3,3,3,0,3,1,2,No
EMP11177,30,Male,Sales,Manager,9770,5,0,3,1,No,1.0,4,3,Travel_Rarely,4.0,3,Technical Degree,Divorced,20874,922,98,1,2,1,0,2,1,2,No
EMP11178,25,Male,Research & Development,Manufacturing Director,3650,7,3,0,4,No,2.0,1,1,Travel_Rarely,24.0,2,Technical Degree,Single,25928,1078,90,1,3,3,1,1,1,2,No
EMP11179,46,Female,Sales,Sales Executive,4350,4,1,3,4,No,1.0,1,1,Travel_Rarely,8.0,2,Life Sciences,Married,22148,919,54,3,2,3,0,4,1,2,No
EMP11180,18,Female,Research & Development,Laboratory Technician,5520,0,0,0,0,No,2.0,3,2,Travel_Rarely,9.0,4,Life Sciences,Married,24405,466,104,1,1,3,2,4,1,3,Yes
EMP11181,47,Male,Human Resources,Human Resources,7330,2,1,1,2,No,3.0,1,3,Travel_Frequently,7.0,2,Life Sciences,Divorced,4862,1428,106,1,2,2,1,2,2,2,No
EMP11182,50,Male,Research & Development,Laboratory Technician,7340,2,1,0,2,No,4.0,1,3,Travel_Rarely,5.0,4,Other,Divorced,16189,328,92,3,4,3,2,2,1,2,No
EMP11183,34,Female,Research & Development,Laboratory Technician,10830,7,5,0,2,No,3.0,2,4,Travel_Rarely,6.0,3,Other,Married,24339,282,57,3,1,2,0,3,1,2,No
EMP11184,18,Female,Sales,Sales Executive,8220,0,0,0,0,No,1.0,4,3,Non-Travel,8.0,3,Medical,Divorced,25252,566,85,3,1,3,0,5,1,2,No
EMP11185,34,Male,Research & Development,Healthcare Representative,4190,4,2,1,1,Yes,2.0,1,1,Travel_Rarely,7.0,3,Life Sciences,Married,4560,937,55,4,1,2,1,3,2,2,Yes
EMP11186,36,Female,Sales,Sales Executive,5790,9,5,5,4,No,3.0,2,2,Travel_Rarely,20.0,3,Life Sciences,Divorced,6791,303,56,3,3,3,2,1,2,2,Yes
EMP11187,28,Male,Sales,Sales Representative,8460,10,7,2,2,Yes,4.0,2,3,Travel_Rarely,6.0,2,Life Sciences,Divorced,5834,1074,55,3,2,3,2,1,3,2,No
EMP11188,32,Male,Research & Development,Research Director,4780,2,1,2,2,No,4.0,2,1,Travel_Rarely,22.0,3,Marketing,Divorced,21158,722,44,2,2,4,2,2,0,2,No
EMP11189,51,Female,Research & Development,Research Scientist,6460,13,9,1,3,Yes,4.0,3,2,Travel_Rarely,6.0,4,Life Sciences,Divorced,26652,1191,79,3,4,3,1,5,1,2,No
EMP11190,43,Female,Sales,Sales Representative,5630,9,6,6,0,No,4.0,2,2,Travel_Frequently,9.0,4,Other,Married,21498,968,35,1,1,3,1,4,0,2,No
EMP11191,28,Male,Research & Development,Manufacturing Director,4510,4,1,1,4,No,3.0,3,1,Travel_Rarely,5.0,3,Life Sciences,Single,16235,649,97,3,3,3,0,2,2,3,No
EMP11192,22,Female,Research & Development,Research Director,7630,4,1,2,4,No,4.0,3,3,Travel_Rarely,9.0,3,Other,Married,15531,1428,33,1,4,3,1,0,0,2,No
EMP11193,34,Male,Research & Development,Research Scientist,5150,2,1,1,2,No,2.0,2,2,Travel_Rarely,8.0,2,Human Resources,Divorced,24088,703,59,2,1,3,1,2,2,2,No
EMP11194,35,Female,Research & Development,Healthcare Representative,5060,8,6,2,5,No,1.0,3,2,Non-Travel,16.0,3,Technical Degree,Divorced,3012,854,106,3,3,3,0,3,1,2,No
EMP11195,41,Male,Research & Development,Manufacturing Director,16880,5,2,3,5,No,1.0,3,5,Travel_Rarely,8.0,2,Marketing,Married,6285,727,38,3,2,1,2,3,2,2,Yes
EMP11196,32,Female,Sales,Sales Executive,5300,4,2,2,2,No,2.0,3,2,Travel_Rarely,24.0,4,Marketing,Single,11066,1115,71,2,4,2,2,3,7,2,No
EMP11197,42,Female,Human Resources,Human Resources,3210,3,2,1,3,No,1.0,4,1,Travel_Rarely,5.0,3,Marketing,Married,22741,194,43,3,4,2,0,1,1,2,No
EMP11198,55,Male,Human Resources,Human Resources,7840,26,2,10,2,Yes,4.0,4,2,Travel_Rarely,12.0,3,Marketing,Married,5556,1369,69,3,2,3,3,3,2,2,No
EMP11199,44,Female,Sales,Sales Representative,8500,4,2,1,4,Yes,3.0,3,3,Travel_Rarely,14.0,3,Marketing,Single,16976,784,32,3,2,3,0,1,0,2,Yes
EMP11200,36,Female,Research & Development,Laboratory Technician,6440,1,0,0,1,Yes,4.0,4,3,Travel_Rarely,19.0,2,Other,Divorced,4325,896,70,1,3,3,0,3,1,2,No
EMP11201,35,Female,Sales,Sales Representative,8640,10,5,5,3,No,4.0,3,3,Travel_Rarely,5.0,4,Technical Degree,Single,25341,1202,62,3,4,3,3,2,2,2,No
EMP11202,34,Male,Research & Development,Laboratory Technician,5890,7,1,5,5,No,4.0,1,2,Travel_Rarely,18.0,2,Technical Degree,Married,22372,1403,108,1,2,3,1,4,2,2,Yes
EMP11203,48,Female,Research & Development,Healthcare Representative,3340,5,1,4,5,No,4.0,3,1,Travel_Rarely,29.0,2,Other,Single,20738,468,89,2,4,3,2,3,2,2,No
EMP11204,31,Female,Research & Development,Research Scientist,6690,4,2,2,4,No,4.0,2,3,Travel_Rarely,16.0,4,Life Sciences,Divorced,14159,378,93,3,4,2,0,3,1,2,No
EMP11205,37,Male,Research & Development,Manager,6910,6,3,5,6,No,3.0,2,3,Travel_Frequently,4.0,3,Life Sciences,Married,12846,450,91,1,2,1,2,5,0,2,No
EMP11206,37,Female,Sales,Sales Executive,4880,10,3,9,5,No,3.0,3,1,Travel_Frequently,7.0,4,Medical,Married,25077,1349,108,3,4,3,2,2,1,2,No
EMP11207,32,Male,Sales,Sales Executive,4040,7,3,1,2,No,4.0,2,1,Travel_Rarely,10.0,3,Medical,Married,13419,505,36,4,1,3,1,1,1,2,No
EMP11208,24,Male,Research & Development,Research Scientist,11250,6,4,1,1,Yes,4.0,2,4,Travel_Frequently,6.0,3,Human Resources,Single,14587,545,105,3,3,3,2,4,1,2,No
EMP11209,40,Male,Research & Development,Research Scientist,8100,8,4,6,1,No,4.0,2,3,Travel_Rarely,21.0,4,Medical,Divorced,20778,422,79,3,2,2,3,3,4,1,No
EMP11210,36,Male,Human Resources,Human Resources,8450,10,2,2,6,No,4.0,2,3,Travel_Rarely,3.0,2,Marketing,Divorced,7542,729,68,3,3,4,1,2,0,2,No
EMP11211,41,Female,Research & Development,Research Scientist,9300,12,2,4,4,No,3.0,1,3,Travel_Rarely,5.0,3,Medical,Married,6521,172,100,4,3,4,1,2,1,3,No
EMP11212,32,Male,Research & Development,Research Director,5110,4,3,1,4,No,4.0,3,2,Travel_Rarely,6.0,3,Life Sciences,Single,18425,617,76,1,3,3,2,4,0,2,No
EMP11213,48,Female,Research & Development,Research Scientist,4220,7,4,4,4,Yes,4.0,2,2,Non-Travel,17.0,3,Marketing,Single,16651,1444,99,3,3,4,0,4,1,2,No
EMP11214,29,Male,Sales,Sales Executive,5360,11,6,4,5,Yes,3.0,4,2,Travel_Rarely,10.0,3,Human Resources,Married,20232,121,55,3,3,3,3,2,2,2,No
EMP11215,52,Male,Sales,Sales Executive,3710,4,2,2,4,No,3.0,4,1,Non-Travel,15.0,4,Life Sciences,Single,12316,278,87,4,4,3,0,4,0,2,No
EMP11216,21,Male,Research & Development,Research Scientist,5330,3,1,1,2,No,4.0,3,2,Travel_Rarely,9.0,5,Marketing,Married,6191,807,102,2,3,4,0,3,4,4,Yes
EMP11217,41,Male,Research & Development,Research Scientist,6370,4,1,2,2,Yes,3.0,2,2,Travel_Rarely,11.0,3,Marketing,Married,25814,1232,80,1,3,3,2,2,2,2,Yes
EMP11218,41,Female,Sales,Sales Executive,5060,7,4,6,1,Yes,4.0,3,2,Travel_Rarely,7.0,3,Life Sciences,Married,21250,1495,81,4,2,3,0,3,1,2,No
EMP11219,30,Female,Sales,Sales Executive,6580,5,1,1,2,Yes,1.0,1,2,Travel_Rarely,13.0,3,Life Sciences,Single,15024,1352,45,1,1,2,0,2,2,3,No
EMP11220,41,Female,Research & Development,Laboratory Technician,4040,4,2,3,4,No,3.0,3,2,Non-Travel,16.0,3,Other,Divorced,25277,1037,77,1,1,2,0,5,1,2,No
EMP11221,49,Male,Human Resources,Human Resources,4060,8,4,2,5,No,3.0,2,1,Travel_Rarely,4.0,3,Life Sciences,Divorced,26780,1118,56,3,3,2,2,2,1,2,No
EMP11222,18,Male,Research & Development,Manufacturing Director,2980,0,0,0,0,No,3.0,3,1,Travel_Frequently,7.0,3,Life Sciences,Single,15599,1047,62,3,3,3,1,5,5,2,Yes
EMP11223,41,Male,Research & Development,Research Scientist,4360,5,2,0,4,No,1.0,3,1,Travel_Rarely,11.0,4,Life Sciences,Married,5334,630,52,4,3,3,0,3,4,2,No
EMP11224,18,Male,Sales,Sales Executive,3810,0,0,0,0,Yes,1.0,3,1,Travel_Rarely,12.0,3,Technical Degree,Married,22043,463,74,3,4,2,2,0,0,2,Yes
EMP11225,28,Male,Research & Development,Manager,11690,3,1,2,3,Yes,4.0,3,4,Travel_Rarely,4.0,3,Marketing,Single,25463,524,51,3,2,3,1,0,1,2,No
EMP11226,52,Female,Research & Development,Manufacturing Director,4210,12,1,5,3,No,2.0,1,1,Travel_Rarely,23.0,3,Technical Degree,Divorced,19038,1058,71,1,3,3,1,3,2,2,No
EMP11227,32,Male,Research & Development,Healthcare Representative,3390,6,5,6,4,No,2.0,3,1,Travel_Rarely,8.0,4,Life Sciences,Married,20746,1339,62,3,4,3,0,5,1,2,No
EMP11228,26,Female,Research & Development,Laboratory Technician,6200,7,3,3,5,No,4.0,3,2,Non-Travel,7.0,4,Other,Divorced,11584,1171,39,2,3,3,0,5,1,3,No
EMP11229,35,Male,Human Resources,Human Resources,5110,2,0,1,2,No,3.0,3,2,Travel_Rarely,29.0,3,Life Sciences,Divorced,26459,771,76,1,3,3,1,3,1,2,No
EMP11230,56,Male,Research & Development,Healthcare Representative,4450,4,3,3,4,Yes,4.0,2,1,Travel_Rarely,12.0,3,Life Sciences,Married,23755,1396,108,4,4,3,0,2,0,2,Yes
EMP11231,20,Female,Sales,Sales Executive,8060,2,1,1,2,No,3.0,2,3,Travel_Rarely,14.0,4,Medical,Married,7452,1153,68,1,3,3,0,2,2,2,Yes
EMP11232,27,Male,Research & Development,Manager,7640,9,4,3,1,No,4.0,2,3,Non-Travel,10.0,2,Life Sciences,Divorced,23223,1112,75,3,4,1,0,3,1,2,No
EMP11233,51,Female,Research & Development,Research Scientist,4410,5,2,2,5,Yes,3.0,3,1,Travel_Rarely,9.0,4,Other,Married,9593,978,101,4,4,3,0,4,1,2,Yes
EMP11234,54,Female,Research & Development,Research Scientist,4620,3,2,2,3,Yes,4.0,3,1,Travel_Rarely,13.0,3,Other,Single,16630,1046,80,1,3,3,2,4,6,2,No
EMP11235,36,Male,Sales,Sales Representative,12800,7,5,4,5,No,2.0,1,4,Travel_Rarely,3.0,3,Life Sciences,Married,18668,1087,54,2,1,3,1,4,3,2,No
EMP11236,26,Female,Research & Development,Research Director,7960,8,3,1,1,Yes,2.0,1,3,Travel_Rarely,10.0,3,Other,Married,11532,1313,44,3,4,3,0,4,3,3,No
EMP11237,56,Male,Sales,Sales Executive,5010,7,2,3,2,No,4.0,3,2,Travel_Rarely,5.0,4,Human Resources,Divorced,2511,251,87,2,4,2,0,4,5,2,No
EMP11238,51,Male,Research & Development,Research Scientist,3710,5,1,1,4,No,4.0,4,1,Travel_Frequently,6.0,1,Other,Married,13247,1499,88,3,1,3,0,0,1,2,No
EMP11239,43,Female,Human Resources,Human Resources,5750,7,6,3,4,Yes,4.0,1,2,Travel_Frequently,3.0,4,Life Sciences,Single,22508,354,55,2,3,3,1,2,1,2,No
EMP11240,30,Male,Research & Development,Laboratory Technician,5040,3,2,1,3,No,2.0,3,2,Travel_Rarely,5.0,3,Marketing,Single,14003,802,70,4,3,4,1,1,0,2,No
EMP11241,36,Female,Sales,Sales Representative,6180,14,5,1,1,No,3.0,4,1,Travel_Frequently,6.0,3,Life Sciences,Divorced,5078,753,73,4,4,4,0,1,2,2,No
EMP11242,35,Female,Sales,Sales Executive,6630,14,5,10,3,Yes,2.0,1,2,Travel_Rarely,1.0,2,Human Resources,Divorced,6637,857,51,4,2,3,1,3,1,2,No
EMP11243,40,Female,Sales,Sales Executive,5400,3,1,2,3,No,2.0,2,2,Travel_Rarely,22.0,3,Life Sciences,Married,16299,1157,66,1,3,4,0,1,4,2,No
EMP11244,50,Male,Sales,Sales Executive,6420,13,11,10,0,No,3.0,4,1,Travel_Rarely,15.0,3,Marketing,Single,14215,286,43,1,3,3,0,1,0,2,No
EMP11245,45,Male,Sales,Sales Executive,7800,7,3,1,5,Yes,4.0,1,3,Travel_Rarely,4.0,3,Life Sciences,Single,10406,978,33,1,3,3,2,3,1,2,No
EMP11246,27,Female,Research & Development,Laboratory Technician,8590,9,3,3,9,Yes,2.0,3,3,Travel_Rarely,5.0,4,Life Sciences,Married,12460,1209,53,3,4,3,1,1,0,2,Yes
EMP11247,49,Male,Research & Development,Manufacturing Director,4050,6,4,1,3,No,2.0,3,1,Travel_Rarely,4.0,3,Technical Degree,Divorced,7119,772,95,1,4,2,2,2,3,2,No
EMP11248,40,Male,Research & Development,Manager,7740,6,2,2,5,No,2.0,1,3,Travel_Frequently,7.0,5,Other,Divorced,21715,975,92,4,1,3,0,4,0,2,No
EMP11249,43,Male,Sales,Sales Representative,5630,4,2,2,1,No,4.0,1,1,Travel_Rarely,6.0,3,Marketing,Divorced,4308,217,94,3,2,1,0,1,1,2,No
EMP11250,50,Male,Research & Development,Research Scientist,8120,3,1,1,3,Yes,3.0,3,3,Travel_Rarely,29.0,4,Other,Married,20221,1181,95,3,1,3,1,4,4,3,No
EMP11251,27,Male,Sales,Manager,5590,3,1,2,3,No,2.0,3,1,Travel_Rarely,7.0,2,Life Sciences,Divorced,26394,1141,42,3,3,3,1,2,1,2,Yes
EMP11252,37,Female,Research & Development,Healthcare Representative,3850,11,5,2,7,No,4.0,1,1,Travel_Rarely,12.0,3,Medical,Single,18001,970,56,3,3,2,1,3,2,2,Yes
EMP11253,32,Female,Research & Development,Healthcare Representative,5010,7,3,5,7,No,2.0,3,2,Travel_Rarely,5.0,3,Medical,Single,7119,1263,46,1,3,4,1,1,1,2,No
EMP11254,23,Male,Research & Development,Laboratory Technician,3910,3,1,2,3,No,3.0,3,2,Travel_Rarely,16.0,3,Life Sciences,Divorced,24120,557,98,2,1,4,0,3,4,2,Yes
EMP11255,40,Male,Sales,Sales Executive,9710,6,4,5,2,No,1.0,2,3,Travel_Frequently,6.0,4,Marketing,Single,2565,805,86,3,1,3,1,2,2,3,No
EMP11256,60,Male,Research & Development,Laboratory Technician,4090,2,1,1,2,No,1.0,3,1,Travel_Frequently,3.0,2,Technical Degree,Married,9639,741,101,3,1,3,2,3,1,2,Yes
EMP11257,20,Female,Research & Development,Research Scientist,3860,2,1,1,2,Yes,1.0,1,1,Travel_Rarely,6.0,2,Marketing,Married,14090,1065,102,2,3,3,1,2,5,2,Yes
EMP11258,37,Male,Research & Development,Research Scientist,5680,12,5,1,1,No,2.0,3,2,Travel_Frequently,5.0,4,Technical Degree,Single,10992,311,47,4,3,3,0,4,0,3,No
EMP11259,43,Female,Research & Development,Research Scientist,4270,4,3,1,2,No,3.0,3,2,Non-Travel,13.0,3,Marketing,Single,19662,585,45,4,2,2,0,4,0,2,No
EMP11260,38,Male,Research & Development,Manufacturing Director,4530,11,6,3,5,No,1.0,3,1,Travel_Rarely,9.0,4,Life Sciences,Married,14933,1243,80,2,1,3,2,3,2,3,No
EMP11261,36,Female,Research & Development,Healthcare Representative,4840,6,1,2,6,No,1.0,2,2,Travel_Rarely,11.0,3,Life Sciences,Married,25575,990,69,3,4,3,0,2,0,2,No
EMP11262,25,Male,Sales,Sales Executive,6680,7,4,3,7,No,1.0,3,3,Travel_Rarely,17.0,4,Marketing,Single,7084,1126,68,2,4,3,1,2,1,3,No
EMP11263,39,Female,Research & Development,Research Scientist,6340,3,1,2,0,No,2.0,3,3,Travel_Rarely,2.0,2,Life Sciences,Married,21888,1352,85,1,2,3,3,1,0,2,No
EMP11264,30,Male,Research & Development,Manager,11010,8,7,5,4,No,1.0,3,4,Travel_Rarely,8.0,2,Life Sciences,Married,11183,1352,83,4,3,2,0,3,1,2,No
EMP11265,18,Female,Research & Development,Manager,2500,0,0,0,0,Yes,2.0,4,1,Travel_Rarely,6.0,3,Medical,Single,16062,1101,73,4,1,2,0,4,0,2,No
EMP11266,48,Male,Research & Development,Healthcare Representative,5780,4,2,1,2,Yes,4.0,4,2,Travel_Rarely,13.0,5,Marketing,Single,12717,1084,75,3,2,3,1,5,1,2,No
EMP11267,46,Female,Research & Development,Manager,6700,13,6,9,0,No,3.0,3,2,Travel_Rarely,12.0,3,Life Sciences,Married,23997,442,61,4,3,1,0,5,2,2,No
EMP11268,37,Female,Research & Development,Manufacturing Director,4860,6,1,4,3,No,4.0,2,2,Non-Travel,2.0,3,Technical Degree,Single,12621,1264,77,3,2,2,0,1,2,2,No
EMP11269,39,Male,Research & Development,Manager,3940,3,1,0,1,No,4.0,3,2,Travel_Rarely,12.0,3,Technical Degree,Married,24901,1180,90,3,3,3,0,3,5,2,No
EMP11270,47,Female,Research & Development,Research Scientist,14890,12,6,6,4,Yes,3.0,1,5,Travel_Rarely,5.0,5,Life Sciences,Divorced,12792,1339,95,3,4,2,0,3,1,2,No
EMP11271,39,Male,Sales,Sales Executive,5960,19,12,11,3,No,4.0,3,2,Travel_Rarely,20.0,4,Technical Degree,Single,8905,1237,67,2,3,4,2,5,5,2,No
EMP11272,45,Male,Sales,Sales Executive,12960,5,4,4,1,Yes,3.0,3,4,Travel_Rarely,8.0,5,Technical Degree,Divorced,15634,393,72,1,3,3,2,2,2,2,Yes
EMP11273,34,Male,Sales,Sales Executive,6220,2,0,2,2,No,3.0,4,3,Travel_Rarely,5.0,2,Marketing,Married,12331,127,33,3,2,3,0,4,1,1,No
EMP11274,49,Male,Research & Development,Research Scientist,8090,6,2,3,1,No,4.0,4,3,Travel_Rarely,20.0,2,Marketing,Married,2376,958,34,3,1,2,3,1,3,2,No
EMP11275,40,Female,Research & Development,Manufacturing Director,8320,9,9,7,4,No,1.0,3,3,Travel_Rarely,5.0,3,Life Sciences,Divorced,10142,1444,87,3,3,3,1,3,1,2,Yes
EMP11276,39,Female,Research & Development,Healthcare Representative,4780,5,0,0,5,No,2.0,3,2,Travel_Rarely,17.0,4,Technical Degree,Married,19488,672,66,3,1,3,1,2,0,2,Yes
EMP11277,25,Male,Research & Development,Manufacturing Director,2490,1,0,0,1,No,1.0,3,1,Travel_Rarely,13.0,3,Life Sciences,Single,25130,1027,55,1,1,4,0,0,0,2,Yes
EMP11278,40,Male,Human Resources,Human Resources,4940,9,2,1,7,Yes,4.0,2,1,Travel_Rarely,21.0,3,Other,Single,12339,1155,38,2,1,3,2,2,1,2,Yes
EMP11279,29,Female,Research & Development,Research Director,3640,3,1,1,3,No,3.0,4,1,Travel_Rarely,13.0,4,Human Resources,Married,24058,496,44,3,2,3,0,2,0,2,Yes
EMP11280,31,Female,Research & Development,Manufacturing Director,5450,4,3,1,3,No,4.0,3,2,Travel_Rarely,18.0,2,Marketing,Single,7242,1140,55,1,3,2,0,5,1,3,Yes
EMP11281,29,Male,Research & Development,Laboratory Technician,4380,2,1,0,2,No,3.0,3,2,Non-Travel,10.0,3,Life Sciences,Married,4847,700,92,4,4,3,0,1,1,2,No
EMP11282,27,Female,Sales,Sales Representative,5280,1,1,1,1,No,3.0,1,2,Travel_Frequently,24.0,3,Life Sciences,Married,13659,1175,99,3,4,2,0,2,7,4,No
EMP11283,56,Male,Research & Development,Research Scientist,10250,2,1,2,2,No,3.0,2,4,Travel_Rarely,9.0,3,Life Sciences,Single,10214,469,56,1,3,2,2,1,0,2,No
EMP11284,49,Male,Research & Development,Laboratory Technician,11070,4,3,1,1,No,3.0,3,4,Travel_Rarely,3.0,4,Medical,Married,21087,263,83,3,1,3,0,4,2,3,No
EMP11285,54,Female,Research & Development,Manager,3550,4,2,2,4,No,4.0,1,1,Travel_Rarely,3.0,3,Life Sciences,Married,23249,1426,60,3,2,2,1,2,1,2,No
EMP11286,26,Male,Research & Development,Laboratory Technician,2550,8,4,3,3,No,2.0,2,1,Travel_Frequently,2.0,3,Medical,Married,8662,549,61,3,1,3,0,2,0,2,Yes
EMP11287,38,Male,Research & Development,Laboratory Technician,6450,3,1,1,3,Yes,3.0,1,2,Travel_Rarely,29.0,3,Life Sciences,Married,21732,643,31,4,1,4,1,2,5,2,No
EMP11288,25,Male,Research & Development,Manager,4080,7,5,6,5,No,2.0,4,1,Travel_Rarely,9.0,3,Other,Single,13961,809,47,3,3,3,0,0,0,2,No
EMP11289,31,Female,Research & Development,Healthcare Representative,7500,6,1,4,3,Yes,3.0,3,3,Travel_Rarely,2.0,4,Life Sciences,Married,17454,450,57,4,4,3,1,1,1,2,No
EMP11290,29,Female,Research & Development,Research Scientist,4400,11,6,3,4,Yes,3.0,3,2,Travel_Rarely,13.0,3,Other,Divorced,11110,478,100,4,3,2,0,1,0,2,No
EMP11291,48,Male,Research & Development,Research Scientist,6000,6,1,3,5,No,4.0,1,2,Travel_Rarely,7.0,2,Other,Married,12171,300,54,1,4,3,0,4,1,2,Yes
EMP11292,33,Male,Research & Development,Research Scientist,8540,1,1,0,1,Yes,4.0,2,3,Travel_Rarely,21.0,2,Medical,Divorced,2376,1230,68,1,3,3,0,0,2,3,No
EMP11293,47,Male,Research & Development,Manufacturing Director,7730,5,2,3,3,Yes,3.0,1,3,Travel_Rarely,14.0,3,Technical Degree,Single,17384,604,78,3,3,3,1,4,2,2,No
EMP11294,42,Male,Sales,Sales Executive,3420,1,0,0,1,No,1.0,3,1,Travel_Rarely,13.0,3,Medical,Divorced,8434,1111,33,3,4,3,0,3,1,3,No
EMP11295,58,Male,Sales,Sales Executive,4370,2,0,1,2,No,4.0,4,2,Non-Travel,6.0,4,Marketing,Married,11388,1419,81,4,3,3,1,0,1,2,Yes
EMP11296,23,Female,Research & Development,Manager,4930,5,4,2,5,Yes,1.0,1,2,Non-Travel,29.0,4,Life Sciences,Divorced,26004,1151,97,3,3,2,0,2,4,2,Yes
EMP11297,48,Male,Research & Development,Manufacturing Director,3750,5,2,0,5,No,3.0,1,1,Travel_Rarely,11.0,4,Life Sciences,Married,17647,436,86,3,2,3,3,4,2,2,No
EMP11298,47,Male,Research & Development,Research Scientist,3660,10,1,2,2,No,1.0,2,1,Travel_Rarely,14.0,3,Marketing,Married,13332,386,42,3,1,4,0,1,6,4,No
EMP11299,28,Male,Research & Development,Manufacturing Director,5050,8,3,2,8,No,2.0,3,2,Travel_Frequently,5.0,3,Medical,Divorced,13544,730,94,3,4,1,0,2,4,3,Yes
EMP11300,46,Male,Sales,Sales Representative,4620,14,13,6,4,Yes,3.0,4,1,Travel_Rarely,8.0,3,Marketing,Married,13102,1466,92,2,1,3,0,6,3,2,No
EMP11301,40,Female,Research & Development,Research Scientist,3930,10,3,2,6,No,2.0,3,1,Travel_Frequently,3.0,2,Life Sciences,Married,24869,1154,100,1,3,3,0,3,1,2,Yes
EMP11302,35,Male,Sales,Sales Executive,3570,10,9,2,3,No,4.0,3,2,Travel_Rarely,7.0,2,Life Sciences,Married,3356,765,54,3,3,3,3,2,1,2,No
EMP11303,29,Male,Research & Development,Research Director,7680,11,8,6,4,No,3.0,1,3,Travel_Rarely,12.0,3,Life Sciences,Married,20150,1374,52,3,3,3,0,2,4,2,No
EMP11304,30,Male,Research & Development,Laboratory Technician,3740,10,6,6,2,No,3.0,3,1,Travel_Rarely,2.0,5,Life Sciences,Divorced,23889,1486,59,3,1,3,2,3,1,2,No
EMP11305,56,Male,Sales,Sales Executive,3920,13,3,5,1,Yes,2.0,1,1,Travel_Rarely,3.0,2,Life Sciences,Married,12556,206,90,2,1,3,0,4,2,2,No
EMP11306,37,Male,Sales,Sales Executive,9170,2,1,1,2,No,1.0,2,3,Travel_Rarely,5.0,2,Life Sciences,Married,7426,605,36,2,3,3,2,0,1,2,No
EMP11307,44,Male,Sales,Sales Executive,3490,5,2,2,5,Yes,4.0,2,1,Travel_Rarely,4.0,4,Life Sciences,Divorced,5841,216,83,3,3,3,2,0,1,2,No
EMP11308,30,Male,Sales,Sales Executive,11200,8,4,6,2,No,4.0,2,4,Travel_Rarely,4.0,3,Human Resources,Married,21628,1368,46,4,1,4,3,1,1,2,No
EMP11309,30,Male,Research & Development,Laboratory Technician,5230,6,2,1,1,Yes,3.0,2,2,Travel_Rarely,6.0,4,Life Sciences,Married,18927,178,89,4,4,3,0,3,5,2,No
EMP11310,47,Male,Sales,Sales Executive,2940,3,1,3,3,No,3.0,3,1,Travel_Rarely,12.0,4,Technical Degree,Single,13463,840,95,3,4,4,2,3,0,2,No
EMP11311,25,Male,Research & Development,Research Scientist,3190,7,4,2,1,No,3.0,1,1,Travel_Frequently,3.0,5,Life Sciences,Married,13855,122,67,4,3,2,0,0,1,2,Yes
EMP11312,33,Female,Sales,Sales Representative,4290,11,6,5,4,No,4.0,4,1,Travel_Frequently,3.0,3,Other,Married,16410,1320,42,1,3,2,0,3,2,3,Yes
EMP11313,37,Male,Research & Development,Manager,4640,6,1,2,6,No,4.0,4,1,Travel_Rarely,11.0,4,Medical,Single,24431,460,81,4,1,3,1,3,2,2,No
EMP11314,38,Male,Sales,Sales Representative,4780,5,4,2,5,No,3.0,3,1,Non-Travel,18.0,3,Life Sciences,Married,18351,799,81,3,4,1,1,2,1,2,No
EMP11315,35,Male,Research & Development,Research Director,4320,4,2,0,3,Yes,4.0,1,2,Non-Travel,28.0,4,Medical,Married,3620,316,61,3,4,3,1,2,1,2,Yes
EMP11316,41,Male,Research & Development,Research Scientist,4310,10,3,3,7,No,3.0,3,1,Travel_Rarely,3.0,3,Life Sciences,Married,6312,1089,38,1,3,2,3,2,1,2,No
EMP11317,43,Female,Research & Development,Manager,5030,5,4,2,4,No,1.0,4,2,Non-Travel,4.0,2,Marketing,Married,16968,806,46,4,3,3,2,3,1,2,No
EMP11318,44,Male,Sales,Sales Executive,6490,6,3,5,2,No,3.0,2,2,Travel_Rarely,4.0,3,Life Sciences,Married,10723,727,69,3,3,3,0,3,3,2,Yes
EMP11319,28,Female,Research & Development,Manager,4050,10,4,5,3,No,3.0,4,1,Non-Travel,29.0,3,Other,Single,9828,1319,104,2,3,3,1,1,1,1,No
EMP11320,34,Male,Research & Development,Manager,4010,7,4,3,2,Yes,1.0,3,1,Travel_Rarely,7.0,4,Medical,Single,17366,666,83,2,3,2,0,4,1,2,No
EMP11321,48,Male,Research & Development,Healthcare Representative,4780,6,2,2,6,No,3.0,4,1,Travel_Rarely,29.0,4,Life Sciences,Married,19272,542,83,2,3,4,1,1,2,2,Yes
EMP11322,45,Female,Research & Development,Manager,3360,4,0,3,4,No,3.0,4,1,Travel_Rarely,12.0,4,Technical Degree,Single,18776,558,57,3,2,3,1,0,2,2,No
EMP11323,24,Male,Sales,Sales Representative,5720,6,1,3,2,No,4.0,1,2,Travel_Rarely,18.0,2,Life Sciences,Married,11813,243,101,2,3,3,2,2,0,4,No
EMP11324,40,Male,Research & Development,Research Scientist,3470,3,2,2,1,No,4.0,3,1,Travel_Frequently,12.0,4,Other,Divorced,5457,413,79,3,3,3,3,2,9,2,No
EMP11325,19,Male,Human Resources,Human Resources,7370,1,0,0,1,No,4.0,1,3,Travel_Rarely,8.0,3,Medical,Married,26052,974,47,4,2,3,0,3,3,2,No
EMP11326,37,Female,Research & Development,Manufacturing Director,6120,4,2,2,2,No,1.0,1,2,Travel_Rarely,7.0,4,Technical Degree,Single,4363,828,42,4,3,3,3,1,2,2,Yes
EMP11327,54,Male,Research & Development,Research Scientist,5450,5,3,4,1,No,3.0,3,2,Travel_Frequently,1.0,4,Life Sciences,Single,25738,1380,62,2,3,2,1,4,1,2,No
EMP11328,28,Female,Sales,Sales Representative,4270,6,4,3,2,No,3.0,4,2,Travel_Rarely,14.0,2,Other,Single,2317,738,44,1,3,3,0,5,2,2,No
EMP11329,29,Male,Sales,Manager,8100,11,5,1,2,No,2.0,4,2,Travel_Frequently,21.0,4,Technical Degree,Single,24921,573,67,2,1,3,0,3,1,2,No
EMP11330,44,Female,Research & Development,Research Scientist,3050,7,2,3,4,No,1.0,2,1,Travel_Rarely,2.0,2,Life Sciences,Single,14666,784,35,1,3,3,1,3,3,2,No
EMP11331,23,Male,Research & Development,Research Director,2660,2,1,1,2,No,2.0,1,1,Travel_Rarely,6.0,3,Life Sciences,Single,10896,705,74,4,3,3,0,0,3,3,Yes
EMP11332,31,Female,Sales,Manager,5180,5,2,2,4,No,1.0,3,2,Non-Travel,4.0,3,Life Sciences,Divorced,17129,1001,88,3,3,3,0,2,1,2,No
EMP11333,42,Male,Research & Development,Manager,3030,4,3,2,2,Yes,4.0,1,1,Travel_Rarely,19.0,2,Other,Divorced,15785,1342,107,3,3,2,1,2,3,2,Yes
EMP11334,31,Female,Human Resources,Manager,5530,4,3,3,2,No,1.0,2,2,Travel_Frequently,3.0,4,Life Sciences,Married,22155,1481,77,1,3,3,0,2,0,2,No
EMP11335,35,Male,Human Resources,Human Resources,6570,4,1,1,3,Yes,2.0,4,2,Travel_Rarely,9.0,1,Medical,Single,22628,1360,70,3,2,3,3,2,3,2,No
EMP11336,44,Male,Sales,Manager,6630,5,3,2,3,No,2.0,4,2,Travel_Rarely,23.0,2,Life Sciences,Divorced,23037,374,108,4,2,3,2,2,3,2,No
EMP11337,41,Male,Research & Development,Healthcare Representative,6200,4,2,2,3,No,4.0,4,2,Travel_Rarely,7.0,3,Life Sciences,Single,17371,851,103,3,1,3,1,1,2,2,No
EMP11338,39,Male,Sales,Sales Executive,6600,4,3,3,4,Yes,1.0,3,2,Travel_Rarely,10.0,4,Marketing,Single,8885,316,84,4,3,3,0,2,6,2,No
EMP11339,34,Male,Research & Development,Manufacturing Director,4140,4,2,1,3,No,1.0,3,2,Non-Travel,3.0,4,Other,Married,12701,1197,90,1,3,3,1,1,1,2,No
EMP11340,40,Female,Research & Development,Healthcare Representative,4300,4,3,1,4,No,2.0,3,2,Travel_Frequently,9.0,4,Medical,Married,6006,775,31,1,3,2,1,4,1,2,No
EMP11341,36,Female,Research & Development,Research Scientist,5830,3,2,0,3,No,2.0,2,2,Travel_Rarely,5.0,4,Human Resources,Married,14002,809,31,4,2,2,2,3,1,2,Yes
EMP11342,41,Male,Research & Development,Manufacturing Director,5010,9,6,5,5,Yes,3.0,4,2,Travel_Rarely,8.0,3,Marketing,Single,14982,1022,105,3,2,3,0,3,0,2,No
EMP11343,32,Female,Sales,Sales Representative,6040,4,3,2,1,No,4.0,1,3,Travel_Frequently,29.0,1,Life Sciences,Single,16902,1451,39,1,1,4,2,4,1,2,No
EMP11344,35,Male,Sales,Sales Executive,6050,5,3,1,1,Yes,1.0,3,2,Travel_Rarely,27.0,2,Life Sciences,Divorced,16601,507,105,2,1,3,1,2,1,2,Yes
EMP11345,28,Male,Sales,Sales Representative,4370,5,3,3,2,Yes,1.0,3,2,Travel_Rarely,23.0,3,Marketing,Married,23026,247,68,3,3,3,0,3,1,2,Yes
EMP11346,37,Female,Research & Development,Healthcare Representative,8010,4,0,3,4,Yes,2.0,2,3,Travel_Rarely,9.0,4,Other,Single,20511,1209,31,3,1,3,0,4,2,2,No
EMP11347,30,Female,Research & Development,Manufacturing Director,5810,3,2,1,3,Yes,4.0,3,2,Travel_Rarely,8.0,3,Other,Married,22997,602,94,4,3,4,2,2,0,2,No
EMP11348,27,Female,Research & Development,Research Scientist,2970,9,2,1,2,No,1.0,1,1,Travel_Rarely,4.0,4,Life Sciences,Single,15950,331,95,1,4,3,0,0,4,2,Yes
EMP11349,39,Male,Human Resources,Human Resources,7310,3,2,2,2,No,4.0,3,3,Non-Travel,12.0,3,Life Sciences,Married,21133,597,81,3,1,3,3,2,1,4,No
EMP11350,39,Female,Research & Development,Laboratory Technician,2410,3,2,0,3,No,4.0,3,1,Travel_Rarely,2.0,2,Life Sciences,Single,26819,522,73,3,4,2,3,4,0,2,No
EMP11351,44,Male,Sales,Manager,6120,11,8,5,4,No,3.0,3,2,Travel_Rarely,9.0,2,Other,Married,26584,346,63,3,3,3,1,1,2,2,No
EMP11352,33,Male,Research & Development,Research Scientist,6900,4,2,2,1,No,4.0,4,3,Travel_Rarely,11.0,4,Other,Married,17516,1493,102,3,4,2,1,2,3,2,No
EMP11353,41,Male,Research & Development,Manufacturing Director,10880,6,2,3,1,Yes,3.0,1,4,Travel_Frequently,3.0,4,Technical Degree,Divorced,22038,204,74,3,1,3,0,2,1,2,No
EMP11354,42,Female,Sales,Sales Executive,3140,5,1,1,5,No,3.0,3,1,Travel_Rarely,13.0,4,Life Sciences,Single,16799,333,61,2,4,3,3,3,0,2,No
EMP11355,41,Female,Research & Development,Laboratory Technician,5430,6,3,3,2,No,3.0,4,2,Travel_Rarely,9.0,2,Medical,Married,11515,1380,34,3,4,3,1,1,0,2,No
EMP11356,29,Female,Sales,Sales Representative,7060,11,7,6,1,Yes,3.0,3,2,Travel_Rarely,8.0,5,Medical,Divorced,7439,574,107,1,4,4,1,1,5,3,No
EMP11357,38,Male,Sales,Sales Representative,4310,3,1,1,1,No,1.0,4,1,Travel_Rarely,12.0,3,Life Sciences,Married,12488,1103,92,1,3,3,2,2,1,2,No
EMP11358,40,Male,Research & Development,Research Scientist,3310,9,6,6,4,No,3.0,3,1,Non-Travel,7.0,1,Medical,Divorced,18380,1295,98,2,1,3,0,2,4,2,Yes
EMP11359,37,Male,Research & Development,Laboratory Technician,7530,9,1,1,2,Yes,4.0,3,2,Non-Travel,7.0,5,Life Sciences,Divorced,20754,1396,83,1,2,2,1,4,1,3,No
EMP11360,18,Male,Research & Development,Research Scientist,5040,0,0,0,0,Yes,2.0,4,2,Travel_Rarely,7.0,3,Life Sciences,Married,4603,858,67,3,4,1,1,3,0,2,Yes
EMP11361,38,Male,Sales,Sales Executive,4720,13,8,10,3,No,4.0,4,1,Non-Travel,7.0,4,Other,Single,7747,974,38,1,2,2,0,1,2,2,No
EMP11362,57,Female,Research & Development,Healthcare Representative,4470,1,1,0,1,No,1.0,4,2,Travel_Rarely,9.0,2,Technical Degree,Married,5533,1317,90,3,2,3,0,2,3,2,No
EMP11363,34,Male,Research & Development,Research Scientist,5040,2,1,0,2,No,4.0,1,2,Travel_Rarely,15.0,3,Medical,Married,25949,211,50,4,1,3,1,4,3,2,No
EMP11364,30,Male,Research & Development,Research Scientist,7660,3,2,2,3,No,3.0,3,3,Travel_Rarely,7.0,4,Medical,Married,10584,122,65,1,3,2,1,2,2,2,No
EMP11365,40,Male,Sales,Sales Executive,9000,4,0,2,1,No,3.0,1,3,Travel_Rarely,7.0,3,Life Sciences,Married,19635,1036,30,2,3,3,0,1,1,2,No
EMP11366,40,Male,Research & Development,Manager,5590,7,3,6,7,No,4.0,1,2,Travel_Rarely,3.0,4,Technical Degree,Married,4966,414,51,3,4,2,2,3,4,2,No
EMP11367,48,Male,Sales,Manager,11320,3,1,1,3,No,4.0,3,4,Travel_Rarely,4.0,2,Human Resources,Married,13320,301,44,1,4,3,0,2,2,2,No
EMP11368,25,Female,Sales,Sales Executive,7800,3,0,1,2,No,2.0,4,3,Travel_Rarely,11.0,4,Technical Degree,Married,12758,717,75,3,3,3,1,3,2,2,Yes
EMP11369,44,Female,Research & Development,Healthcare Representative,4870,6,0,4,5,No,4.0,3,1,Travel_Rarely,6.0,3,Technical Degree,Single,9571,705,94,2,3,3,0,3,1,2,No
EMP11370,42,Female,Research & Development,Laboratory Technician,2640,8,4,5,4,No,1.0,4,1,Travel_Rarely,14.0,3,Life Sciences,Divorced,21391,1094,35,2,3,4,0,1,0,2,No
EMP11371,36,Male,Human Resources,Human Resources,4800,6,1,5,3,Yes,3.0,4,2,Travel_Rarely,9.0,3,Life Sciences,Divorced,26197,124,69,4,1,3,0,5,0,2,No
EMP11372,40,Male,Research & Development,Healthcare Representative,6720,8,4,2,3,No,4.0,1,2,Travel_Frequently,13.0,2,Medical,Married,18306,756,64,2,4,3,1,3,2,2,No
EMP11373,46,Male,Sales,Manager,5880,2,1,1,2,No,2.0,1,2,Non-Travel,5.0,4,Life Sciences,Single,9206,1489,90,2,3,2,2,0,2,4,Yes
EMP11374,45,Female,Research & Development,Manager,5230,4,2,3,3,No,1.0,2,2,Travel_Rarely,12.0,3,Technical Degree,Single,10384,630,52,1,3,3,1,3,5,2,No
EMP11375,26,Female,Research & Development,Manufacturing Director,4960,3,3,1,2,No,3.0,3,2,Travel_Rarely,3.0,3,Life Sciences,Single,10518,145,49,2,1,3,0,0,1,2,No
EMP11376,44,Male,Sales,Sales Executive,6420,4,1,3,3,No,2.0,1,2,Travel_Rarely,15.0,3,Life Sciences,Single,6120,1158,57,2,3,4,1,4,4,2,Yes
EMP11377,36,Male,Research & Development,Healthcare Representative,4040,6,4,2,1,No,2.0,3,1,Travel_Rarely,10.0,3,Life Sciences,Married,22581,301,66,2,2,4,0,3,0,4,Yes
EMP11378,38,Male,Research & Development,Research Scientist,7410,1,1,0,1,Yes,3.0,1,3,Travel_Rarely,29.0,4,Other,Single,14504,464,36,3,2,3,0,3,1,2,Yes
EMP11379,38,Female,Research & Development,Manufacturing Director,3970,4,2,2,4,No,3.0,1,1,Travel_Rarely,10.0,5,Life Sciences,Single,6837,569,78,3,4,3,3,3,1,2,Yes
EMP11380,36,Female,Research & Development,Laboratory Technician,9510,3,2,1,1,No,3.0,2,4,Travel_Frequently,8.0,3,Marketing,Married,6025,1423,53,3,1,3,1,4,2,2,Yes
EMP11381,48,Male,Research & Development,Healthcare Representative,3780,2,1,1,2,No,3.0,3,1,Travel_Rarely,9.0,4,Medical,Divorced,6257,876,109,3,3,3,0,2,0,2,No
EMP11382,36,Male,Research & Development,Research Scientist,11590,8,3,5,0,No,4.0,4,4,Travel_Frequently,13.0,3,Life Sciences,Single,16622,515,42,4,4,2,2,3,1,3,No
EMP11383,27,Male,Human Resources,Human Resources,3380,6,5,1,3,Yes,4.0,4,1,Travel_Frequently,6.0,2,Medical,Married,23157,1469,36,4,4,2,2,3,1,2,Yes
EMP11384,33,Male,Research & Development,Manager,2890,4,1,2,4,No,4.0,4,1,Travel_Rarely,11.0,4,Technical Degree,Divorced,11077,1472,44,3,4,3,2,0,1,2,No
EMP11385,39,Male,Sales,Sales Executive,5280,15,3,8,1,No,1.0,1,1,Travel_Rarely,10.0,3,Medical,Divorced,5953,798,52,4,4,2,1,4,1,2,Yes
EMP11386,48,Male,Research & Development,Manufacturing Director,5110,2,1,1,2,Yes,2.0,3,2,Travel_Rarely,18.0,4,Other,Married,20678,909,98,3,1,4,1,4,7,2,No
EMP11387,42,Female,Sales,Sales Executive,8220,15,9,6,5,No,4.0,3,3,Travel_Rarely,7.0,4,Life Sciences,Single,8317,289,89,3,4,3,2,3,0,2,No
EMP11388,29,Female,Research & Development,Research Scientist,4430,5,2,1,3,No,3.0,1,2,Travel_Rarely,12.0,3,Life Sciences,Single,5467,448,39,3,1,3,2,3,4,3,Yes
EMP11389,60,Male,Human Resources,Human Resources,11620,3,1,1,2,No,4.0,3,4,Travel_Rarely,14.0,4,Other,Single,19416,472,80,4,2,1,1,5,0,2,No
EMP11390,39,Female,Research & Development,Research Scientist,5920,4,2,3,3,Yes,3.0,2,2,Travel_Frequently,19.0,4,Life Sciences,Married,3471,1414,93,3,1,3,1,3,2,2,No
EMP11391,49,Male,Research & Development,Research Director,4760,4,1,2,4,No,4.0,2,2,Non-Travel,5.0,3,Marketing,Married,7113,1084,100,3,4,3,0,3,0,2,No
EMP11392,36,Male,Research & Development,Research Scientist,8480,17,9,8,2,No,1.0,1,3,Travel_Rarely,13.0,3,Human Resources,Married,24074,1086,85,3,3,3,0,2,1,2,No
EMP11393,42,Male,Research & Development,Manager,4020,7,2,3,3,No,3.0,4,1,Travel_Rarely,8.0,3,Life Sciences,Single,25189,210,61,4,2,3,3,0,2,2,No
EMP11394,45,Male,Research & Development,Manufacturing Director,2800,3,1,1,1,No,4.0,3,1,Travel_Frequently,3.0,5,Technical Degree,Married,22455,1424,52,4,1,3,3,3,2,2,No
EMP11395,48,Male,Research & Development,Laboratory Technician,8580,9,3,5,6,No,4.0,2,3,Travel_Frequently,10.0,4,Life Sciences,Single,9739,745,83,2,1,3,2,2,1,2,Yes
EMP11396,47,Male,Sales,Sales Representative,6770,4,2,3,4,Yes,3.0,4,3,Travel_Rarely,2.0,2,Life Sciences,Married,3148,1136,102,3,3,3,0,0,2,2,No
EMP11397,45,Male,Research & Development,Manufacturing Director,10270,0,0,0,0,No,1.0,4,4,Non-Travel,17.0,3,Life Sciences,Married,26616,622,99,1,1,2,0,3,2,2,No
EMP11398,34,Female,Research & Development,Healthcare Representative,9120,9,0,3,2,Yes,4.0,4,3,Travel_Rarely,5.0,4,Human Resources,Married,24864,1225,90,1,3,3,0,3,4,2,Yes
EMP11399,32,Male,Research & Development,Research Scientist,3750,9,4,2,7,No,3.0,3,1,Travel_Frequently,7.0,2,Life Sciences,Single,22140,296,108,4,3,4,2,2,1,3,No
EMP11400,40,Male,Sales,Sales Executive,9550,5,3,1,5,Yes,1.0,2,3,Travel_Rarely,17.0,2,Technical Degree,Single,13948,154,49,3,3,3,0,3,6,2,Yes
EMP11401,45,Male,Research & Development,Manager,4860,4,3,3,4,Yes,3.0,3,2,Travel_Rarely,9.0,3,Other,Single,17545,282,82,2,4,1,2,0,2,2,No
EMP11402,35,Female,Research & Development,Manager,16930,10,5,7,1,No,3.0,3,5,Travel_Rarely,21.0,3,Medical,Married,9408,1142,44,3,2,3,2,4,3,2,No
EMP11403,47,Male,Research & Development,Manager,4640,4,1,3,0,No,3.0,4,2,Non-Travel,13.0,3,Marketing,Single,13602,462,58,3,1,2,1,3,4,2,No
EMP11404,50,Female,Sales,Sales Executive,5340,11,9,4,3,No,4.0,3,2,Travel_Rarely,15.0,3,Medical,Married,25645,572,99,2,3,3,3,4,1,2,No
EMP11405,29,Male,Sales,Sales Representative,5610,4,2,1,4,No,3.0,2,2,Travel_Frequently,7.0,2,Life Sciences,Single,13158,108,109,2,4,3,3,2,6,2,No
EMP11406,29,Male,Research & Development,Manufacturing Director,2670,5,2,2,2,No,3.0,3,1,Travel_Frequently,13.0,4,Medical,Married,15303,759,94,3,3,3,2,3,3,2,Yes
EMP11407,36,Male,Sales,Sales Executive,4230,7,2,5,6,Yes,2.0,3,1,Travel_Frequently,8.0,3,Marketing,Married,17068,124,91,1,4,3,0,0,1,2,No
EMP11408,40,Male,Sales,Sales Executive,8060,6,4,2,2,No,3.0,4,3,Travel_Rarely,12.0,3,Other,Married,25047,1429,99,1,3,3,3,2,2,3,Yes
EMP11409,32,Male,Research & Development,Manufacturing Director,7910,3,2,0,1,No,2.0,1,3,Travel_Rarely,22.0,3,Other,Single,5796,1180,45,2,1,3,0,1,1,2,No
EMP11410,49,Male,Sales,Sales Executive,4340,7,1,2,2,No,2.0,3,1,Travel_Frequently,14.0,3,Other,Married,5447,923,83,4,3,3,0,3,2,2,No
EMP11411,41,Male,Research & Development,Laboratory Technician,6860,9,6,2,4,Yes,2.0,2,3,Non-Travel,13.0,2,Other,Married,10276,1302,36,1,2,3,2,1,2,2,No
EMP11412,37,Male,Research & Development,Research Director,4780,3,2,1,1,No,1.0,1,2,Travel_Frequently,20.0,2,Medical,Single,13610,167,89,4,3,3,0,2,1,2,Yes
EMP11413,24,Male,Research & Development,Research Scientist,4360,6,3,1,4,No,1.0,3,2,Travel_Rarely,10.0,2,Technical Degree,Single,26216,1124,39,3,1,3,1,3,5,2,No
EMP11414,25,Female,Research & Development,Research Scientist,4260,5,2,1,3,No,3.0,2,1,Travel_Frequently,5.0,4,Other,Married,14737,147,82,1,1,3,1,2,1,2,No
EMP11415,39,Male,Research & Development,Research Scientist,7190,3,2,1,3,No,1.0,3,3,Travel_Rarely,20.0,4,Life Sciences,Divorced,12355,1044,37,3,4,1,1,1,9,2,Yes
EMP11416,18,Female,Sales,Manager,6470,0,0,0,0,Yes,1.0,1,2,Travel_Rarely,21.0,4,Other,Single,6457,1320,66,3,1,2,3,5,1,3,Yes
EMP11417,46,Female,Research & Development,Manufacturing Director,5100,9,1,6,9,No,4.0,4,2,Travel_Rarely,19.0,4,Medical,Married,23754,1171,33,4,2,3,2,3,2,2,No
EMP11418,35,Male,Research & Development,Laboratory Technician,3980,4,2,1,1,Yes,3.0,3,2,Travel_Rarely,2.0,4,Marketing,Divorced,13151,454,52,4,4,3,0,5,3,2,No
EMP11419,60,Male,Research & Development,Research Director,3530,7,2,2,7,No,3.0,2,1,Travel_Rarely,13.0,3,Technical Degree,Married,12422,1357,38,2,3,2,0,1,1,2,No
EMP11420,58,Male,Sales,Sales Representative,4860,4,3,3,0,No,2.0,3,2,Travel_Rarely,12.0,4,Other,Single,12915,1109,67,3,3,1,3,2,1,2,No
EMP11421,35,Female,Research & Development,Laboratory Technician,6070,8,3,5,6,No,3.0,1,1,Travel_Rarely,8.0,2,Life Sciences,Married,17687,536,74,2,4,3,1,3,1,2,No
EMP11422,36,Female,Research & Development,Healthcare Representative,3360,10,4,5,1,Yes,3.0,3,1,Travel_Rarely,10.0,4,Technical Degree,Single,4639,799,74,2,3,3,0,5,2,2,Yes
EMP11423,46,Female,Research & Development,Healthcare Representative,4640,7,1,5,5,No,3.0,1,2,Non-Travel,14.0,4,Medical,Married,9687,725,47,1,2,1,1,5,1,2,No
EMP11424,52,Female,Research & Development,Healthcare Representative,12440,9,5,3,4,No,3.0,2,4,Travel_Frequently,13.0,3,Life Sciences,Single,15698,189,75,3,3,3,0,2,3,2,No
EMP11425,22,Female,Human Resources,Human Resources,5760,4,3,2,4,Yes,4.0,4,2,Travel_Rarely,2.0,3,Technical Degree,Single,19314,468,31,2,3,3,0,2,1,2,Yes
EMP11426,21,Male,Human Resources,Manager,3470,3,1,1,0,No,4.0,1,1,Travel_Frequently,14.0,3,Marketing,Single,15681,1038,77,3,4,3,1,3,1,2,Yes
EMP11427,31,Male,Research & Development,Manufacturing Director,4230,4,1,1,4,No,4.0,3,2,Non-Travel,5.0,4,Technical Degree,Married,15050,1292,46,4,2,4,0,4,1,2,No
EMP11428,42,Female,Human Resources,Human Resources,7290,7,1,4,1,No,1.0,1,3,Travel_Frequently,24.0,4,Life Sciences,Divorced,16414,1486,45,4,2,3,0,3,0,2,Yes
EMP11429,41,Male,Research & Development,Laboratory Technician,5050,12,6,11,9,No,3.0,3,2,Travel_Rarely,12.0,4,Medical,Married,20205,1054,74,4,2,4,1,3,2,2,No
EMP11430,47,Male,Sales,Sales Executive,9800,2,1,2,2,No,1.0,2,3,Travel_Rarely,16.0,3,Marketing,Single,7902,1300,77,1,3,2,2,4,2,2,Yes
EMP11431,26,Female,Research & Development,Research Scientist,5560,8,4,2,2,No,3.0,2,2,Travel_Rarely,7.0,4,Life Sciences,Married,15532,599,53,3,2,2,2,4,2,2,No
EMP11432,18,Male,Research & Development,Healthcare Representative,7090,0,0,0,0,No,3.0,2,3,Travel_Frequently,16.0,3,Life Sciences,Married,24211,803,94,4,4,3,1,4,2,3,Yes
EMP11433,45,Female,Research & Development,Research Scientist,2020,5,3,1,3,No,3.0,1,1,Travel_Rarely,5.0,4,Other,Married,22193,232,62,1,4,3,1,4,1,2,Yes
EMP11434,29,Female,Sales,Sales Executive,4460,6,2,1,3,No,3.0,4,1,Travel_Rarely,6.0,3,Medical,Married,11785,271,33,4,3,3,2,5,2,2,No
EMP11435,19,Male,Research & Development,Manufacturing Director,4090,1,1,0,1,No,4.0,4,2,Travel_Frequently,7.0,3,Technical Degree,Divorced,16306,862,30,2,4,3,2,1,2,2,No
EMP11436,38,Female,Research & Development,Research Scientist,6050,5,1,2,1,No,4.0,4,2,Travel_Rarely,27.0,3,Medical,Single,23915,540,62,3,2,3,0,6,0,2,No
EMP11437,44,Male,Research & Development,Manager,11320,3,2,1,2,No,1.0,1,4,Travel_Rarely,7.0,4,Life Sciences,Single,17017,1084,103,3,4,4,0,4,0,2,Yes
EMP11438,36,Male,Sales,Sales Executive,9130,5,2,0,4,No,4.0,2,3,Travel_Rarely,9.0,5,Life Sciences,Married,11312,211,91,4,3,4,2,3,4,2,No
EMP11439,33,Male,Research & Development,Laboratory Technician,3980,3,2,1,3,No,4.0,3,1,Travel_Rarely,2.0,2,Life Sciences,Married,3924,1163,32,3,2,3,0,4,1,2,No
EMP11440,35,Male,Sales,Sales Executive,5400,8,5,4,5,No,1.0,4,1,Travel_Rarely,29.0,2,Marketing,Divorced,4440,201,74,4,2,3,1,2,2,2,No
EMP11441,34,Male,Human Resources,Human Resources,3660,1,0,0,1,No,2.0,3,1,Travel_Rarely,5.0,5,Marketing,Divorced,25397,1492,50,1,3,3,0,3,2,2,No
EMP11442,25,Male,Research & Development,Research Scientist,3930,7,3,6,7,No,4.0,2,1,Travel_Rarely,15.0,3,Medical,Divorced,5442,1297,93,3,4,3,0,4,2,2,No
EMP11443,30,Male,Sales,Sales Representative,4810,10,9,8,6,Yes,3.0,4,2,Travel_Rarely,15.0,3,Life Sciences,Single,19591,440,102,3,4,4,1,4,6,2,No
EMP11444,42,Male,Research & Development,Manager,7350,6,3,1,5,No,3.0,1,3,Travel_Rarely,9.0,3,Medical,Married,7582,1019,86,3,3,3,3,2,2,2,No
EMP11445,40,Female,Sales,Sales Executive,11470,15,6,6,3,No,3.0,4,4,Travel_Rarely,6.0,2,Life Sciences,Married,10253,913,69,3,3,3,2,4,1,2,No
EMP11446,38,Female,Research & Development,Healthcare Representative,6320,7,6,1,1,No,4.0,4,2,Travel_Frequently,18.0,4,Life Sciences,Divorced,10354,295,91,4,2,3,0,2,4,2,Yes
EMP11447,28,Male,Sales,Sales Representative,7980,7,4,1,2,No,4.0,4,3,Travel_Rarely,10.0,4,Other,Single,6647,1305,72,1,3,3,2,4,1,2,No
EMP11448,35,Male,Sales,Sales Representative,5150,1,1,1,1,Yes,2.0,1,2,Travel_Frequently,7.0,3,Marketing,Single,16514,1446,75,2,3,4,1,3,2,2,Yes
EMP11449,18,Male,Sales,Sales Executive,3290,0,0,0,0,No,2.0,3,1,Travel_Frequently,7.0,3,Technical Degree,Divorced,25786,1236,101,4,2,3,0,0,2,2,Yes
EMP11450,39,Male,Sales,Sales Executive,6550,3,2,1,0,No,3.0,3,2,Travel_Rarely,18.0,4,Life Sciences,Married,18251,1358,53,3,4,1,1,2,4,2,No
EMP11451,50,Female,Research & Development,Laboratory Technician,4430,3,1,2,3,No,1.0,1,2,Travel_Frequently,15.0,2,Other,Divorced,11275,604,53,3,3,3,0,4,2,2,Yes
EMP11452,23,Female,Research & Development,Healthcare Representative,5490,5,4,1,0,No,3.0,3,2,Travel_Rarely,9.0,4,Marketing,Single,15539,1194,39,1,4,4,0,2,1,2,No
EMP11453,32,Male,Sales,Sales Representative,2610,3,1,2,3,No,4.0,3,1,Travel_Frequently,18.0,3,Technical Degree,Divorced,18622,318,97,2,3,3,2,4,2,3,Yes
EMP11454,40,Male,Research & Development,Research Scientist,3750,5,2,1,5,No,4.0,2,1,Travel_Rarely,12.0,3,Life Sciences,Married,12807,264,86,1,4,2,1,1,3,3,No
EMP11455,48,Male,Research & Development,Laboratory Technician,4210,11,7,2,5,No,4.0,2,1,Travel_Rarely,13.0,5,Other,Married,12985,480,73,1,1,1,1,4,4,2,No
EMP11456,33,Female,Sales,Manager,12080,14,10,3,2,No,1.0,1,4,Travel_Rarely,11.0,4,Human Resources,Married,16419,1307,102,3,3,3,0,3,2,2,No
EMP11457,31,Male,Sales,Sales Representative,5480,4,3,3,4,No,4.0,4,2,Travel_Rarely,6.0,3,Other,Married,5786,468,104,3,1,3,0,2,3,3,No
EMP11458,19,Female,Sales,Manager,8290,1,1,1,1,Yes,3.0,3,3,Travel_Rarely,8.0,4,Life Sciences,Married,13304,107,77,4,1,2,3,1,3,2,Yes
EMP11459,38,Female,Research & Development,Healthcare Representative,8300,19,13,13,1,No,2.0,3,3,Travel_Rarely,2.0,3,Life Sciences,Single,10629,547,106,2,2,4,0,3,1,2,No
EMP11460,55,Male,Sales,Sales Executive,5110,14,1,4,2,Yes,3.0,1,1,Travel_Rarely,12.0,3,Life Sciences,Married,10296,1277,56,2,3,3,1,1,1,2,No
EMP11461,39,Male,Research & Development,Manufacturing Director,6380,10,3,1,6,No,4.0,3,2,Travel_Rarely,5.0,5,Life Sciences,Married,16872,133,59,3,4,3,1,2,1,2,No
EMP11462,37,Female,Sales,Sales Representative,6970,3,2,1,3,No,3.0,1,3,Travel_Rarely,14.0,4,Other,Single,14669,596,75,1,3,3,0,3,1,2,No
EMP11463,40,Male,Research & Development,Research Scientist,6040,4,1,2,4,No,4.0,3,2,Travel_Rarely,7.0,4,Life Sciences,Single,9260,963,41,4,3,3,3,2,1,2,No
EMP11464,37,Male,Sales,Sales Executive,12720,10,7,1,6,Yes,3.0,3,4,Travel_Rarely,29.0,3,Life Sciences,Married,12456,121,89,3,4,3,0,4,1,2,No
EMP11465,30,Male,Human Resources,Human Resources,3530,1,1,0,1,No,3.0,4,1,Travel_Rarely,11.0,2,Life Sciences,Single,25016,1271,48,4,3,3,1,0,2,1,No
EMP11466,44,Female,Research & Development,Research Scientist,2350,11,2,8,3,No,2.0,2,1,Travel_Frequently,3.0,2,Life Sciences,Single,26726,762,97,1,1,4,2,3,0,2,No
EMP11467,39,Female,Human Resources,Manager,7720,12,4,2,3,No,1.0,1,3,Travel_Frequently,3.0,3,Life Sciences,Divorced,15685,689,83,1,1,2,2,2,3,2,No
EMP11468,37,Female,Research & Development,Manufacturing Director,7290,5,2,5,2,No,3.0,4,3,Travel_Rarely,6.0,4,Human Resources,Single,3793,776,63,2,1,3,2,3,1,3,No
EMP11469,28,Female,Sales,Manager,16230,10,6,6,1,Yes,3.0,4,5,Travel_Frequently,5.0,3,Marketing,Married,8956,1222,36,2,1,3,2,2,1,2,No
EMP11470,49,Female,Sales,Sales Executive,4830,8,3,4,4,No,3.0,3,2,Travel_Frequently,29.0,4,Life Sciences,Married,17808,370,71,3,2,3,1,4,1,2,No
EMP10101,39,Male,Research & Development,Manufacturing Director,5660,1,0,1,1,Yes,3.0,1,2,Travel_Rarely,13.0,3,Life Sciences,Divorced,13353,474,91,2,4,3,0,4,1,2,No
